Variant,Priority,Issue Type,Report Channel,Step_count,Reassignment_count,Escalation_count,Has_Bounce,Workload_Index,Open_Hour,Is_Weekend,SLA_Violation
Variant 4,Medium,Performance Issue,Website,7,5,1.0,0,35,11,0,0
Variant 3,High,Performance Issue,App,8,5,1.0,0,40,7,0,0
Variant 9,High,Feature Request,Website,10,5,1.0,0,50,19,0,0
Variant 1,Medium,Incident,Email,6,3,0.0,0,18,18,0,0
Variant 3,Low,Performance Issue,Website,8,6,1.0,0,48,12,0,0
Variant 7,Medium,Bug,Email,15,8,3.0,0,120,5,1,1
Variant 1,Low,Feature Request,Email,6,3,0.0,0,18,7,0,0
Variant 3,Medium,Incident,Website,8,5,1.0,0,40,4,0,0
Variant 3,Medium,Maintenance,Website,8,4,1.0,0,32,23,1,0
Variant 2,High,Service Request,Email,4,3,0.0,1,12,6,0,0
Variant 3,Medium,Feature Request,Email,8,5,1.0,0,40,14,0,0
Variant 9,Medium,Technical Issue,App,10,5,1.0,0,50,16,1,0
Variant 1,Medium,Incident,Website,6,3,0.0,0,18,7,0,0
Variant 5,Medium,Bug,Email,12,5,1.0,1,60,11,0,0
Variant 3,Medium,Technical Issue,Website,8,4,1.0,0,32,9,0,0
Variant 3,High,Technical Issue,Website,8,5,1.0,0,40,12,1,0
Variant 1,Medium,Performance Issue,Website,6,3,0.0,0,18,5,0,0
Variant 1,Low,Technical Issue,Website,6,3,0.0,0,18,2,1,0
Variant 3,Low,Incident,Email,8,5,1.0,0,40,21,1,0
Variant 3,Medium,Performance Issue,Website,8,4,1.0,0,32,14,0,0
Variant 3,Medium,Incident,Email,8,3,1.0,0,24,1,0,0
Variant 6,Medium,Performance Issue,Email,10,5,2.0,0,50,16,0,0
Variant 4,High,Bug,Email,7,3,1.0,0,21,15,1,0
Variant 3,Low,Performance Issue,Website,8,5,1.0,0,40,20,1,0
Variant 1,Low,Performance Issue,Email,6,3,0.0,0,18,5,0,0
Variant 3,Medium,Incident,Website,8,4,1.0,0,32,7,0,0
Variant 1,Low,Performance Issue,App,6,3,0.0,0,18,20,0,0
Variant 3,Medium,Service Request,Website,8,4,1.0,0,32,17,1,0
Variant 5,Medium,Technical Issue,Phone,12,5,1.0,1,60,7,0,0
Variant 4,Low,Feature Request,Email,7,4,1.0,0,28,15,0,0
Variant 10,Medium,Incident,Website,6,4,1.0,1,24,7,1,0
Variant 3,High,Performance Issue,Website,8,4,1.0,0,32,2,1,0
Variant 6,Low,Bug,Email,10,7,2.0,0,70,7,1,0
Variant 1,Low,Technical Issue,Email,6,2,0.0,0,12,23,0,0
Variant 3,Low,Performance Issue,Email,8,4,1.0,0,32,1,0,0
Variant 3,Medium,Performance Issue,Website,8,5,1.0,0,40,3,0,0
Variant 1,Medium,Feature Request,Website,6,3,0.0,0,18,17,0,0
Variant 1,Low,Bug,Email,6,3,0.0,0,18,4,1,0
Variant 1,Medium,Performance Issue,Email,6,3,0.0,0,18,18,0,0
Variant 8,Low,Feature Request,Website,10,3,0.0,0,30,14,0,0
Variant 3,Medium,Feature Request,Email,8,4,1.0,0,32,5,0,0
Variant 1,Medium,Bug,Website,6,3,0.0,0,18,6,0,0
Variant 3,Medium,Incident,Website,8,3,1.0,0,24,3,1,0
Variant 7,Medium,Bug,Email,15,7,3.0,0,105,19,0,0
Variant 7,Medium,Bug,Email,15,8,3.0,0,120,12,0,0
Variant 1,Low,Performance Issue,Email,6,2,0.0,0,12,19,0,0
Variant 3,Medium,Technical Issue,Website,8,4,1.0,0,32,1,1,0
Variant 6,Medium,Incident,Email,10,7,2.0,0,70,20,0,0
Variant 1,Low,Performance Issue,Website,6,3,0.0,0,18,20,1,0
Variant 3,Medium,Service Request,Website,8,4,1.0,0,32,21,1,0
Variant 3,Low,Feature Request,Email,8,5,1.0,0,40,5,1,0
Variant 1,Medium,Incident,Email,6,3,0.0,0,18,19,0,0
Variant 1,Medium,Incident,Website,6,3,0.0,0,18,16,0,0
Variant 3,Low,Performance Issue,Website,8,6,1.0,0,48,7,1,0
Variant 3,Medium,Performance Issue,Email,8,4,1.0,0,32,3,0,0
Variant 11,High,Bug,Website,6,3,0.0,0,18,21,1,0
Variant 3,High,Performance Issue,Website,8,4,1.0,0,32,17,0,0
Variant 7,Medium,Bug,Website,15,6,3.0,0,90,12,1,0
Variant 3,High,Feature Request,Email,8,3,1.0,0,24,10,1,0
Variant 3,Medium,Performance Issue,Website,8,4,1.0,0,32,4,1,0
Variant 3,Medium,Performance Issue,Email,8,5,1.0,0,40,0,1,0
Variant 8,Low,Performance Issue,Website,10,3,0.0,0,30,5,1,0
Variant 2,Medium,Technical Issue,Email,4,3,0.0,1,12,9,1,0
Variant 1,Medium,Feature Request,Website,6,2,0.0,0,12,5,1,0
Variant 4,Medium,Feature Request,Email,7,6,1.0,0,42,5,0,0
Variant 3,Medium,Performance Issue,Website,8,5,1.0,0,40,14,0,0
Variant 2,High,Incident,Email,4,3,0.0,1,12,14,0,0
Variant 5,Medium,Performance Issue,Website,12,5,1.0,1,60,22,0,0
Variant 4,High,Feature Request,Email,7,4,1.0,0,28,0,0,0
Variant 1,Medium,Feature Request,Email,6,3,0.0,0,18,20,0,0
Variant 4,Low,Bug,Email,7,4,1.0,0,28,23,0,0
Variant 3,Medium,Feature Request,Website,8,5,1.0,0,40,7,0,0
Variant 3,Medium,Incident,Website,8,6,1.0,0,48,3,0,0
Variant 3,Low,Technical Issue,Website,8,5,1.0,0,40,0,0,0
Variant 3,Low,Performance Issue,Website,8,5,1.0,0,40,16,0,0
Variant 1,Medium,Incident,Email,6,2,0.0,0,12,9,0,0
Variant 3,Low,Incident,Website,8,5,1.0,0,40,16,0,0
Variant 1,Medium,Performance Issue,Email,6,3,0.0,0,18,3,0,0
Variant 4,Medium,Feature Request,Website,7,5,1.0,0,35,8,0,0
Variant 1,Medium,Bug,Email,6,2,0.0,0,12,18,0,0
Variant 1,Medium,Bug,Website,6,3,0.0,0,18,19,0,0
Variant 1,Medium,Feature Request,Email,6,2,0.0,0,12,18,0,0
Variant 3,Low,Service Request,Website,8,4,1.0,0,32,8,0,0
Variant 12,Low,Bug,Email,6,3,0.0,0,18,17,0,0
Variant 1,Medium,Service Request,Email,6,3,0.0,0,18,11,0,0
Variant 3,Medium,Performance Issue,Website,8,3,1.0,0,24,9,1,0
Variant 1,Low,Feature Request,Email,6,3,0.0,0,18,11,1,0
Variant 5,Medium,Maintenance,Website,12,6,1.0,1,72,10,0,0
Variant 3,Low,Feature Request,Email,8,6,1.0,0,48,22,0,0
Variant 5,Medium,Performance Issue,Email,12,6,1.0,1,72,18,0,0
Variant 1,Medium,Feature Request,Phone,6,2,0.0,0,12,23,0,0
Variant 3,Medium,Service Request,Email,8,5,1.0,0,40,19,0,0
Variant 3,High,Performance Issue,Website,8,5,1.0,0,40,16,0,0
Variant 3,Low,Performance Issue,Email,8,6,1.0,0,48,0,0,0
Variant 2,Medium,Maintenance,Website,4,2,0.0,1,8,14,0,0
Variant 3,Medium,Performance Issue,Email,8,5,1.0,0,40,19,0,0
Variant 3,Medium,Incident,Website,8,4,1.0,0,32,13,0,0
Variant 1,Low,Bug,Email,6,3,0.0,0,18,13,1,0
Variant 1,Low,Service Request,Website,6,2,0.0,0,12,21,0,0
Variant 1,Medium,Technical Issue,Email,6,2,0.0,0,12,16,0,0
Variant 3,Low,Performance Issue,Website,8,4,1.0,0,32,11,0,0
Variant 4,Medium,Bug,Website,7,4,1.0,0,28,9,0,0
Variant 8,Low,Performance Issue,Website,10,3,0.0,0,30,11,0,0
Variant 1,Low,Maintenance,Website,6,3,0.0,0,18,4,0,0
Variant 1,Medium,Performance Issue,Email,6,3,0.0,0,18,17,0,0
Variant 3,Low,Performance Issue,App,8,3,1.0,0,24,13,1,0
Variant 4,Medium,Performance Issue,Email,7,4,1.0,0,28,18,0,0
Variant 1,Low,Performance Issue,Website,6,3,0.0,0,18,3,1,0
Variant 3,Medium,Performance Issue,Email,8,5,1.0,0,40,22,0,0
Variant 4,Medium,Bug,Email,7,4,1.0,0,28,12,0,0
Variant 3,Medium,Feature Request,Website,8,4,1.0,0,32,23,1,0
Variant 3,Low,Technical Issue,Website,8,3,1.0,0,24,19,0,0
Variant 5,Medium,Bug,Email,12,5,1.0,1,60,23,0,0
Variant 3,Low,Incident,Website,8,5,1.0,0,40,2,0,0
Variant 1,Medium,Bug,Email,6,3,0.0,0,18,12,0,0
Variant 5,Medium,Technical Issue,Email,12,5,1.0,1,60,5,0,0
Variant 3,Medium,Incident,Website,8,4,1.0,0,32,22,0,0
Variant 1,Medium,Feature Request,Website,6,2,0.0,0,12,21,0,0
Variant 4,High,Incident,Email,7,3,1.0,0,21,15,0,0
Variant 1,High,Bug,Email,6,3,0.0,0,18,6,0,0
Variant 3,High,Performance Issue,Website,8,5,1.0,0,40,20,0,0
Variant 3,Low,Performance Issue,Website,8,4,1.0,0,32,6,0,0
Variant 1,Medium,Performance Issue,Email,6,3,0.0,0,18,7,0,0
Variant 4,Medium,Technical Issue,Email,7,4,1.0,0,28,19,0,0
Variant 1,Medium,Maintenance,Website,6,3,0.0,0,18,1,0,0
Variant 5,High,Bug,Email,12,6,1.0,1,72,12,1,1
Variant 1,Medium,Incident,Email,6,3,0.0,0,18,1,0,0
Variant 3,Medium,Performance Issue,Email,8,4,1.0,0,32,10,1,0
Variant 8,Low,Performance Issue,Website,10,3,0.0,0,30,23,0,0
Variant 12,Low,Feature Request,Website,6,3,0.0,0,18,0,1,0
Variant 1,Medium,Incident,Website,6,2,0.0,0,12,6,0,0
Variant 3,Medium,Performance Issue,App,8,4,1.0,0,32,12,0,0
Variant 6,Medium,Service Request,Website,10,5,2.0,0,50,10,0,0
Variant 3,Medium,Performance Issue,Website,8,4,1.0,0,32,10,0,0
Variant 3,High,Service Request,Website,8,5,1.0,0,40,4,0,0
Variant 1,Medium,Bug,Email,6,2,0.0,0,12,5,1,0
Variant 3,Medium,Service Request,Email,8,4,1.0,0,32,20,0,0
Variant 3,High,Performance Issue,App,8,5,1.0,0,40,8,0,0
Variant 3,Medium,Feature Request,Website,8,6,1.0,0,48,0,0,0
Variant 1,Low,Technical Issue,Email,6,3,0.0,0,18,15,1,0
Variant 3,Low,Performance Issue,Website,8,4,1.0,0,32,0,0,0
Variant 3,Medium,Performance Issue,Email,8,5,1.0,0,40,7,0,0
Variant 3,Medium,Service Request,Website,8,4,1.0,0,32,13,0,0
Variant 1,Medium,Bug,Website,6,3,0.0,0,18,4,0,0
Variant 1,Low,Feature Request,Email,6,2,0.0,0,12,1,1,0
Variant 3,Medium,Feature Request,Website,8,5,1.0,0,40,16,0,0
Variant 8,Medium,Performance Issue,Website,10,3,0.0,0,30,0,0,0
Variant 1,High,Incident,Email,6,2,0.0,0,12,9,0,0
Variant 1,Medium,Feature Request,Phone,6,3,0.0,0,18,17,0,0
Variant 1,Medium,Feature Request,App,6,2,0.0,0,12,19,1,0
Variant 11,High,Bug,Website,6,4,0.0,0,24,22,1,0
Variant 3,Medium,Performance Issue,Email,8,4,1.0,0,32,21,1,0
Variant 5,Medium,Incident,Website,12,5,1.0,1,60,14,0,0
Variant 1,Medium,Maintenance,Website,6,3,0.0,0,18,12,0,0
Variant 8,Medium,Bug,App,10,3,0.0,0,30,21,1,0
Variant 8,Medium,Incident,Email,10,3,0.0,0,30,11,1,0
Variant 12,Medium,Performance Issue,Website,6,3,0.0,0,18,9,0,0
Variant 1,Medium,Feature Request,Website,6,3,0.0,0,18,8,0,0
Variant 3,Medium,Incident,App,8,4,1.0,0,32,6,1,0
Variant 3,Low,Technical Issue,Website,8,3,1.0,0,24,21,0,0
Variant 1,High,Bug,Website,6,3,0.0,0,18,14,0,0
Variant 3,Medium,Service Request,Website,8,5,1.0,0,40,2,0,0
Variant 1,Medium,Performance Issue,Email,6,2,0.0,0,12,14,1,0
Variant 3,Low,Performance Issue,Email,8,4,1.0,0,32,9,0,0
Variant 3,Medium,Performance Issue,Email,8,4,1.0,0,32,19,1,0
Variant 2,High,Performance Issue,Website,4,2,0.0,1,8,2,0,0
Variant 4,Medium,Service Request,Email,7,4,1.0,0,28,20,1,0
Variant 1,Medium,Incident,Email,6,3,0.0,0,18,2,1,0
Variant 3,Medium,Performance Issue,Email,8,6,1.0,0,48,13,0,0
Variant 3,Medium,Service Request,Website,8,4,1.0,0,32,12,1,0
Variant 6,High,Feature Request,Website,10,8,2.0,0,80,11,1,0
Variant 1,Low,Bug,Email,6,3,0.0,0,18,13,0,0
Variant 3,Medium,Performance Issue,Phone,8,3,1.0,0,24,9,0,0
Variant 1,Medium,Feature Request,Email,6,3,0.0,0,18,5,1,0
Variant 5,Medium,Service Request,Website,12,6,1.0,1,72,4,1,0
Variant 1,Medium,Bug,Website,6,3,0.0,0,18,12,1,0
Variant 4,High,Incident,Website,7,5,1.0,0,35,22,0,0
Variant 3,High,Performance Issue,Website,8,5,1.0,0,40,15,0,0
Variant 1,Low,Incident,Email,6,3,0.0,0,18,23,0,0
Variant 3,High,Maintenance,Email,8,4,1.0,0,32,0,0,0
Variant 3,Medium,Performance Issue,App,8,4,1.0,0,32,8,0,0
Variant 1,High,Bug,Email,6,3,0.0,0,18,6,1,0
Variant 1,Low,Bug,Email,6,3,0.0,0,18,1,0,0
Variant 3,Low,Feature Request,Website,8,4,1.0,0,32,7,1,0
Variant 1,High,Maintenance,Website,6,2,0.0,0,12,1,1,0
Variant 2,High,Bug,Website,4,3,0.0,1,12,3,0,0
Variant 1,Medium,Performance Issue,Website,6,3,0.0,0,18,17,1,0
Variant 2,High,Bug,Email,4,2,0.0,1,8,21,1,0
Variant 3,Medium,Performance Issue,Website,8,5,1.0,0,40,7,0,0
Variant 1,Medium,Service Request,Website,6,3,0.0,0,18,8,0,0
Variant 3,Medium,Feature Request,Website,8,5,1.0,0,40,10,0,0
Variant 1,Medium,Bug,Email,6,2,0.0,0,12,23,0,0
Variant 5,Medium,Incident,Website,12,4,1.0,1,48,7,1,0
Variant 3,Low,Performance Issue,Website,8,5,1.0,0,40,21,0,0
Variant 4,Medium,Bug,Website,7,5,1.0,0,35,23,0,0
Variant 11,High,Bug,Email,6,3,0.0,0,18,10,0,0
Variant 1,Low,Feature Request,Website,6,3,0.0,0,18,13,0,0
Variant 3,Medium,Service Request,Website,8,4,1.0,0,32,18,1,0
Variant 1,High,Feature Request,Email,6,2,0.0,0,12,1,0,0
Variant 4,Medium,Bug,Email,7,3,1.0,0,21,13,0,0
Variant 3,Medium,Service Request,Email,8,4,1.0,0,32,15,0,0
Variant 3,High,Performance Issue,Website,8,4,1.0,0,32,3,1,0
Variant 1,Medium,Bug,Website,6,3,0.0,0,18,8,1,0
Variant 1,Low,Service Request,Website,6,3,0.0,0,18,15,0,0
Variant 1,Medium,Service Request,Website,6,2,0.0,0,12,22,0,0
Variant 1,Low,Bug,Website,6,3,0.0,0,18,3,1,0
Variant 1,Medium,Bug,Email,6,3,0.0,0,18,8,1,0
Variant 11,High,Feature Request,Email,6,3,0.0,0,18,22,0,0
Variant 4,High,Performance Issue,Email,7,4,1.0,0,28,1,1,1
Variant 1,Low,Maintenance,Email,6,3,0.0,0,18,16,0,0
Variant 1,High,Feature Request,Email,6,2,0.0,0,12,8,0,0
Variant 3,Medium,Incident,Website,8,5,1.0,0,40,6,0,0
Variant 3,Medium,Performance Issue,Email,8,4,1.0,0,32,19,0,0
Variant 3,High,Performance Issue,Website,8,5,1.0,0,40,15,0,0
Variant 3,Medium,Performance Issue,Website,8,6,1.0,0,48,0,0,0
Variant 3,Medium,Performance Issue,Website,8,5,1.0,0,40,12,0,0
Variant 3,Low,Incident,Website,8,4,1.0,0,32,19,0,0
Variant 3,Low,Feature Request,Email,8,5,1.0,0,40,16,1,0
Variant 1,High,Technical Issue,Website,6,2,0.0,0,12,19,0,0
Variant 1,Medium,Feature Request,Website,6,3,0.0,0,18,17,0,0
Variant 7,Medium,Bug,Email,15,6,3.0,0,90,15,1,0
Variant 5,Medium,Bug,Website,12,5,1.0,1,60,21,0,0
Variant 1,Medium,Maintenance,Website,6,3,0.0,0,18,4,1,0
Variant 12,High,Bug,Email,6,4,0.0,0,24,10,0,0
Variant 3,Medium,Feature Request,Website,8,4,1.0,0,32,10,1,0
Variant 3,Low,Maintenance,Website,8,4,1.0,0,32,20,1,0
Variant 1,Low,Feature Request,Website,6,3,0.0,0,18,3,1,0
Variant 3,Medium,Performance Issue,Website,8,4,1.0,0,32,21,1,0
Variant 1,Medium,Feature Request,Website,6,3,0.0,0,18,9,0,0
Variant 4,Medium,Performance Issue,Email,7,4,1.0,0,28,9,0,0
Variant 11,Medium,Incident,Website,6,3,0.0,0,18,22,0,0
Variant 1,Medium,Service Request,Website,6,2,0.0,0,12,12,1,0
Variant 3,High,Feature Request,Phone,8,4,1.0,0,32,0,0,0
Variant 1,Medium,Bug,Email,6,2,0.0,0,12,9,1,0
Variant 3,Low,Performance Issue,Email,8,4,1.0,0,32,13,0,0
Variant 3,Low,Incident,Email,8,5,1.0,0,40,15,1,0
Variant 1,Low,Feature Request,Website,6,3,0.0,0,18,9,0,0
Variant 1,Medium,Service Request,Website,6,2,0.0,0,12,20,1,0
Variant 3,Medium,Performance Issue,Email,8,4,1.0,0,32,5,0,0
Variant 3,Medium,Service Request,Website,8,6,1.0,0,48,9,0,0
Variant 1,High,Performance Issue,Email,6,3,0.0,0,18,19,0,0
Variant 3,Medium,Performance Issue,Email,8,4,1.0,0,32,18,1,0
Variant 3,Low,Service Request,Website,8,4,1.0,0,32,14,0,0
Variant 1,Low,Performance Issue,Email,6,3,0.0,0,18,16,1,0
Variant 3,Low,Feature Request,Email,8,5,1.0,0,40,20,0,0
Variant 3,Low,Performance Issue,Email,8,4,1.0,0,32,10,1,0
Variant 8,Low,Performance Issue,Website,10,2,0.0,0,20,17,1,0
Variant 1,Medium,Feature Request,Website,6,2,0.0,0,12,19,1,0
Variant 3,Low,Performance Issue,Email,8,3,1.0,0,24,22,1,0
Variant 3,Medium,Technical Issue,Website,8,6,1.0,0,48,13,1,0
Variant 1,Medium,Feature Request,Website,6,3,0.0,0,18,6,0,0
Variant 3,Medium,Feature Request,Email,8,5,1.0,0,40,15,1,0
Variant 3,Medium,Performance Issue,Website,8,4,1.0,0,32,9,0,0
Variant 3,Medium,Service Request,Website,8,5,1.0,0,40,3,1,0
Variant 3,Low,Service Request,Website,8,5,1.0,0,40,15,0,0
Variant 3,Medium,Performance Issue,Email,8,6,1.0,0,48,3,0,0
Variant 1,Medium,Incident,Phone,6,3,0.0,0,18,13,0,0
Variant 1,High,Performance Issue,Email,6,3,0.0,0,18,8,0,0
Variant 1,Medium,Performance Issue,Website,6,2,0.0,0,12,8,1,0
Variant 5,Medium,Performance Issue,Email,12,5,1.0,1,60,3,0,0
Variant 4,High,Incident,Website,7,4,1.0,0,28,21,1,0
Variant 2,Medium,Feature Request,Website,4,2,0.0,1,8,4,0,0
Variant 1,Low,Feature Request,Email,6,3,0.0,0,18,23,1,0
Variant 3,Medium,Performance Issue,Website,8,5,1.0,0,40,14,0,0
Variant 3,Low,Service Request,Website,8,4,1.0,0,32,9,1,0
Variant 5,Medium,Service Request,Email,12,5,1.0,1,60,14,1,0
Variant 3,Medium,Feature Request,Website,8,5,1.0,0,40,4,0,0
Variant 3,Medium,Incident,Website,8,3,1.0,0,24,12,0,0
Variant 1,Low,Service Request,Email,6,3,0.0,0,18,10,1,0
Variant 1,Low,Technical Issue,Email,6,2,0.0,0,12,5,1,0
Variant 3,High,Feature Request,Website,8,5,1.0,0,40,13,0,0
Variant 1,High,Incident,Website,6,3,0.0,0,18,6,0,0
Variant 4,Medium,Bug,Website,7,4,1.0,0,28,2,0,0
Variant 1,Low,Bug,Email,6,3,0.0,0,18,0,0,0
Variant 1,Medium,Performance Issue,Website,6,3,0.0,0,18,22,0,0
Variant 7,High,Bug,Website,15,6,3.0,0,90,19,1,1
Variant 1,High,Bug,Website,6,3,0.0,0,18,0,0,0
Variant 3,High,Performance Issue,Website,8,4,1.0,0,32,22,1,0
Variant 3,Medium,Performance Issue,Website,8,4,1.0,0,32,22,0,0
Variant 8,Medium,Incident,Email,10,3,0.0,0,30,18,0,0
Variant 3,Medium,Performance Issue,Email,8,4,1.0,0,32,6,0,0
Variant 1,Medium,Technical Issue,Email,6,3,0.0,0,18,22,1,0
Variant 3,Medium,Feature Request,Website,8,6,1.0,0,48,16,0,0
Variant 4,High,Bug,Website,7,4,1.0,0,28,2,0,0
Variant 8,High,Performance Issue,Website,10,3,0.0,0,30,0,0,1
Variant 1,Low,Incident,Website,6,3,0.0,0,18,12,0,0
Variant 3,Low,Performance Issue,Email,8,5,1.0,0,40,17,0,0
Variant 1,Medium,Service Request,Email,6,3,0.0,0,18,1,0,0
Variant 3,Medium,Feature Request,Email,8,5,1.0,0,40,3,0,0
Variant 3,Medium,Performance Issue,Website,8,5,1.0,0,40,21,0,0
Variant 1,Medium,Bug,Email,6,2,0.0,0,12,23,0,0
Variant 1,Low,Bug,Website,6,2,0.0,0,12,21,1,0
Variant 7,Medium,Bug,Website,15,8,3.0,0,120,7,0,0
Variant 3,High,Feature Request,Email,8,5,1.0,0,40,20,0,0
Variant 4,Low,Service Request,Email,7,4,1.0,0,28,20,1,0
Variant 3,Medium,Performance Issue,Website,8,5,1.0,0,40,11,0,0
Variant 3,Low,Maintenance,Email,8,5,1.0,0,40,23,1,0
Variant 3,Low,Service Request,Email,8,4,1.0,0,32,22,0,0
Variant 10,High,Performance Issue,Website,6,3,1.0,1,18,7,0,0
Variant 1,Medium,Bug,Email,6,3,0.0,0,18,14,1,0
Variant 1,Medium,Bug,Website,6,3,0.0,0,18,0,0,0
Variant 3,Low,Incident,Website,8,5,1.0,0,40,11,0,0
Variant 2,Low,Feature Request,Website,4,2,0.0,1,8,8,0,0
Variant 1,High,Bug,Email,6,3,0.0,0,18,13,1,0
Variant 4,Medium,Service Request,Website,7,4,1.0,0,28,8,0,0
Variant 3,Medium,Feature Request,Email,8,5,1.0,0,40,18,1,0
Variant 3,Medium,Incident,Email,8,5,1.0,0,40,15,0,0
Variant 1,Low,Incident,Email,6,3,0.0,0,18,6,0,0
Variant 1,High,Incident,App,6,2,0.0,0,12,8,0,0
Variant 3,High,Service Request,Website,8,5,1.0,0,40,1,1,0
Variant 4,High,Bug,Email,7,5,1.0,0,35,7,1,0
Variant 1,Medium,Bug,Website,6,2,0.0,0,12,12,0,0
Variant 8,High,Feature Request,Email,10,3,0.0,0,30,9,0,1
Variant 3,Medium,Maintenance,Website,8,5,1.0,0,40,19,0,0
Variant 10,High,Incident,Email,6,3,1.0,1,18,19,0,0
Variant 1,High,Maintenance,Website,6,3,0.0,0,18,22,0,0
Variant 8,Medium,Bug,Email,10,3,0.0,0,30,2,0,0
Variant 3,Medium,Service Request,Email,8,5,1.0,0,40,3,0,0
Variant 3,Medium,Performance Issue,Website,8,5,1.0,0,40,5,1,0
Variant 7,Medium,Bug,Email,15,8,3.0,0,120,7,0,0
Variant 3,High,Feature Request,Website,8,4,1.0,0,32,19,0,0
Variant 3,Medium,Performance Issue,Website,8,4,1.0,0,32,19,0,0
Variant 1,Medium,Performance Issue,Email,6,2,0.0,0,12,23,0,0
Variant 3,High,Performance Issue,Website,8,4,1.0,0,32,10,1,0
Variant 2,Low,Feature Request,Website,4,2,0.0,1,8,11,0,0
Variant 1,Medium,Performance Issue,Phone,6,3,0.0,0,18,18,0,0
Variant 3,Low,Service Request,Website,8,4,1.0,0,32,4,0,0
Variant 3,Medium,Feature Request,Website,8,5,1.0,0,40,10,0,0
Variant 1,Medium,Feature Request,Website,6,2,0.0,0,12,4,1,0
Variant 1,Medium,Service Request,Email,6,3,0.0,0,18,11,0,0
Variant 2,Medium,Performance Issue,App,4,3,0.0,1,12,23,0,0
Variant 2,Medium,Incident,Website,4,3,0.0,1,12,1,0,0
Variant 1,Medium,Bug,Email,6,3,0.0,0,18,16,1,0
Variant 1,High,Feature Request,App,6,3,0.0,0,18,4,0,0
Variant 1,Medium,Incident,Website,6,3,0.0,0,18,22,1,0
Variant 1,Low,Performance Issue,Website,6,2,0.0,0,12,10,0,0
Variant 2,High,Bug,Website,4,2,0.0,1,8,23,1,0
Variant 3,Low,Feature Request,App,8,4,1.0,0,32,22,0,0
Variant 3,Medium,Incident,Email,8,4,1.0,0,32,19,0,0
Variant 1,Low,Incident,Email,6,2,0.0,0,12,12,1,0
Variant 1,Medium,Bug,Phone,6,3,0.0,0,18,18,0,0
Variant 1,Medium,Incident,App,6,3,0.0,0,18,5,0,0
Variant 1,Medium,Incident,Website,6,2,0.0,0,12,16,1,0
Variant 1,Medium,Incident,Email,6,3,0.0,0,18,2,0,0
Variant 1,High,Bug,Email,6,3,0.0,0,18,2,0,0
Variant 3,Low,Performance Issue,Email,8,6,1.0,0,48,12,1,0
Variant 1,High,Incident,Email,6,3,0.0,0,18,5,1,0
Variant 9,Low,Feature Request,Website,10,4,1.0,0,40,5,0,0
Variant 3,High,Performance Issue,Website,8,6,1.0,0,48,19,0,0
Variant 3,High,Performance Issue,Email,8,6,1.0,0,48,16,0,0
Variant 1,Medium,Service Request,Phone,6,3,0.0,0,18,17,0,0
Variant 3,Low,Performance Issue,Email,8,3,1.0,0,24,20,1,0
Variant 3,Low,Performance Issue,Website,8,3,1.0,0,24,19,0,0
Variant 4,Medium,Incident,Website,7,3,1.0,0,21,21,0,0
Variant 3,Medium,Feature Request,Website,8,4,1.0,0,32,22,0,0
Variant 3,High,Service Request,Phone,8,6,1.0,0,48,19,1,0
Variant 1,Medium,Performance Issue,Email,6,3,0.0,0,18,0,0,0
Variant 3,Low,Performance Issue,Email,8,5,1.0,0,40,21,0,0
Variant 3,Medium,Performance Issue,Email,8,4,1.0,0,32,22,0,0
Variant 1,Low,Technical Issue,Email,6,3,0.0,0,18,5,0,0
Variant 1,Medium,Bug,Website,6,3,0.0,0,18,18,0,0
Variant 1,Medium,Performance Issue,Website,6,3,0.0,0,18,17,0,0
Variant 8,Medium,Incident,Website,10,3,0.0,0,30,3,1,0
Variant 1,Low,Feature Request,Website,6,3,0.0,0,18,23,0,0
Variant 7,High,Bug,Website,15,7,3.0,0,105,6,1,1
Variant 3,Medium,Feature Request,App,8,4,1.0,0,32,9,0,0
Variant 3,Medium,Feature Request,Website,8,4,1.0,0,32,2,0,0
Variant 1,Low,Bug,Website,6,3,0.0,0,18,14,1,0
Variant 1,Low,Feature Request,Website,6,3,0.0,0,18,18,0,0
Variant 1,Medium,Technical Issue,Website,6,3,0.0,0,18,23,1,0
Variant 1,Medium,Bug,Website,6,3,0.0,0,18,20,1,0
Variant 1,Medium,Service Request,Website,6,3,0.0,0,18,20,1,0
Variant 3,High,Performance Issue,Website,8,6,1.0,0,48,15,0,1
Variant 3,Medium,Performance Issue,Website,8,4,1.0,0,32,15,1,0
Variant 1,Medium,Feature Request,Email,6,3,0.0,0,18,19,0,0
Variant 8,High,Maintenance,Email,10,3,0.0,0,30,1,1,1
Variant 1,High,Service Request,Email,6,3,0.0,0,18,23,0,0
Variant 1,Low,Bug,App,6,2,0.0,0,12,11,0,0
Variant 3,Low,Performance Issue,Website,8,3,1.0,0,24,23,0,0
Variant 3,Medium,Incident,Email,8,4,1.0,0,32,15,1,0
Variant 8,High,Feature Request,Website,10,3,0.0,0,30,13,1,1
Variant 1,High,Bug,Website,6,3,0.0,0,18,23,0,0
Variant 1,Low,Performance Issue,Email,6,3,0.0,0,18,12,1,0
Variant 13,Low,Bug,Email,11,5,1.0,0,55,21,0,0
Variant 5,High,Incident,Website,12,6,1.0,1,72,14,0,1
Variant 1,Medium,Bug,Email,6,3,0.0,0,18,19,1,0
Variant 3,High,Feature Request,Website,8,5,1.0,0,40,6,0,0
Variant 1,Medium,Bug,Email,6,3,0.0,0,18,18,0,0
Variant 1,Low,Performance Issue,Email,6,2,0.0,0,12,4,1,0
Variant 3,High,Performance Issue,Email,8,6,1.0,0,48,18,0,0
Variant 1,High,Performance Issue,Email,6,3,0.0,0,18,17,1,0
Variant 3,Low,Feature Request,Website,8,3,1.0,0,24,15,0,0
Variant 3,Medium,Incident,Website,8,4,1.0,0,32,23,1,0
Variant 1,Medium,Technical Issue,Website,6,3,0.0,0,18,12,0,0
Variant 1,Medium,Feature Request,Website,6,3,0.0,0,18,0,1,0
Variant 2,Low,Maintenance,Website,4,2,0.0,1,8,2,0,0
Variant 3,Medium,Performance Issue,Email,8,4,1.0,0,32,9,0,0
Variant 3,Medium,Performance Issue,Email,8,3,1.0,0,24,15,1,0
Variant 5,Medium,Feature Request,Email,12,5,1.0,1,60,17,0,0
Variant 3,Medium,Performance Issue,App,8,4,1.0,0,32,17,0,0
Variant 3,Low,Performance Issue,Email,8,5,1.0,0,40,12,0,0
Variant 1,Low,Feature Request,Website,6,3,0.0,0,18,6,1,0
Variant 1,Medium,Bug,Website,6,3,0.0,0,18,3,0,0
Variant 2,High,Feature Request,Email,4,2,0.0,1,8,13,0,0
Variant 4,Low,Performance Issue,Website,7,4,1.0,0,28,13,0,0
Variant 3,Medium,Feature Request,Website,8,6,1.0,0,48,2,0,0
Variant 1,Low,Bug,Email,6,3,0.0,0,18,5,0,0
Variant 3,Low,Performance Issue,Email,8,5,1.0,0,40,5,1,0
Variant 8,Medium,Incident,Website,10,2,0.0,0,20,7,0,0
Variant 3,Medium,Performance Issue,Email,8,4,1.0,0,32,7,0,0
Variant 1,Medium,Incident,Website,6,2,0.0,0,12,1,0,0
Variant 3,Low,Performance Issue,Email,8,5,1.0,0,40,6,0,0
Variant 1,Medium,Feature Request,Website,6,3,0.0,0,18,5,0,0
Variant 3,High,Technical Issue,Website,8,4,1.0,0,32,23,0,0
Variant 3,Low,Feature Request,Email,8,5,1.0,0,40,13,0,0
Variant 4,Medium,Incident,Website,7,5,1.0,0,35,11,1,0
Variant 1,Medium,Incident,Website,6,2,0.0,0,12,13,0,0
Variant 7,Medium,Bug,Website,15,7,3.0,0,105,8,1,0
Variant 4,Low,Feature Request,Website,7,4,1.0,0,28,12,0,0
Variant 8,Low,Bug,Website,10,3,0.0,0,30,9,0,0
Variant 4,Medium,Feature Request,Email,7,4,1.0,0,28,18,1,0
Variant 3,Medium,Maintenance,Email,8,5,1.0,0,40,1,0,0
Variant 8,Medium,Bug,Website,10,3,0.0,0,30,8,1,0
Variant 3,Low,Technical Issue,Email,8,5,1.0,0,40,22,0,0
Variant 1,Medium,Feature Request,Website,6,3,0.0,0,18,12,0,0
Variant 3,Low,Incident,Email,8,3,1.0,0,24,10,0,0
Variant 3,High,Incident,App,8,3,1.0,0,24,14,0,0
Variant 1,Medium,Bug,Email,6,3,0.0,0,18,18,0,0
Variant 12,High,Technical Issue,Website,6,3,0.0,0,18,18,0,0
Variant 3,Medium,Feature Request,Email,8,5,1.0,0,40,18,0,0
Variant 1,Low,Performance Issue,Phone,6,3,0.0,0,18,4,0,0
Variant 7,High,Bug,Website,15,7,3.0,0,105,15,1,1
Variant 3,Medium,Performance Issue,Email,8,4,1.0,0,32,19,1,0
Variant 1,Medium,Bug,Email,6,2,0.0,0,12,8,0,0
Variant 1,Low,Bug,Website,6,3,0.0,0,18,16,0,0
Variant 9,Medium,Service Request,Email,10,4,1.0,0,40,16,1,0
Variant 3,Medium,Performance Issue,Phone,8,5,1.0,0,40,13,0,0
Variant 3,Medium,Technical Issue,Website,8,5,1.0,0,40,10,0,0
Variant 1,High,Bug,Email,6,2,0.0,0,12,13,0,0
Variant 9,Low,Feature Request,Email,10,5,1.0,0,50,6,0,0
Variant 3,Medium,Service Request,Website,8,5,1.0,0,40,1,1,0
Variant 1,Low,Performance Issue,Email,6,3,0.0,0,18,17,0,0
Variant 3,High,Performance Issue,Website,8,6,1.0,0,48,14,0,0
Variant 3,High,Performance Issue,Website,8,5,1.0,0,40,0,0,0
Variant 3,Medium,Performance Issue,Email,8,3,1.0,0,24,2,0,0
Variant 1,High,Feature Request,Email,6,3,0.0,0,18,5,0,0
Variant 1,Medium,Incident,Phone,6,3,0.0,0,18,23,0,0
Variant 1,High,Feature Request,Email,6,3,0.0,0,18,10,0,0
Variant 3,Low,Feature Request,Website,8,5,1.0,0,40,14,0,0
Variant 11,Medium,Feature Request,Email,6,2,0.0,0,12,6,1,0
Variant 9,Medium,Incident,Phone,10,4,1.0,0,40,15,0,0
Variant 3,High,Service Request,Website,8,4,1.0,0,32,21,1,0
Variant 3,Medium,Service Request,Email,8,5,1.0,0,40,16,0,0
Variant 3,Low,Incident,Website,8,4,1.0,0,32,22,1,0
Variant 1,Medium,Bug,Website,6,3,0.0,0,18,22,0,0
Variant 3,Medium,Performance Issue,Website,8,5,1.0,0,40,4,1,0
Variant 1,Low,Bug,App,6,3,0.0,0,18,16,0,0
Variant 1,Medium,Bug,Website,6,3,0.0,0,18,20,1,0
Variant 1,Medium,Performance Issue,Phone,6,3,0.0,0,18,10,0,0
Variant 1,Medium,Bug,Email,6,2,0.0,0,12,13,0,0
Variant 3,Medium,Performance Issue,Email,8,5,1.0,0,40,21,0,0
Variant 1,High,Service Request,Email,6,3,0.0,0,18,12,1,0
Variant 3,Low,Performance Issue,Website,8,4,1.0,0,32,19,0,0
Variant 1,Low,Incident,Website,6,3,0.0,0,18,22,1,0
Variant 3,Low,Service Request,Email,8,3,1.0,0,24,16,1,0
Variant 4,Low,Bug,Website,7,6,1.0,0,42,9,1,0
Variant 4,Medium,Maintenance,Website,7,4,1.0,0,28,19,0,0
Variant 3,Medium,Feature Request,Website,8,4,1.0,0,32,0,1,0
Variant 6,Low,Performance Issue,Email,10,7,2.0,0,70,2,1,0
Variant 3,Low,Performance Issue,Phone,8,6,1.0,0,48,17,1,0
Variant 3,Medium,Performance Issue,Website,8,4,1.0,0,32,12,1,0
Variant 4,Medium,Feature Request,Email,7,6,1.0,0,42,17,1,0
Variant 1,Medium,Incident,Email,6,2,0.0,0,12,17,1,0
Variant 1,High,Bug,Website,6,2,0.0,0,12,15,0,0
Variant 2,High,Feature Request,App,4,3,0.0,1,12,20,0,0
Variant 1,High,Bug,Email,6,2,0.0,0,12,8,0,0
Variant 1,Medium,Feature Request,App,6,3,0.0,0,18,14,1,0
Variant 5,Medium,Incident,Email,12,5,1.0,1,60,20,1,0
Variant 1,Medium,Performance Issue,Website,6,2,0.0,0,12,8,0,0
Variant 3,High,Feature Request,Email,8,4,1.0,0,32,3,0,0
Variant 4,Medium,Bug,Phone,7,5,1.0,0,35,15,0,0
Variant 10,High,Performance Issue,Website,6,4,1.0,1,24,17,0,0
Variant 3,Low,Performance Issue,Website,8,4,1.0,0,32,15,1,0
Variant 1,Low,Incident,Email,6,2,0.0,0,12,7,0,0
Variant 1,Medium,Incident,Website,6,2,0.0,0,12,5,0,0
Variant 10,Low,Incident,App,6,4,1.0,1,24,9,1,0
Variant 1,Low,Bug,Website,6,3,0.0,0,18,12,0,0
Variant 4,Low,Service Request,Website,7,5,1.0,0,35,22,0,0
Variant 3,Medium,Technical Issue,Website,8,4,1.0,0,32,10,0,0
Variant 6,Medium,Bug,Email,10,7,2.0,0,70,8,1,0
Variant 3,Low,Performance Issue,Email,8,5,1.0,0,40,8,0,0
Variant 1,Medium,Incident,Email,6,3,0.0,0,18,22,0,0
Variant 9,Medium,Performance Issue,App,10,5,1.0,0,50,12,0,0
Variant 1,Low,Technical Issue,Phone,6,3,0.0,0,18,12,0,0
Variant 11,Low,Bug,Website,6,3,0.0,0,18,14,0,0
Variant 3,Medium,Performance Issue,Website,8,4,1.0,0,32,19,0,0
Variant 3,Low,Performance Issue,Phone,8,5,1.0,0,40,13,0,0
Variant 13,Medium,Bug,Email,11,5,1.0,0,55,21,0,0
Variant 8,Medium,Performance Issue,Website,10,3,0.0,0,30,16,1,0
Variant 2,High,Bug,Website,4,2,0.0,1,8,16,0,0
Variant 6,Low,Service Request,App,10,6,2.0,0,60,0,0,0
Variant 1,Low,Feature Request,Email,6,3,0.0,0,18,0,0,0
Variant 4,Medium,Bug,Website,7,4,1.0,0,28,15,1,0
Variant 1,Medium,Service Request,Website,6,3,0.0,0,18,21,0,0
Variant 1,Medium,Bug,Email,6,3,0.0,0,18,14,0,0
Variant 3,Medium,Service Request,Email,8,4,1.0,0,32,9,0,0
Variant 3,Low,Performance Issue,Email,8,4,1.0,0,32,5,0,0
Variant 3,Medium,Feature Request,Email,8,4,1.0,0,32,2,0,0
Variant 3,Low,Performance Issue,Website,8,5,1.0,0,40,3,1,0
Variant 4,Medium,Feature Request,Website,7,4,1.0,0,28,14,0,0
Variant 3,Medium,Performance Issue,Email,8,4,1.0,0,32,4,1,0
Variant 3,Medium,Feature Request,Website,8,5,1.0,0,40,16,0,0
Variant 5,Medium,Performance Issue,Website,12,6,1.0,1,72,19,1,0
Variant 1,Low,Maintenance,App,6,3,0.0,0,18,5,0,0
Variant 4,Medium,Incident,Email,7,5,1.0,0,35,18,1,0
Variant 3,Low,Performance Issue,Email,8,4,1.0,0,32,19,0,0
Variant 12,Medium,Incident,Website,6,2,0.0,0,12,15,0,0
Variant 4,High,Bug,Email,7,5,1.0,0,35,22,0,0
Variant 4,Medium,Incident,Website,7,5,1.0,0,35,12,0,0
Variant 1,High,Performance Issue,Website,6,3,0.0,0,18,6,0,0
Variant 3,Medium,Performance Issue,Website,8,4,1.0,0,32,18,0,0
Variant 7,Medium,Bug,Email,15,7,3.0,0,105,9,0,0
Variant 1,High,Service Request,Website,6,2,0.0,0,12,0,0,0
Variant 3,High,Incident,Email,8,4,1.0,0,32,22,0,0
Variant 3,Low,Incident,Website,8,4,1.0,0,32,10,0,0
Variant 4,High,Technical Issue,Email,7,5,1.0,0,35,13,0,0
Variant 4,Low,Performance Issue,Email,7,5,1.0,0,35,18,0,0
Variant 1,Low,Bug,Website,6,3,0.0,0,18,21,0,0
Variant 7,Medium,Bug,Website,15,7,3.0,0,105,9,0,0
Variant 3,Low,Performance Issue,Website,8,6,1.0,0,48,18,0,0
Variant 3,Low,Performance Issue,Website,8,4,1.0,0,32,9,0,0
Variant 1,Medium,Bug,Website,6,3,0.0,0,18,4,0,0
Variant 1,Medium,Feature Request,Email,6,2,0.0,0,12,13,0,0
Variant 2,Low,Incident,Email,4,2,0.0,1,8,11,0,0
Variant 3,High,Feature Request,Website,8,6,1.0,0,48,20,1,0
Variant 4,Low,Bug,Email,7,4,1.0,0,28,1,0,0
Variant 3,High,Performance Issue,Email,8,3,1.0,0,24,7,0,0
Variant 1,Medium,Bug,Website,6,3,0.0,0,18,1,0,0
Variant 1,Medium,Bug,Website,6,3,0.0,0,18,9,1,0
Variant 1,Low,Service Request,Email,6,2,0.0,0,12,9,0,0
Variant 3,High,Performance Issue,Phone,8,4,1.0,0,32,6,0,0
Variant 3,High,Feature Request,Website,8,6,1.0,0,48,3,0,0
Variant 1,Low,Feature Request,Email,6,3,0.0,0,18,21,0,0
Variant 11,Low,Service Request,Website,6,3,0.0,0,18,13,0,0
Variant 6,Low,Technical Issue,Website,10,6,2.0,0,60,22,1,0
Variant 3,Medium,Performance Issue,Email,8,5,1.0,0,40,21,0,0
Variant 3,High,Performance Issue,Website,8,4,1.0,0,32,19,0,1
Variant 1,Medium,Incident,Email,6,3,0.0,0,18,11,0,0
Variant 3,Low,Feature Request,Email,8,3,1.0,0,24,23,0,0
Variant 1,Medium,Performance Issue,Email,6,2,0.0,0,12,19,1,0
Variant 3,Medium,Feature Request,Website,8,4,1.0,0,32,0,0,0
Variant 1,Medium,Technical Issue,Website,6,3,0.0,0,18,5,0,0
Variant 5,Medium,Performance Issue,Website,12,5,1.0,1,60,17,1,0
Variant 2,Medium,Incident,Website,4,3,0.0,1,12,23,1,0
Variant 1,Low,Incident,Website,6,3,0.0,0,18,22,0,0
Variant 3,Low,Feature Request,Website,8,4,1.0,0,32,21,1,0
Variant 3,High,Performance Issue,Website,8,5,1.0,0,40,3,0,0
Variant 1,Medium,Feature Request,Website,6,3,0.0,0,18,17,0,0
Variant 5,Medium,Service Request,Email,12,6,1.0,1,72,23,0,0
Variant 2,Low,Bug,Website,4,2,0.0,1,8,23,1,0
Variant 1,Medium,Bug,Website,6,2,0.0,0,12,20,1,0
Variant 1,High,Incident,Email,6,3,0.0,0,18,5,1,0
Variant 4,Low,Service Request,Email,7,3,1.0,0,21,20,0,0
Variant 13,High,Bug,Website,11,5,1.0,0,55,22,0,1
Variant 1,Medium,Feature Request,Email,6,3,0.0,0,18,0,0,0
Variant 2,Low,Service Request,Email,4,2,0.0,1,8,8,0,0
Variant 3,High,Incident,Email,8,4,1.0,0,32,10,0,0
Variant 10,Low,Feature Request,Email,6,3,1.0,1,18,9,0,0
Variant 3,Medium,Technical Issue,Website,8,5,1.0,0,40,8,0,0
Variant 4,Medium,Feature Request,App,7,5,1.0,0,35,19,0,0
Variant 11,Medium,Feature Request,Website,6,3,0.0,0,18,13,1,0
Variant 3,Low,Incident,Website,8,4,1.0,0,32,11,1,0
Variant 3,Low,Service Request,App,8,4,1.0,0,32,18,0,0
Variant 3,Low,Performance Issue,Email,8,5,1.0,0,40,7,0,0
Variant 3,High,Performance Issue,Website,8,5,1.0,0,40,2,0,0
Variant 3,Medium,Performance Issue,Website,8,5,1.0,0,40,12,0,0
Variant 3,Low,Service Request,App,8,4,1.0,0,32,8,0,0
Variant 3,Low,Performance Issue,Website,8,5,1.0,0,40,20,0,0
Variant 1,Medium,Feature Request,Website,6,3,0.0,0,18,5,1,0
Variant 3,High,Maintenance,Email,8,4,1.0,0,32,3,0,0
Variant 3,High,Maintenance,Website,8,5,1.0,0,40,16,0,0
Variant 8,Medium,Bug,Website,10,3,0.0,0,30,9,0,0
Variant 3,Medium,Feature Request,Website,8,5,1.0,0,40,1,0,0
Variant 13,High,Bug,Website,11,5,1.0,0,55,12,0,1
Variant 1,Medium,Feature Request,Email,6,3,0.0,0,18,17,0,0
Variant 1,High,Bug,Email,6,3,0.0,0,18,4,0,0
Variant 3,Medium,Performance Issue,Website,8,4,1.0,0,32,18,0,0
Variant 3,Low,Performance Issue,Website,8,5,1.0,0,40,13,0,0
Variant 1,Medium,Feature Request,Email,6,3,0.0,0,18,8,0,0
Variant 3,Medium,Service Request,Website,8,3,1.0,0,24,16,0,0
Variant 6,Low,Bug,Email,10,7,2.0,0,70,20,0,0
Variant 4,Medium,Performance Issue,Email,7,4,1.0,0,28,19,0,0
Variant 5,Medium,Bug,App,12,4,1.0,1,48,10,0,0
Variant 3,Medium,Performance Issue,Website,8,4,1.0,0,32,22,0,0
Variant 1,High,Feature Request,Website,6,3,0.0,0,18,22,1,0
Variant 4,Medium,Bug,Website,7,5,1.0,0,35,16,0,0
Variant 4,Medium,Bug,Email,7,4,1.0,0,28,1,1,0
Variant 1,Medium,Performance Issue,Email,6,3,0.0,0,18,23,0,0
Variant 3,High,Incident,Website,8,5,1.0,0,40,9,1,1
Variant 1,Low,Bug,Email,6,2,0.0,0,12,7,0,0
Variant 1,Medium,Feature Request,Email,6,3,0.0,0,18,0,0,0
Variant 4,Low,Bug,Email,7,5,1.0,0,35,9,1,0
Variant 3,Low,Performance Issue,Email,8,3,1.0,0,24,13,0,0
Variant 1,Low,Feature Request,Website,6,3,0.0,0,18,4,0,0
Variant 3,Low,Feature Request,Email,8,3,1.0,0,24,11,0,0
Variant 3,Medium,Incident,Website,8,5,1.0,0,40,21,1,0
Variant 3,Low,Feature Request,Email,8,4,1.0,0,32,13,1,0
Variant 1,Low,Incident,Email,6,2,0.0,0,12,2,0,0
Variant 1,Low,Feature Request,Email,6,3,0.0,0,18,22,1,0
Variant 3,Medium,Service Request,Email,8,4,1.0,0,32,14,0,0
Variant 3,Medium,Maintenance,Website,8,5,1.0,0,40,0,0,0
Variant 1,Medium,Bug,Website,6,3,0.0,0,18,23,0,0
Variant 3,Medium,Performance Issue,Website,8,5,1.0,0,40,18,0,0
Variant 5,Medium,Incident,Email,12,5,1.0,1,60,0,0,0
Variant 2,Medium,Bug,App,4,2,0.0,1,8,12,0,0
Variant 1,Medium,Bug,Website,6,3,0.0,0,18,23,1,0
Variant 4,Low,Feature Request,Website,7,5,1.0,0,35,3,0,0
Variant 1,Low,Maintenance,Phone,6,3,0.0,0,18,12,0,0
Variant 12,Medium,Performance Issue,Website,6,3,0.0,0,18,12,1,0
Variant 1,Low,Bug,Email,6,2,0.0,0,12,1,1,0
Variant 3,Medium,Technical Issue,App,8,5,1.0,0,40,11,0,0
Variant 3,High,Feature Request,Website,8,5,1.0,0,40,4,1,0
Variant 1,Medium,Incident,Email,6,2,0.0,0,12,10,1,0
Variant 1,Medium,Incident,Email,6,2,0.0,0,12,11,1,0
Variant 8,Medium,Performance Issue,Website,10,3,0.0,0,30,0,0,0
Variant 3,High,Feature Request,Website,8,4,1.0,0,32,20,1,0
Variant 3,Low,Performance Issue,Website,8,3,1.0,0,24,12,0,0
Variant 3,Low,Performance Issue,App,8,4,1.0,0,32,4,1,0
Variant 10,High,Bug,Email,6,4,1.0,1,24,23,1,0
Variant 3,Medium,Technical Issue,Email,8,5,1.0,0,40,0,0,0
Variant 1,Low,Feature Request,Email,6,3,0.0,0,18,11,0,0
Variant 3,Medium,Feature Request,Website,8,4,1.0,0,32,23,0,0
Variant 5,High,Feature Request,Email,12,5,1.0,1,60,21,0,1
Variant 4,Medium,Bug,Email,7,4,1.0,0,28,11,1,0
Variant 3,High,Feature Request,Website,8,3,1.0,0,24,2,1,0
Variant 4,Medium,Bug,Website,7,6,1.0,0,42,2,0,0
Variant 3,Medium,Performance Issue,Email,8,4,1.0,0,32,2,1,0
Variant 12,High,Performance Issue,Website,6,4,0.0,0,24,19,1,0
Variant 3,Low,Performance Issue,Email,8,5,1.0,0,40,2,0,0
Variant 3,Medium,Performance Issue,Email,8,4,1.0,0,32,0,0,0
Variant 11,Medium,Maintenance,Website,6,3,0.0,0,18,4,0,0
Variant 3,Low,Performance Issue,Website,8,5,1.0,0,40,20,1,0
Variant 3,High,Performance Issue,Email,8,5,1.0,0,40,9,1,0
Variant 4,Medium,Bug,Email,7,5,1.0,0,35,17,0,0
Variant 3,Low,Performance Issue,Website,8,5,1.0,0,40,12,0,0
Variant 1,High,Performance Issue,Website,6,3,0.0,0,18,16,1,0
Variant 1,High,Bug,Phone,6,2,0.0,0,12,0,0,0
Variant 3,High,Performance Issue,Phone,8,4,1.0,0,32,7,1,0
Variant 1,Medium,Bug,Website,6,2,0.0,0,12,5,0,0
Variant 3,High,Performance Issue,Email,8,5,1.0,0,40,20,0,0
Variant 11,Medium,Feature Request,Email,6,4,0.0,0,24,12,1,0
Variant 1,Medium,Performance Issue,Website,6,3,0.0,0,18,1,1,0
Variant 2,Medium,Performance Issue,Email,4,2,0.0,1,8,2,1,0
Variant 1,Medium,Service Request,Website,6,3,0.0,0,18,12,0,0
Variant 1,Low,Performance Issue,Website,6,3,0.0,0,18,18,0,0
Variant 3,Medium,Performance Issue,Website,8,4,1.0,0,32,4,1,0
Variant 3,Medium,Technical Issue,Email,8,4,1.0,0,32,3,0,0
Variant 1,Medium,Feature Request,Website,6,2,0.0,0,12,8,1,0
Variant 1,Medium,Technical Issue,Email,6,3,0.0,0,18,20,1,0
Variant 1,High,Feature Request,Email,6,3,0.0,0,18,13,0,0
Variant 1,Medium,Incident,Website,6,3,0.0,0,18,21,1,0
Variant 1,Medium,Feature Request,App,6,3,0.0,0,18,21,0,0
Variant 9,Medium,Maintenance,Email,10,5,1.0,0,50,9,1,0
Variant 10,High,Feature Request,Website,6,4,1.0,1,24,21,0,0
Variant 4,Medium,Performance Issue,Website,7,5,1.0,0,35,7,0,0
Variant 1,Medium,Bug,Website,6,3,0.0,0,18,10,0,0
Variant 1,Medium,Service Request,Website,6,3,0.0,0,18,14,0,0
Variant 3,High,Feature Request,Email,8,5,1.0,0,40,7,0,0
Variant 1,Medium,Feature Request,Email,6,3,0.0,0,18,4,1,0
Variant 1,Medium,Feature Request,Website,6,3,0.0,0,18,2,1,0
Variant 3,Medium,Feature Request,Website,8,4,1.0,0,32,6,0,0
Variant 3,Low,Performance Issue,Website,8,4,1.0,0,32,18,0,0
Variant 1,Medium,Service Request,Website,6,2,0.0,0,12,20,0,0
Variant 3,Low,Performance Issue,Website,8,4,1.0,0,32,6,1,0
Variant 1,Low,Bug,Email,6,3,0.0,0,18,4,1,0
Variant 1,High,Incident,Email,6,3,0.0,0,18,17,1,0
Variant 3,Medium,Maintenance,Website,8,5,1.0,0,40,22,0,0
Variant 2,High,Incident,Email,4,3,0.0,1,12,22,0,0
Variant 4,Medium,Service Request,Website,7,4,1.0,0,28,0,0,0
Variant 3,High,Incident,Website,8,4,1.0,0,32,10,1,0
Variant 4,High,Bug,Email,7,4,1.0,0,28,7,1,0
Variant 2,Low,Bug,Email,4,2,0.0,1,8,9,1,0
Variant 3,Medium,Incident,Email,8,5,1.0,0,40,5,0,0
Variant 3,Low,Technical Issue,Website,8,6,1.0,0,48,22,0,0
Variant 3,Medium,Performance Issue,App,8,5,1.0,0,40,21,0,0
Variant 9,Medium,Incident,Email,10,5,1.0,0,50,22,0,0
Variant 7,Medium,Bug,Email,15,7,3.0,0,105,15,1,0
Variant 3,Low,Service Request,Email,8,4,1.0,0,32,20,0,0
Variant 9,High,Bug,Website,10,5,1.0,0,50,10,0,0
Variant 1,Medium,Feature Request,Email,6,2,0.0,0,12,20,0,0
Variant 1,High,Feature Request,Website,6,3,0.0,0,18,13,0,0
Variant 1,High,Service Request,Website,6,3,0.0,0,18,4,1,0
Variant 3,Medium,Performance Issue,Website,8,5,1.0,0,40,20,0,0
Variant 1,High,Feature Request,Website,6,3,0.0,0,18,18,0,0
Variant 1,Low,Feature Request,Email,6,2,0.0,0,12,17,0,0
Variant 3,Low,Performance Issue,Website,8,5,1.0,0,40,0,0,0
Variant 1,Low,Service Request,Website,6,2,0.0,0,12,12,0,0
Variant 3,Medium,Performance Issue,Email,8,5,1.0,0,40,5,1,0
Variant 1,Low,Bug,Website,6,2,0.0,0,12,12,1,0
Variant 3,Medium,Incident,Email,8,5,1.0,0,40,20,1,0
Variant 1,High,Technical Issue,Website,6,3,0.0,0,18,16,0,0
Variant 1,Low,Incident,Website,6,2,0.0,0,12,18,1,0
Variant 1,Low,Performance Issue,Website,6,3,0.0,0,18,14,0,0
Variant 12,Medium,Performance Issue,Website,6,3,0.0,0,18,23,0,0
Variant 4,Medium,Feature Request,Website,7,4,1.0,0,28,23,0,0
Variant 1,Medium,Performance Issue,Website,6,3,0.0,0,18,19,1,0
Variant 4,Low,Bug,Website,7,4,1.0,0,28,9,1,0
Variant 3,Low,Feature Request,Website,8,5,1.0,0,40,20,1,0
Variant 1,High,Service Request,Email,6,3,0.0,0,18,15,0,0
Variant 2,Low,Bug,Website,4,3,0.0,1,12,13,0,0
Variant 11,Medium,Bug,Website,6,3,0.0,0,18,0,0,0
Variant 1,Low,Performance Issue,Website,6,3,0.0,0,18,0,0,0
Variant 3,Low,Incident,Website,8,5,1.0,0,40,23,1,0
Variant 3,Low,Performance Issue,Website,8,6,1.0,0,48,6,1,0
Variant 1,Low,Incident,Website,6,2,0.0,0,12,16,0,0
Variant 1,Low,Feature Request,Website,6,3,0.0,0,18,6,0,0
Variant 7,High,Bug,Website,15,7,3.0,0,105,15,0,1
Variant 3,Medium,Performance Issue,Website,8,4,1.0,0,32,2,1,0
Variant 3,Medium,Feature Request,Website,8,6,1.0,0,48,18,1,0
Variant 8,Medium,Bug,Website,10,3,0.0,0,30,17,0,0
Variant 1,Medium,Bug,App,6,3,0.0,0,18,7,1,0
Variant 3,Medium,Feature Request,Website,8,3,1.0,0,24,3,0,0
Variant 4,Medium,Feature Request,Email,7,4,1.0,0,28,20,0,0
Variant 8,Medium,Bug,Email,10,3,0.0,0,30,2,1,0
Variant 6,Medium,Maintenance,Website,10,6,2.0,0,60,6,0,0
Variant 3,High,Performance Issue,Website,8,5,1.0,0,40,9,0,0
Variant 3,Medium,Maintenance,Website,8,5,1.0,0,40,6,0,0
Variant 3,Low,Feature Request,Email,8,4,1.0,0,32,23,0,0
Variant 3,Low,Incident,Website,8,5,1.0,0,40,17,0,0
Variant 4,Low,Feature Request,Website,7,4,1.0,0,28,10,0,0
Variant 1,Low,Incident,Website,6,3,0.0,0,18,8,1,0
Variant 3,High,Performance Issue,Website,8,5,1.0,0,40,9,0,1
Variant 3,Medium,Incident,Website,8,5,1.0,0,40,9,1,0
Variant 3,High,Feature Request,Website,8,4,1.0,0,32,1,1,0
Variant 3,High,Incident,Website,8,4,1.0,0,32,12,0,0
Variant 3,Low,Service Request,App,8,4,1.0,0,32,11,0,0
Variant 3,Low,Performance Issue,Website,8,6,1.0,0,48,3,0,0
Variant 1,Low,Bug,Website,6,3,0.0,0,18,4,1,0
Variant 3,Medium,Feature Request,Website,8,5,1.0,0,40,16,0,0
Variant 2,Medium,Bug,Email,4,2,0.0,1,8,8,0,0
Variant 4,Medium,Bug,Website,7,4,1.0,0,28,7,0,0
Variant 3,Low,Performance Issue,Website,8,5,1.0,0,40,6,1,0
Variant 4,Medium,Technical Issue,Email,7,5,1.0,0,35,19,1,0
Variant 1,Medium,Performance Issue,Website,6,2,0.0,0,12,6,0,0
Variant 4,Medium,Feature Request,Website,7,4,1.0,0,28,18,1,0
Variant 3,High,Service Request,Website,8,4,1.0,0,32,16,0,0
Variant 4,Low,Feature Request,Website,7,5,1.0,0,35,11,0,0
Variant 10,High,Feature Request,Email,6,4,1.0,1,24,11,0,0
Variant 1,High,Incident,Email,6,3,0.0,0,18,6,0,0
Variant 1,Medium,Service Request,Website,6,2,0.0,0,12,19,0,0
Variant 3,Low,Performance Issue,Email,8,5,1.0,0,40,11,0,0
Variant 3,High,Feature Request,Email,8,6,1.0,0,48,23,0,0
Variant 7,Medium,Bug,Website,15,8,3.0,0,120,11,1,0
Variant 3,Low,Maintenance,Email,8,6,1.0,0,48,6,1,0
Variant 9,Medium,Bug,Website,10,5,1.0,0,50,15,0,0
Variant 3,High,Feature Request,Email,8,5,1.0,0,40,4,1,0
Variant 1,Low,Bug,Website,6,2,0.0,0,12,6,0,0
Variant 3,Low,Incident,Email,8,5,1.0,0,40,9,1,0
Variant 3,Low,Feature Request,Website,8,5,1.0,0,40,3,1,0
Variant 1,Low,Feature Request,Website,6,3,0.0,0,18,15,0,0
Variant 7,High,Bug,Website,15,9,3.0,0,135,5,0,1
Variant 3,Medium,Feature Request,Email,8,4,1.0,0,32,23,0,0
Variant 1,Medium,Feature Request,Email,6,3,0.0,0,18,20,1,0
Variant 7,High,Bug,Website,15,6,3.0,0,90,15,0,1
Variant 1,Low,Incident,App,6,3,0.0,0,18,3,0,0
Variant 3,Medium,Service Request,Website,8,4,1.0,0,32,13,1,0
Variant 1,Medium,Performance Issue,Website,6,3,0.0,0,18,9,1,0
Variant 3,Medium,Incident,Email,8,3,1.0,0,24,5,1,0
Variant 1,Low,Bug,Website,6,3,0.0,0,18,21,1,0
Variant 8,Medium,Maintenance,Website,10,3,0.0,0,30,6,1,0
Variant 4,Low,Performance Issue,App,7,5,1.0,0,35,20,0,0
Variant 3,Medium,Performance Issue,Website,8,3,1.0,0,24,19,1,0
Variant 3,High,Feature Request,Email,8,4,1.0,0,32,1,0,0
Variant 1,Medium,Service Request,Website,6,2,0.0,0,12,1,0,0
Variant 6,Low,Performance Issue,Website,10,7,2.0,0,70,10,1,0
Variant 3,High,Feature Request,Email,8,4,1.0,0,32,4,0,0
Variant 11,High,Feature Request,Website,6,3,0.0,0,18,8,0,0
Variant 10,High,Maintenance,Email,6,4,1.0,1,24,4,0,0
Variant 7,Medium,Bug,Email,15,8,3.0,0,120,15,1,0
Variant 1,Medium,Incident,Website,6,3,0.0,0,18,3,0,0
Variant 1,Medium,Bug,Email,6,3,0.0,0,18,3,0,0
Variant 5,Medium,Performance Issue,Email,12,4,1.0,1,48,15,0,0
Variant 2,Medium,Feature Request,Website,4,2,0.0,1,8,16,0,0
Variant 3,Medium,Performance Issue,Email,8,3,1.0,0,24,4,0,0
Variant 3,High,Performance Issue,Website,8,5,1.0,0,40,19,1,0
Variant 1,Low,Bug,Website,6,3,0.0,0,18,13,0,0
Variant 3,Medium,Performance Issue,Email,8,5,1.0,0,40,20,1,0
Variant 4,Medium,Feature Request,Website,7,4,1.0,0,28,18,0,0
Variant 1,Medium,Bug,Website,6,2,0.0,0,12,2,1,0
Variant 4,Low,Bug,Website,7,4,1.0,0,28,12,0,0
Variant 3,High,Feature Request,Email,8,4,1.0,0,32,11,0,1
Variant 10,Medium,Feature Request,App,6,4,1.0,1,24,2,0,0
Variant 3,Low,Technical Issue,Phone,8,5,1.0,0,40,8,0,0
Variant 3,Low,Performance Issue,Website,8,4,1.0,0,32,21,1,0
Variant 4,High,Bug,Website,7,4,1.0,0,28,2,0,0
Variant 1,High,Feature Request,Phone,6,2,0.0,0,12,11,0,0
Variant 3,Medium,Performance Issue,Website,8,4,1.0,0,32,11,0,0
Variant 3,Medium,Feature Request,Website,8,3,1.0,0,24,20,1,0
Variant 3,Low,Feature Request,Website,8,4,1.0,0,32,11,1,0
Variant 3,Low,Incident,App,8,4,1.0,0,32,13,0,0
Variant 4,Medium,Bug,Website,7,4,1.0,0,28,21,1,0
Variant 1,Low,Incident,Website,6,3,0.0,0,18,10,0,0
Variant 1,Medium,Service Request,Website,6,2,0.0,0,12,22,0,0
Variant 1,Medium,Incident,Website,6,3,0.0,0,18,11,0,0
Variant 3,High,Incident,Email,8,5,1.0,0,40,22,1,0
Variant 10,Medium,Feature Request,Website,6,4,1.0,1,24,23,0,0
Variant 7,High,Bug,Email,15,8,3.0,0,120,7,0,1
Variant 4,Low,Bug,Email,7,3,1.0,0,21,7,0,0
Variant 6,Low,Bug,Website,10,6,2.0,0,60,13,1,0
Variant 10,Low,Bug,Email,6,3,1.0,1,18,0,0,0
Variant 7,Medium,Bug,Website,15,8,3.0,0,120,0,0,0
Variant 5,High,Service Request,App,12,5,1.0,1,60,3,0,0
Variant 7,Medium,Bug,Email,15,9,3.0,0,135,17,0,0
Variant 4,Medium,Service Request,Website,7,4,1.0,0,28,8,0,0
Variant 2,High,Feature Request,Website,4,2,0.0,1,8,0,0,0
Variant 1,Medium,Maintenance,Website,6,2,0.0,0,12,2,0,0
Variant 1,Medium,Feature Request,Email,6,2,0.0,0,12,9,0,0
Variant 3,Medium,Performance Issue,App,8,5,1.0,0,40,2,0,0
Variant 3,Medium,Incident,Website,8,4,1.0,0,32,8,0,0
Variant 7,Medium,Bug,Email,15,7,3.0,0,105,18,0,0
Variant 3,Medium,Service Request,Website,8,4,1.0,0,32,18,0,0
Variant 3,Medium,Service Request,Website,8,5,1.0,0,40,0,0,0
Variant 1,Medium,Bug,Website,6,2,0.0,0,12,15,0,0
Variant 3,Medium,Performance Issue,Website,8,5,1.0,0,40,3,1,0
Variant 3,Medium,Performance Issue,Website,8,4,1.0,0,32,5,0,0
Variant 1,High,Bug,Email,6,2,0.0,0,12,0,0,0
Variant 1,Medium,Performance Issue,Email,6,3,0.0,0,18,18,1,0
Variant 3,Low,Service Request,Email,8,5,1.0,0,40,12,0,0
Variant 3,Medium,Service Request,Email,8,5,1.0,0,40,3,1,0
Variant 3,Low,Performance Issue,Email,8,5,1.0,0,40,12,0,0
Variant 1,Low,Incident,Email,6,3,0.0,0,18,21,1,0
Variant 4,Medium,Feature Request,Email,7,3,1.0,0,21,2,0,0
Variant 8,Medium,Bug,Website,10,2,0.0,0,20,19,0,0
Variant 3,High,Incident,Website,8,6,1.0,0,48,14,0,0
Variant 1,Medium,Service Request,Email,6,3,0.0,0,18,12,1,0
Variant 6,Medium,Incident,Email,10,5,2.0,0,50,9,0,0
Variant 1,Medium,Bug,Email,6,3,0.0,0,18,13,1,0
Variant 1,Medium,Maintenance,Website,6,2,0.0,0,12,22,0,0
Variant 3,High,Incident,Email,8,3,1.0,0,24,17,0,0
Variant 1,Low,Performance Issue,App,6,2,0.0,0,12,23,0,0
Variant 3,Medium,Performance Issue,Website,8,4,1.0,0,32,8,0,0
Variant 8,High,Feature Request,Website,10,3,0.0,0,30,14,0,1
Variant 1,Medium,Performance Issue,App,6,2,0.0,0,12,16,0,0
Variant 3,High,Performance Issue,App,8,5,1.0,0,40,21,0,0
Variant 4,Medium,Feature Request,Website,7,5,1.0,0,35,14,1,0
Variant 1,High,Performance Issue,Website,6,3,0.0,0,18,17,0,0
Variant 7,Medium,Bug,Website,15,10,3.0,0,150,15,0,0
Variant 11,Medium,Service Request,Website,6,4,0.0,0,24,5,1,0
Variant 8,Medium,Incident,Email,10,3,0.0,0,30,4,0,0
Variant 1,Medium,Bug,Website,6,3,0.0,0,18,1,0,0
Variant 6,High,Bug,Email,10,5,2.0,0,50,1,0,1
Variant 3,Medium,Performance Issue,Email,8,5,1.0,0,40,23,0,0
Variant 4,High,Bug,Email,7,5,1.0,0,35,2,0,1
Variant 3,Medium,Performance Issue,Website,8,5,1.0,0,40,9,0,0
Variant 1,High,Bug,Email,6,2,0.0,0,12,9,1,0
Variant 1,High,Feature Request,Website,6,2,0.0,0,12,19,0,0
Variant 7,Medium,Bug,Email,15,8,3.0,0,120,7,0,0
Variant 7,Medium,Bug,Website,15,8,3.0,0,120,0,0,0
Variant 5,Medium,Incident,Website,12,4,1.0,1,48,4,0,0
Variant 5,High,Maintenance,Website,12,4,1.0,1,48,8,0,1
Variant 1,Medium,Incident,Email,6,3,0.0,0,18,12,1,0
Variant 9,Medium,Incident,Email,10,5,1.0,0,50,7,0,0
Variant 1,Medium,Maintenance,Website,6,3,0.0,0,18,7,0,0
Variant 11,Medium,Service Request,Email,6,3,0.0,0,18,8,1,0
Variant 1,Medium,Bug,Email,6,3,0.0,0,18,23,0,0
Variant 3,Medium,Performance Issue,Website,8,4,1.0,0,32,16,0,0
Variant 1,High,Bug,Website,6,3,0.0,0,18,5,0,0
Variant 1,Medium,Service Request,Email,6,2,0.0,0,12,11,0,0
Variant 9,Medium,Feature Request,App,10,5,1.0,0,50,4,1,0
Variant 9,Medium,Bug,Email,10,4,1.0,0,40,13,0,0
Variant 4,Medium,Incident,Website,7,5,1.0,0,35,8,0,0
Variant 4,High,Performance Issue,Email,7,4,1.0,0,28,23,0,0
Variant 3,Medium,Performance Issue,Email,8,5,1.0,0,40,7,0,0
Variant 3,Medium,Incident,Email,8,4,1.0,0,32,2,0,0
Variant 3,Medium,Feature Request,Phone,8,4,1.0,0,32,7,0,0
Variant 11,High,Incident,Email,6,3,0.0,0,18,21,0,0
Variant 10,High,Bug,Email,6,3,1.0,1,18,13,0,0
Variant 1,Medium,Feature Request,Website,6,2,0.0,0,12,16,0,0
Variant 1,Low,Bug,Website,6,3,0.0,0,18,8,0,0
Variant 3,High,Maintenance,Email,8,3,1.0,0,24,3,0,0
Variant 1,Medium,Incident,Email,6,2,0.0,0,12,9,0,0
Variant 3,High,Performance Issue,Email,8,5,1.0,0,40,6,0,0
Variant 3,Medium,Maintenance,Website,8,4,1.0,0,32,8,1,0
Variant 9,Medium,Bug,Phone,10,5,1.0,0,50,9,0,0
Variant 3,High,Performance Issue,Website,8,4,1.0,0,32,9,0,0
Variant 3,Medium,Service Request,Email,8,5,1.0,0,40,15,1,0
Variant 7,Medium,Bug,Website,15,7,3.0,0,105,14,1,1
Variant 4,High,Performance Issue,Email,7,4,1.0,0,28,22,0,0
Variant 1,High,Performance Issue,Email,6,3,0.0,0,18,4,0,0
Variant 12,Low,Incident,Website,6,3,0.0,0,18,7,0,0
Variant 3,Low,Incident,Website,8,5,1.0,0,40,19,1,0
Variant 3,High,Performance Issue,Website,8,4,1.0,0,32,4,1,0
Variant 7,High,Bug,Email,15,9,3.0,0,135,22,0,1
Variant 1,Medium,Performance Issue,Website,6,3,0.0,0,18,11,0,0
Variant 3,Medium,Incident,Email,8,4,1.0,0,32,23,1,0
Variant 9,High,Feature Request,Email,10,5,1.0,0,50,17,1,0
Variant 1,Medium,Bug,Email,6,3,0.0,0,18,16,0,0
Variant 1,Medium,Feature Request,Website,6,3,0.0,0,18,12,0,0
Variant 1,Medium,Bug,Website,6,3,0.0,0,18,12,1,0
Variant 3,Low,Technical Issue,Email,8,4,1.0,0,32,20,1,0
Variant 2,Low,Bug,App,4,2,0.0,1,8,7,0,0
Variant 3,High,Feature Request,Website,8,5,1.0,0,40,10,0,0
Variant 3,Low,Feature Request,Email,8,5,1.0,0,40,5,1,0
Variant 3,Medium,Performance Issue,App,8,5,1.0,0,40,16,1,0
Variant 4,Medium,Incident,Email,7,5,1.0,0,35,17,0,0
Variant 4,Medium,Performance Issue,Phone,7,4,1.0,0,28,22,0,0
Variant 8,High,Service Request,Website,10,3,0.0,0,30,15,1,1
Variant 7,High,Bug,Phone,15,7,3.0,0,105,14,0,1
Variant 1,Medium,Incident,Email,6,3,0.0,0,18,20,1,0
Variant 7,Medium,Bug,Email,15,9,3.0,0,135,10,1,1
Variant 1,High,Service Request,Email,6,3,0.0,0,18,6,0,0
Variant 3,Medium,Feature Request,Website,8,4,1.0,0,32,3,1,0
Variant 3,Medium,Service Request,Website,8,4,1.0,0,32,4,0,0
Variant 1,Medium,Performance Issue,Website,6,3,0.0,0,18,4,0,0
Variant 2,Medium,Incident,Email,4,2,0.0,1,8,10,1,0
Variant 6,Medium,Service Request,Email,10,5,2.0,0,50,1,0,0
Variant 1,Medium,Performance Issue,App,6,2,0.0,0,12,4,1,0
Variant 3,Medium,Maintenance,Website,8,4,1.0,0,32,16,1,0
Variant 2,Low,Performance Issue,Email,4,2,0.0,1,8,12,0,0
Variant 12,Medium,Bug,Website,6,3,0.0,0,18,15,0,0
Variant 3,Medium,Feature Request,Website,8,4,1.0,0,32,9,0,0
Variant 3,High,Technical Issue,Website,8,4,1.0,0,32,10,0,0
Variant 3,Low,Maintenance,Email,8,4,1.0,0,32,10,0,0
Variant 3,High,Incident,Website,8,4,1.0,0,32,22,0,0
Variant 7,Medium,Bug,Email,15,8,3.0,0,120,8,1,0
Variant 3,Low,Incident,Phone,8,5,1.0,0,40,0,0,0
Variant 1,Medium,Incident,Email,6,2,0.0,0,12,5,0,0
Variant 1,Medium,Performance Issue,Website,6,3,0.0,0,18,18,0,0
Variant 12,Low,Incident,App,6,3,0.0,0,18,12,0,0
Variant 2,Low,Bug,Website,4,2,0.0,1,8,5,0,0
Variant 3,High,Feature Request,Website,8,5,1.0,0,40,1,1,0
Variant 3,Medium,Incident,Email,8,5,1.0,0,40,4,0,0
Variant 3,High,Service Request,Email,8,5,1.0,0,40,16,0,0
Variant 1,Medium,Incident,Website,6,3,0.0,0,18,22,0,0
Variant 2,Low,Feature Request,Email,4,2,0.0,1,8,12,0,0
Variant 1,High,Bug,Website,6,2,0.0,0,12,22,1,0
Variant 3,High,Performance Issue,Website,8,5,1.0,0,40,5,0,0
Variant 3,Medium,Incident,Website,8,4,1.0,0,32,22,0,0
Variant 3,High,Performance Issue,Email,8,4,1.0,0,32,14,1,0
Variant 3,Low,Incident,Email,8,4,1.0,0,32,4,0,0
Variant 1,Low,Performance Issue,Website,6,3,0.0,0,18,9,0,0
Variant 3,Medium,Feature Request,Website,8,5,1.0,0,40,8,1,0
Variant 3,Low,Performance Issue,Email,8,4,1.0,0,32,22,1,0
Variant 11,High,Incident,Email,6,2,0.0,0,12,5,0,0
Variant 3,Low,Performance Issue,Email,8,5,1.0,0,40,7,0,0
Variant 9,Medium,Bug,Website,10,5,1.0,0,50,16,0,0
Variant 3,Medium,Service Request,Phone,8,5,1.0,0,40,21,0,0
Variant 3,Low,Performance Issue,Website,8,4,1.0,0,32,17,0,0
Variant 11,Low,Technical Issue,Website,6,3,0.0,0,18,12,0,0
Variant 1,Medium,Bug,Website,6,3,0.0,0,18,11,0,0
Variant 1,Medium,Bug,Website,6,3,0.0,0,18,10,0,0
Variant 3,Low,Feature Request,Website,8,4,1.0,0,32,11,0,0
Variant 3,High,Feature Request,App,8,4,1.0,0,32,9,0,0
Variant 3,Low,Performance Issue,Website,8,5,1.0,0,40,0,1,0
Variant 1,Low,Feature Request,Website,6,3,0.0,0,18,14,0,0
Variant 3,Medium,Performance Issue,Website,8,3,1.0,0,24,10,0,0
Variant 1,Medium,Performance Issue,Phone,6,2,0.0,0,12,20,0,0
Variant 1,Low,Bug,Email,6,3,0.0,0,18,9,0,0
Variant 3,Medium,Feature Request,Phone,8,4,1.0,0,32,9,1,0
Variant 9,Low,Bug,Email,10,4,1.0,0,40,3,0,0
Variant 1,Medium,Feature Request,Website,6,2,0.0,0,12,8,1,0
Variant 1,Low,Bug,Website,6,2,0.0,0,12,10,1,0
Variant 3,Medium,Incident,Email,8,5,1.0,0,40,10,1,0
Variant 1,Medium,Bug,Email,6,3,0.0,0,18,17,0,0
Variant 3,Medium,Performance Issue,Website,8,4,1.0,0,32,13,0,0
Variant 3,Low,Performance Issue,Email,8,4,1.0,0,32,10,0,0
Variant 1,Low,Bug,Website,6,2,0.0,0,12,16,0,0
Variant 8,Medium,Bug,Email,10,3,0.0,0,30,18,1,0
Variant 2,Medium,Feature Request,Email,4,3,0.0,1,12,13,0,0
Variant 5,Medium,Service Request,Email,12,6,1.0,1,72,18,0,0
Variant 10,Low,Service Request,Email,6,3,1.0,1,18,21,1,0
Variant 3,Medium,Performance Issue,Website,8,4,1.0,0,32,6,0,0
Variant 3,High,Performance Issue,App,8,3,1.0,0,24,17,0,0
Variant 3,Medium,Performance Issue,Website,8,4,1.0,0,32,20,0,0
Variant 3,Low,Service Request,App,8,3,1.0,0,24,17,1,0
Variant 8,Medium,Bug,Email,10,3,0.0,0,30,18,1,0
Variant 1,High,Incident,Email,6,3,0.0,0,18,4,0,0
Variant 1,High,Bug,Phone,6,3,0.0,0,18,21,0,0
Variant 1,Low,Incident,Website,6,2,0.0,0,12,21,1,0
Variant 3,Low,Feature Request,Website,8,5,1.0,0,40,22,0,0
Variant 3,Medium,Performance Issue,Website,8,5,1.0,0,40,15,0,0
Variant 3,Medium,Performance Issue,Email,8,6,1.0,0,48,4,1,0
Variant 3,Medium,Service Request,Website,8,4,1.0,0,32,10,1,0
Variant 1,Low,Bug,Email,6,3,0.0,0,18,13,1,0
Variant 3,Low,Incident,Website,8,3,1.0,0,24,21,0,0
Variant 1,Medium,Feature Request,Email,6,2,0.0,0,12,3,1,0
Variant 3,Medium,Performance Issue,Website,8,4,1.0,0,32,1,0,0
Variant 5,Medium,Technical Issue,Website,12,4,1.0,1,48,3,1,0
Variant 3,Medium,Service Request,Website,8,4,1.0,0,32,10,1,0
Variant 1,Medium,Performance Issue,Email,6,3,0.0,0,18,22,0,0
Variant 5,Medium,Maintenance,Email,12,4,1.0,1,48,15,0,0
Variant 1,High,Bug,Website,6,2,0.0,0,12,8,0,0
Variant 1,High,Bug,App,6,3,0.0,0,18,6,0,0
Variant 3,Medium,Technical Issue,Email,8,4,1.0,0,32,9,0,0
Variant 3,Low,Performance Issue,Email,8,5,1.0,0,40,22,0,0
Variant 8,Medium,Bug,App,10,3,0.0,0,30,13,1,0
Variant 6,Medium,Incident,Phone,10,7,2.0,0,70,19,1,0
Variant 11,Medium,Bug,Website,6,3,0.0,0,18,1,0,0
Variant 1,Medium,Incident,App,6,2,0.0,0,12,20,1,0
Variant 7,Medium,Bug,Email,15,7,3.0,0,105,13,0,0
Variant 1,High,Bug,Email,6,3,0.0,0,18,12,1,0
Variant 1,Low,Technical Issue,Website,6,2,0.0,0,12,10,0,0
Variant 1,Low,Feature Request,Website,6,3,0.0,0,18,23,0,0
Variant 10,Medium,Bug,Email,6,3,1.0,1,18,20,0,0
Variant 4,Medium,Performance Issue,App,7,4,1.0,0,28,13,1,0
Variant 3,Low,Incident,Website,8,4,1.0,0,32,21,1,0
Variant 3,Low,Service Request,Website,8,5,1.0,0,40,21,0,0
Variant 3,Low,Service Request,Website,8,3,1.0,0,24,19,1,0
Variant 6,High,Bug,Website,10,7,2.0,0,70,21,1,0
Variant 8,Medium,Performance Issue,Website,10,3,0.0,0,30,13,0,0
Variant 1,Low,Performance Issue,Website,6,3,0.0,0,18,0,0,0
Variant 1,Low,Technical Issue,Website,6,2,0.0,0,12,20,1,0
Variant 2,High,Feature Request,Email,4,3,0.0,1,12,11,1,0
Variant 3,Medium,Incident,Website,8,5,1.0,0,40,12,0,0
Variant 3,Medium,Incident,Website,8,5,1.0,0,40,14,0,0
Variant 3,High,Performance Issue,Email,8,4,1.0,0,32,17,0,0
Variant 1,High,Technical Issue,Website,6,3,0.0,0,18,21,0,0
Variant 3,High,Performance Issue,Email,8,3,1.0,0,24,16,0,0
Variant 1,Medium,Bug,Email,6,2,0.0,0,12,7,1,0
Variant 3,Medium,Performance Issue,Website,8,5,1.0,0,40,4,0,0
Variant 7,Medium,Bug,Website,15,7,3.0,0,105,16,0,0
Variant 1,High,Bug,App,6,3,0.0,0,18,5,0,0
Variant 3,Low,Service Request,Email,8,5,1.0,0,40,15,0,0
Variant 8,Medium,Performance Issue,Website,10,3,0.0,0,30,13,0,0
Variant 5,Medium,Bug,Website,12,6,1.0,1,72,23,0,0
Variant 1,Medium,Service Request,Website,6,3,0.0,0,18,23,1,0
Variant 1,Low,Bug,Email,6,3,0.0,0,18,15,0,0
Variant 1,Low,Bug,Email,6,3,0.0,0,18,9,0,0
Variant 10,Medium,Technical Issue,Website,6,3,1.0,1,18,22,0,0
Variant 1,Low,Incident,Website,6,3,0.0,0,18,21,1,0
Variant 3,High,Feature Request,Email,8,3,1.0,0,24,12,1,0
Variant 9,High,Bug,Email,10,5,1.0,0,50,18,1,1
Variant 4,Medium,Technical Issue,Phone,7,4,1.0,0,28,19,0,0
Variant 1,Medium,Performance Issue,Email,6,3,0.0,0,18,13,1,0
Variant 1,Medium,Performance Issue,Email,6,3,0.0,0,18,17,0,0
Variant 1,Medium,Bug,Website,6,3,0.0,0,18,5,1,0
Variant 4,Medium,Bug,Website,7,4,1.0,0,28,10,0,0
Variant 3,Medium,Performance Issue,Website,8,4,1.0,0,32,1,0,0
Variant 3,High,Service Request,Email,8,3,1.0,0,24,14,1,0
Variant 1,Low,Performance Issue,Website,6,3,0.0,0,18,0,0,0
Variant 3,Low,Feature Request,Email,8,4,1.0,0,32,10,0,0
Variant 4,Low,Feature Request,Website,7,5,1.0,0,35,19,0,0
Variant 4,Medium,Bug,Website,7,5,1.0,0,35,20,0,0
Variant 2,Medium,Feature Request,Email,4,3,0.0,1,12,8,1,0
Variant 1,High,Feature Request,App,6,3,0.0,0,18,20,1,0
Variant 3,High,Performance Issue,Website,8,5,1.0,0,40,15,0,0
Variant 4,Medium,Technical Issue,Email,7,4,1.0,0,28,4,0,0
Variant 1,High,Bug,Website,6,3,0.0,0,18,9,0,0
Variant 3,Low,Performance Issue,Website,8,4,1.0,0,32,3,0,0
Variant 3,High,Technical Issue,Email,8,5,1.0,0,40,15,0,1
Variant 7,Medium,Bug,Email,15,8,3.0,0,120,0,1,0
Variant 3,High,Performance Issue,Phone,8,4,1.0,0,32,5,1,0
Variant 3,Medium,Performance Issue,Email,8,5,1.0,0,40,19,0,0
Variant 4,Low,Maintenance,Website,7,3,1.0,0,21,15,1,0
Variant 1,Medium,Feature Request,Email,6,3,0.0,0,18,13,0,0
Variant 3,High,Incident,Email,8,4,1.0,0,32,21,1,0
Variant 6,Medium,Bug,Website,10,7,2.0,0,70,2,1,0
Variant 1,High,Feature Request,Email,6,2,0.0,0,12,0,0,0
Variant 1,High,Maintenance,Website,6,3,0.0,0,18,16,0,0
Variant 4,Medium,Performance Issue,Website,7,5,1.0,0,35,10,1,0
Variant 7,High,Bug,App,15,8,3.0,0,120,7,1,1
Variant 1,Low,Incident,Website,6,3,0.0,0,18,6,1,0
Variant 1,Low,Feature Request,Website,6,3,0.0,0,18,2,0,0
Variant 1,High,Incident,Email,6,3,0.0,0,18,19,0,0
Variant 1,Medium,Technical Issue,Website,6,3,0.0,0,18,20,0,0
Variant 3,Medium,Service Request,Website,8,6,1.0,0,48,11,0,0
Variant 1,Low,Performance Issue,Website,6,3,0.0,0,18,12,1,0
Variant 8,Medium,Incident,App,10,3,0.0,0,30,5,0,0
Variant 1,High,Performance Issue,Website,6,3,0.0,0,18,11,0,0
Variant 5,Medium,Feature Request,Website,12,4,1.0,1,48,5,0,0
Variant 1,Medium,Feature Request,Email,6,3,0.0,0,18,17,1,0
Variant 3,Low,Feature Request,Website,8,5,1.0,0,40,23,0,0
Variant 3,Medium,Technical Issue,Website,8,5,1.0,0,40,14,0,0
Variant 1,High,Incident,Website,6,3,0.0,0,18,10,1,0
Variant 3,Medium,Feature Request,Website,8,4,1.0,0,32,18,1,0
Variant 3,Medium,Performance Issue,Website,8,5,1.0,0,40,1,0,0
Variant 2,High,Service Request,Website,4,2,0.0,1,8,0,0,0
Variant 1,Low,Bug,Email,6,3,0.0,0,18,13,0,0
Variant 6,Low,Performance Issue,Website,10,6,2.0,0,60,12,0,0
Variant 3,Medium,Performance Issue,Website,8,5,1.0,0,40,5,0,0
Variant 1,High,Feature Request,Email,6,3,0.0,0,18,9,0,0
Variant 1,Medium,Incident,Website,6,2,0.0,0,12,16,0,0
Variant 1,Low,Bug,Website,6,2,0.0,0,12,14,0,0
Variant 3,Low,Incident,Website,8,5,1.0,0,40,14,1,0
Variant 13,Medium,Incident,Website,11,5,1.0,0,55,0,0,0
Variant 3,Low,Performance Issue,Email,8,4,1.0,0,32,10,0,0
Variant 3,Low,Technical Issue,Website,8,4,1.0,0,32,7,0,0
Variant 4,Low,Service Request,Website,7,6,1.0,0,42,11,1,0
Variant 3,Medium,Incident,Website,8,4,1.0,0,32,3,0,0
Variant 6,Medium,Incident,Website,10,5,2.0,0,50,12,1,0
Variant 1,High,Feature Request,Website,6,2,0.0,0,12,1,0,0
Variant 3,Low,Technical Issue,Website,8,4,1.0,0,32,1,0,0
Variant 3,Medium,Feature Request,Email,8,4,1.0,0,32,1,0,0
Variant 3,Medium,Feature Request,Email,8,5,1.0,0,40,4,0,0
Variant 2,High,Bug,Website,4,3,0.0,1,12,18,1,0
Variant 4,Medium,Performance Issue,Email,7,5,1.0,0,35,7,0,0
Variant 3,Medium,Technical Issue,Website,8,5,1.0,0,40,14,0,0
Variant 8,Low,Performance Issue,Email,10,3,0.0,0,30,23,1,0
Variant 3,Low,Feature Request,Website,8,5,1.0,0,40,10,0,0
Variant 1,Medium,Bug,Website,6,2,0.0,0,12,22,0,0
Variant 3,Low,Performance Issue,Website,8,4,1.0,0,32,21,0,0
Variant 10,Medium,Technical Issue,Website,6,4,1.0,1,24,2,0,0
Variant 3,High,Performance Issue,Email,8,5,1.0,0,40,16,0,0
Variant 9,Medium,Bug,Email,10,4,1.0,0,40,23,0,0
Variant 3,Low,Feature Request,Website,8,5,1.0,0,40,13,0,0
Variant 3,Medium,Performance Issue,Website,8,5,1.0,0,40,20,0,0
Variant 10,Low,Bug,Email,6,3,1.0,1,18,6,1,0
Variant 3,Medium,Feature Request,Email,8,5,1.0,0,40,5,0,0
Variant 1,Medium,Service Request,Email,6,3,0.0,0,18,0,1,0
Variant 2,Medium,Performance Issue,Website,4,2,0.0,1,8,0,0,0
Variant 3,High,Incident,Website,8,6,1.0,0,48,4,0,0
Variant 3,Low,Feature Request,Website,8,5,1.0,0,40,22,0,0
Variant 1,Medium,Feature Request,Email,6,3,0.0,0,18,23,0,0
Variant 1,Medium,Service Request,Email,6,2,0.0,0,12,2,0,0
Variant 3,High,Performance Issue,Website,8,4,1.0,0,32,16,1,0
Variant 1,Low,Technical Issue,Website,6,3,0.0,0,18,0,0,0
Variant 3,Medium,Incident,Website,8,4,1.0,0,32,5,0,0
Variant 3,Medium,Incident,Website,8,4,1.0,0,32,11,1,0
Variant 4,Low,Bug,Website,7,4,1.0,0,28,15,1,0
Variant 10,Medium,Feature Request,Website,6,4,1.0,1,24,15,0,0
Variant 1,High,Incident,Email,6,3,0.0,0,18,21,0,0
Variant 3,Medium,Feature Request,Email,8,5,1.0,0,40,6,0,0
Variant 1,Low,Performance Issue,Email,6,2,0.0,0,12,23,1,0
Variant 1,Low,Feature Request,Website,6,2,0.0,0,12,0,0,0
Variant 3,Low,Incident,Email,8,4,1.0,0,32,19,0,0
Variant 1,Medium,Bug,Website,6,3,0.0,0,18,3,0,0
Variant 11,Low,Incident,Website,6,3,0.0,0,18,5,0,0
Variant 4,High,Bug,Email,7,5,1.0,0,35,0,0,0
Variant 3,Low,Performance Issue,Website,8,5,1.0,0,40,15,1,0
Variant 2,Medium,Feature Request,Email,4,2,0.0,1,8,2,0,0
Variant 1,Medium,Technical Issue,Email,6,2,0.0,0,12,15,0,0
Variant 3,Low,Performance Issue,Email,8,4,1.0,0,32,19,0,0
Variant 1,Medium,Bug,App,6,2,0.0,0,12,16,0,0
Variant 10,Low,Technical Issue,Email,6,3,1.0,1,18,13,0,0
Variant 3,Medium,Incident,Email,8,4,1.0,0,32,10,0,0
Variant 1,Medium,Feature Request,Email,6,3,0.0,0,18,14,0,0
Variant 3,Medium,Performance Issue,Website,8,4,1.0,0,32,18,0,0
Variant 3,Medium,Performance Issue,Email,8,3,1.0,0,24,12,0,0
Variant 3,Medium,Performance Issue,App,8,4,1.0,0,32,20,1,0
Variant 1,Low,Bug,Website,6,2,0.0,0,12,3,1,0
Variant 1,Medium,Bug,Email,6,3,0.0,0,18,11,0,0
Variant 5,Low,Bug,Email,12,4,1.0,1,48,5,1,0
Variant 1,Medium,Bug,App,6,3,0.0,0,18,15,0,0
Variant 1,Medium,Bug,Phone,6,3,0.0,0,18,15,1,0
Variant 12,High,Feature Request,Phone,6,4,0.0,0,24,8,1,0
Variant 1,Medium,Bug,Website,6,3,0.0,0,18,19,0,0
Variant 1,Medium,Bug,Website,6,3,0.0,0,18,14,0,0
Variant 1,Low,Bug,Email,6,2,0.0,0,12,10,0,0
Variant 7,Medium,Bug,Website,15,7,3.0,0,105,17,0,0
Variant 4,Low,Bug,Website,7,4,1.0,0,28,17,0,0
Variant 3,High,Performance Issue,Phone,8,5,1.0,0,40,17,0,0
Variant 1,Low,Bug,Email,6,3,0.0,0,18,14,1,0
Variant 1,Medium,Performance Issue,Email,6,2,0.0,0,12,11,0,0
Variant 1,Medium,Bug,App,6,3,0.0,0,18,5,0,0
Variant 3,Medium,Performance Issue,Website,8,3,1.0,0,24,21,1,0
Variant 8,Medium,Feature Request,Website,10,3,0.0,0,30,3,0,0
Variant 3,Medium,Incident,Website,8,5,1.0,0,40,11,0,0
Variant 5,Medium,Service Request,Website,12,5,1.0,1,60,0,0,0
Variant 3,High,Performance Issue,Website,8,5,1.0,0,40,22,0,0
Variant 10,Medium,Maintenance,Email,6,3,1.0,1,18,7,0,0
Variant 1,Low,Bug,Website,6,2,0.0,0,12,1,0,0
Variant 3,Medium,Feature Request,Email,8,5,1.0,0,40,13,0,0
Variant 10,High,Feature Request,Email,6,4,1.0,1,24,18,1,0
Variant 1,Medium,Feature Request,Website,6,3,0.0,0,18,2,0,0
Variant 3,Medium,Performance Issue,App,8,5,1.0,0,40,22,0,0
Variant 3,Low,Incident,Email,8,4,1.0,0,32,11,1,0
Variant 12,Low,Incident,Phone,6,4,0.0,0,24,20,0,0
Variant 6,Medium,Maintenance,Email,10,7,2.0,0,70,12,1,0
Variant 3,Medium,Performance Issue,Email,8,5,1.0,0,40,14,0,0
Variant 1,Medium,Bug,App,6,2,0.0,0,12,23,0,0
Variant 1,High,Feature Request,Website,6,3,0.0,0,18,6,0,0
Variant 1,Medium,Service Request,Email,6,3,0.0,0,18,18,1,0
Variant 1,Low,Feature Request,Website,6,3,0.0,0,18,12,0,0
Variant 1,Medium,Technical Issue,Phone,6,3,0.0,0,18,13,0,0
Variant 3,Low,Service Request,Website,8,4,1.0,0,32,13,0,0
Variant 1,Low,Service Request,Website,6,3,0.0,0,18,5,0,0
Variant 7,High,Bug,Email,15,9,3.0,0,135,11,0,1
Variant 3,Low,Performance Issue,Website,8,4,1.0,0,32,22,1,0
Variant 3,Medium,Performance Issue,Phone,8,4,1.0,0,32,5,1,0
Variant 1,Medium,Incident,Website,6,2,0.0,0,12,20,0,0
Variant 1,Medium,Feature Request,Website,6,3,0.0,0,18,14,0,0
Variant 1,Low,Incident,Website,6,3,0.0,0,18,16,0,0
Variant 1,Medium,Feature Request,Website,6,3,0.0,0,18,3,1,0
Variant 1,Medium,Service Request,Email,6,2,0.0,0,12,3,0,0
Variant 1,High,Service Request,Website,6,3,0.0,0,18,9,0,0
Variant 3,Medium,Performance Issue,Website,8,5,1.0,0,40,6,0,0
Variant 3,Low,Performance Issue,Phone,8,4,1.0,0,32,5,1,0
Variant 4,Low,Incident,Website,7,5,1.0,0,35,6,0,0
Variant 8,High,Bug,Website,10,3,0.0,0,30,18,0,1
Variant 3,Low,Performance Issue,Email,8,6,1.0,0,48,23,0,0
Variant 1,Low,Bug,Website,6,3,0.0,0,18,12,1,0
Variant 3,Medium,Service Request,Email,8,5,1.0,0,40,8,0,0
Variant 1,Medium,Performance Issue,Email,6,3,0.0,0,18,10,0,0
Variant 1,High,Incident,App,6,2,0.0,0,12,9,1,0
Variant 7,Medium,Bug,Email,15,8,3.0,0,120,17,1,0
Variant 3,Low,Service Request,App,8,4,1.0,0,32,21,0,0
Variant 1,High,Service Request,Email,6,3,0.0,0,18,7,1,0
Variant 1,Low,Bug,App,6,2,0.0,0,12,6,0,0
Variant 7,Medium,Bug,Website,15,8,3.0,0,120,6,0,0
Variant 12,Medium,Bug,Email,6,3,0.0,0,18,16,1,0
Variant 1,Medium,Technical Issue,Website,6,3,0.0,0,18,17,1,0
Variant 3,High,Performance Issue,Website,8,5,1.0,0,40,14,0,0
Variant 4,Medium,Feature Request,Website,7,6,1.0,0,42,12,0,0
Variant 7,Medium,Bug,Website,15,7,3.0,0,105,2,0,0
Variant 2,Low,Maintenance,Website,4,2,0.0,1,8,13,1,0
Variant 3,High,Performance Issue,Phone,8,4,1.0,0,32,0,1,0
Variant 1,Medium,Performance Issue,Email,6,2,0.0,0,12,11,0,0
Variant 7,Medium,Bug,Website,15,6,3.0,0,90,20,0,0
Variant 1,Medium,Bug,Website,6,3,0.0,0,18,2,1,0
Variant 1,Medium,Feature Request,App,6,3,0.0,0,18,19,0,0
Variant 7,Medium,Bug,Website,15,6,3.0,0,90,12,1,0
Variant 1,Low,Performance Issue,Email,6,2,0.0,0,12,21,0,0
Variant 1,Low,Feature Request,Website,6,3,0.0,0,18,6,0,0
Variant 3,Low,Performance Issue,Website,8,4,1.0,0,32,20,0,0
Variant 1,High,Incident,Website,6,3,0.0,0,18,14,0,0
Variant 1,High,Incident,Email,6,3,0.0,0,18,21,0,0
Variant 1,Medium,Bug,Website,6,3,0.0,0,18,23,0,0
Variant 1,Medium,Bug,Website,6,3,0.0,0,18,11,1,0
Variant 1,High,Incident,Website,6,3,0.0,0,18,9,0,0
Variant 3,Medium,Maintenance,Email,8,4,1.0,0,32,3,0,0
Variant 1,Medium,Feature Request,Website,6,2,0.0,0,12,22,0,0
Variant 3,High,Performance Issue,Website,8,4,1.0,0,32,23,0,0
Variant 3,Low,Incident,Email,8,4,1.0,0,32,4,0,0
Variant 5,Low,Bug,Website,12,4,1.0,1,48,2,0,0
Variant 1,Low,Service Request,Email,6,3,0.0,0,18,2,0,0
Variant 1,Low,Feature Request,Email,6,2,0.0,0,12,8,0,0
Variant 1,Medium,Feature Request,Email,6,3,0.0,0,18,18,0,0
Variant 3,High,Performance Issue,Email,8,5,1.0,0,40,7,1,0
Variant 1,Low,Bug,Website,6,3,0.0,0,18,15,1,0
Variant 9,Medium,Incident,Email,10,5,1.0,0,50,18,0,0
Variant 3,Low,Feature Request,Website,8,4,1.0,0,32,12,0,0
Variant 3,Medium,Feature Request,Email,8,5,1.0,0,40,21,0,0
Variant 1,High,Performance Issue,Email,6,3,0.0,0,18,17,1,0
Variant 3,Medium,Performance Issue,Email,8,4,1.0,0,32,7,1,0
Variant 6,Low,Bug,Website,10,5,2.0,0,50,3,0,0
Variant 1,High,Performance Issue,App,6,3,0.0,0,18,9,1,0
Variant 8,High,Service Request,Email,10,3,0.0,0,30,7,0,1
Variant 1,Low,Maintenance,App,6,3,0.0,0,18,13,0,0
Variant 11,High,Maintenance,Website,6,3,0.0,0,18,17,0,0
Variant 4,Medium,Feature Request,Website,7,4,1.0,0,28,20,1,0
Variant 3,Medium,Feature Request,Email,8,4,1.0,0,32,7,1,0
Variant 1,Low,Feature Request,Email,6,3,0.0,0,18,14,1,0
Variant 3,High,Performance Issue,Website,8,4,1.0,0,32,9,0,0
Variant 3,High,Performance Issue,Email,8,5,1.0,0,40,11,0,1
Variant 1,Medium,Bug,Email,6,2,0.0,0,12,20,0,0
Variant 3,Low,Feature Request,Email,8,4,1.0,0,32,0,1,0
Variant 3,Low,Incident,Email,8,3,1.0,0,24,14,0,0
Variant 1,Medium,Feature Request,Email,6,3,0.0,0,18,1,0,0
Variant 3,Medium,Incident,Website,8,5,1.0,0,40,18,0,0
Variant 3,Medium,Performance Issue,Website,8,4,1.0,0,32,4,0,0
Variant 3,Low,Performance Issue,Email,8,6,1.0,0,48,6,0,0
Variant 3,Medium,Performance Issue,Email,8,4,1.0,0,32,4,0,0
Variant 3,Low,Technical Issue,Email,8,4,1.0,0,32,1,1,0
Variant 3,Medium,Performance Issue,Website,8,4,1.0,0,32,9,0,0
Variant 1,Medium,Incident,Email,6,2,0.0,0,12,4,1,0
Variant 1,Medium,Performance Issue,Email,6,3,0.0,0,18,10,0,0
Variant 1,Medium,Service Request,Website,6,2,0.0,0,12,14,0,0
Variant 1,Medium,Bug,Website,6,3,0.0,0,18,4,1,0
Variant 3,Low,Incident,Website,8,4,1.0,0,32,6,0,0
Variant 6,Low,Bug,Website,10,7,2.0,0,70,10,1,0
Variant 1,Medium,Incident,App,6,2,0.0,0,12,0,0,0
Variant 1,Low,Technical Issue,Email,6,3,0.0,0,18,7,0,0
Variant 1,Medium,Bug,Website,6,3,0.0,0,18,16,1,0
Variant 1,Medium,Bug,Email,6,2,0.0,0,12,3,1,0
Variant 3,Low,Incident,Email,8,4,1.0,0,32,15,0,0
Variant 3,High,Performance Issue,Email,8,4,1.0,0,32,2,0,0
Variant 12,High,Feature Request,Website,6,3,0.0,0,18,23,1,0
Variant 4,Medium,Feature Request,Website,7,3,1.0,0,21,10,0,0
Variant 3,Low,Feature Request,Website,8,5,1.0,0,40,7,0,0
Variant 2,High,Feature Request,Website,4,2,0.0,1,8,11,1,0
Variant 3,Low,Service Request,Email,8,4,1.0,0,32,15,0,0
Variant 3,Medium,Performance Issue,Email,8,5,1.0,0,40,3,0,0
Variant 1,High,Bug,Website,6,3,0.0,0,18,5,0,0
Variant 3,Medium,Performance Issue,Website,8,4,1.0,0,32,7,0,0
Variant 3,Medium,Performance Issue,Email,8,4,1.0,0,32,17,0,0
Variant 3,Medium,Service Request,Email,8,6,1.0,0,48,16,0,0
Variant 3,Medium,Feature Request,Email,8,4,1.0,0,32,17,0,0
Variant 4,Medium,Service Request,Website,7,4,1.0,0,28,10,0,0
Variant 3,High,Performance Issue,Email,8,4,1.0,0,32,14,1,0
Variant 3,Medium,Technical Issue,Email,8,5,1.0,0,40,16,0,0
Variant 1,High,Service Request,Website,6,2,0.0,0,12,4,0,0
Variant 3,High,Performance Issue,Website,8,5,1.0,0,40,4,0,1
Variant 1,Medium,Bug,Phone,6,3,0.0,0,18,4,1,0
Variant 3,Low,Performance Issue,Website,8,4,1.0,0,32,19,1,0
Variant 1,Medium,Feature Request,Email,6,3,0.0,0,18,18,0,0
Variant 3,Medium,Performance Issue,Website,8,5,1.0,0,40,9,1,0
Variant 1,Medium,Performance Issue,Website,6,3,0.0,0,18,23,0,0
Variant 1,Medium,Bug,Website,6,3,0.0,0,18,16,0,0
Variant 9,High,Incident,Website,10,4,1.0,0,40,10,0,1
Variant 3,Medium,Feature Request,App,8,5,1.0,0,40,3,1,0
Variant 3,Medium,Service Request,Phone,8,6,1.0,0,48,21,0,0
Variant 3,Medium,Feature Request,Website,8,4,1.0,0,32,16,0,0
Variant 3,High,Performance Issue,Email,8,4,1.0,0,32,18,0,0
Variant 3,High,Performance Issue,Email,8,4,1.0,0,32,4,1,1
Variant 1,Low,Incident,Email,6,2,0.0,0,12,11,1,0
Variant 3,Medium,Feature Request,App,8,4,1.0,0,32,18,1,0
Variant 3,Low,Performance Issue,Website,8,5,1.0,0,40,3,1,0
Variant 4,Medium,Bug,App,7,3,1.0,0,21,1,1,0
Variant 3,High,Performance Issue,Website,8,4,1.0,0,32,5,0,0
Variant 11,Medium,Technical Issue,Email,6,4,0.0,0,24,1,0,0
Variant 3,Low,Performance Issue,Phone,8,4,1.0,0,32,15,0,0
Variant 1,High,Bug,Website,6,3,0.0,0,18,13,0,0
Variant 3,Low,Maintenance,Email,8,5,1.0,0,40,20,1,0
Variant 3,Medium,Feature Request,Email,8,4,1.0,0,32,5,0,0
Variant 4,Medium,Feature Request,Email,7,5,1.0,0,35,7,1,0
Variant 3,High,Service Request,Email,8,5,1.0,0,40,11,1,1
Variant 3,Low,Service Request,Phone,8,6,1.0,0,48,6,0,0
Variant 1,High,Performance Issue,Website,6,3,0.0,0,18,6,0,0
Variant 3,Medium,Incident,Website,8,6,1.0,0,48,19,1,0
Variant 3,Low,Technical Issue,Email,8,4,1.0,0,32,19,0,0
Variant 3,Low,Feature Request,Website,8,4,1.0,0,32,11,0,0
Variant 3,Medium,Incident,Email,8,4,1.0,0,32,4,1,0
Variant 3,Medium,Performance Issue,Website,8,5,1.0,0,40,10,0,0
Variant 3,High,Performance Issue,Email,8,4,1.0,0,32,16,0,1
Variant 1,Medium,Bug,Email,6,3,0.0,0,18,1,1,0
Variant 1,High,Incident,App,6,3,0.0,0,18,18,0,0
Variant 1,Medium,Bug,Phone,6,3,0.0,0,18,2,0,0
Variant 1,Medium,Feature Request,Website,6,3,0.0,0,18,1,0,0
Variant 3,Medium,Performance Issue,Website,8,5,1.0,0,40,14,0,0
Variant 7,Medium,Bug,Email,15,8,3.0,0,120,7,1,0
Variant 5,Medium,Incident,Email,12,6,1.0,1,72,6,0,0
Variant 1,Low,Feature Request,Website,6,2,0.0,0,12,2,0,0
Variant 5,Medium,Service Request,Website,12,5,1.0,1,60,23,0,0
Variant 3,Medium,Feature Request,Website,8,5,1.0,0,40,1,0,0
Variant 3,Medium,Technical Issue,Website,8,5,1.0,0,40,14,0,0
Variant 3,Medium,Technical Issue,Website,8,4,1.0,0,32,9,0,0
Variant 3,Medium,Maintenance,Email,8,5,1.0,0,40,4,0,0
Variant 1,Medium,Technical Issue,Email,6,2,0.0,0,12,7,0,0
Variant 4,Medium,Bug,Email,7,5,1.0,0,35,7,0,0
Variant 5,Medium,Bug,Website,12,5,1.0,1,60,12,1,0
Variant 4,Low,Feature Request,Website,7,4,1.0,0,28,22,1,0
Variant 3,Low,Technical Issue,Phone,8,4,1.0,0,32,2,1,0
Variant 1,Medium,Feature Request,App,6,2,0.0,0,12,12,0,0
Variant 3,Medium,Service Request,Email,8,3,1.0,0,24,10,1,0
Variant 1,Low,Performance Issue,Email,6,3,0.0,0,18,20,1,0
Variant 3,Medium,Performance Issue,Website,8,5,1.0,0,40,23,0,0
Variant 3,Low,Feature Request,Website,8,4,1.0,0,32,21,0,0
Variant 1,Low,Service Request,Email,6,2,0.0,0,12,16,1,0
Variant 10,Medium,Feature Request,Website,6,3,1.0,1,18,4,0,0
Variant 8,Medium,Technical Issue,Website,10,3,0.0,0,30,14,1,0
Variant 8,High,Bug,Website,10,2,0.0,0,20,23,0,1
Variant 4,Medium,Bug,Email,7,5,1.0,0,35,11,1,0
Variant 3,Medium,Incident,Email,8,5,1.0,0,40,9,1,0
Variant 3,Medium,Incident,Website,8,4,1.0,0,32,2,0,0
Variant 3,Medium,Performance Issue,Website,8,5,1.0,0,40,4,0,0
Variant 2,High,Incident,Email,4,2,0.0,1,8,2,1,0
Variant 1,Medium,Service Request,Website,6,3,0.0,0,18,15,0,0
Variant 3,Low,Feature Request,Website,8,5,1.0,0,40,19,0,0
Variant 3,Medium,Maintenance,Email,8,4,1.0,0,32,14,0,0
Variant 3,Medium,Performance Issue,Email,8,4,1.0,0,32,20,1,0
Variant 3,High,Performance Issue,Email,8,4,1.0,0,32,4,1,0
Variant 1,Low,Bug,Email,6,3,0.0,0,18,13,0,0
Variant 5,High,Bug,Email,12,5,1.0,1,60,10,0,1
Variant 1,Medium,Bug,Email,6,3,0.0,0,18,15,0,0
Variant 1,Medium,Feature Request,Website,6,3,0.0,0,18,5,1,0
Variant 1,Low,Performance Issue,Website,6,2,0.0,0,12,16,0,0
Variant 1,High,Performance Issue,Website,6,3,0.0,0,18,19,0,0
Variant 3,Medium,Feature Request,Website,8,4,1.0,0,32,22,0,0
Variant 3,Medium,Feature Request,Website,8,4,1.0,0,32,2,0,0
Variant 7,Medium,Bug,Website,15,7,3.0,0,105,11,0,0
Variant 10,Medium,Incident,Email,6,3,1.0,1,18,15,0,0
Variant 3,High,Performance Issue,App,8,4,1.0,0,32,9,0,0
Variant 1,Medium,Feature Request,Email,6,3,0.0,0,18,3,0,0
Variant 3,Medium,Service Request,Website,8,4,1.0,0,32,21,0,0
Variant 4,High,Technical Issue,App,7,3,1.0,0,21,2,0,0
Variant 3,Medium,Performance Issue,Website,8,4,1.0,0,32,0,0,0
Variant 3,Low,Service Request,Website,8,4,1.0,0,32,6,0,0
Variant 7,High,Bug,Website,15,9,3.0,0,135,14,0,1
Variant 12,Medium,Performance Issue,Website,6,3,0.0,0,18,1,0,0
Variant 3,Low,Feature Request,Email,8,6,1.0,0,48,20,0,0
Variant 4,Medium,Incident,Website,7,5,1.0,0,35,7,0,0
Variant 3,High,Performance Issue,Website,8,5,1.0,0,40,14,0,0
Variant 2,Medium,Technical Issue,Website,4,3,0.0,1,12,6,0,0
Variant 3,High,Feature Request,Website,8,4,1.0,0,32,0,0,0
Variant 3,Low,Feature Request,Email,8,5,1.0,0,40,17,0,0
Variant 1,Low,Bug,Website,6,3,0.0,0,18,19,0,0
Variant 9,High,Service Request,Website,10,4,1.0,0,40,3,0,0
Variant 1,High,Service Request,App,6,3,0.0,0,18,0,1,0
Variant 3,Low,Feature Request,Website,8,4,1.0,0,32,7,0,0
Variant 1,Low,Incident,App,6,2,0.0,0,12,7,0,0
Variant 3,Low,Performance Issue,Website,8,4,1.0,0,32,18,1,0
Variant 1,Medium,Service Request,Email,6,3,0.0,0,18,0,0,0
Variant 3,Medium,Incident,Email,8,5,1.0,0,40,17,1,0
Variant 1,Low,Bug,Email,6,3,0.0,0,18,23,0,0
Variant 10,High,Bug,Website,6,4,1.0,1,24,4,0,0
Variant 3,Medium,Feature Request,Website,8,5,1.0,0,40,22,0,0
Variant 7,High,Bug,Email,15,7,3.0,0,105,14,0,1
Variant 4,Medium,Bug,Website,7,4,1.0,0,28,9,1,0
Variant 4,Low,Bug,Email,7,5,1.0,0,35,7,1,0
Variant 3,High,Feature Request,Website,8,5,1.0,0,40,0,0,0
Variant 3,Medium,Maintenance,Email,8,6,1.0,0,48,9,1,0
Variant 4,Medium,Bug,Email,7,5,1.0,0,35,3,0,0
Variant 7,High,Bug,App,15,7,3.0,0,105,8,0,1
Variant 1,High,Bug,Email,6,3,0.0,0,18,12,0,0
Variant 1,High,Bug,Website,6,2,0.0,0,12,23,1,0
Variant 1,High,Performance Issue,Email,6,3,0.0,0,18,16,1,0
Variant 3,Medium,Performance Issue,Email,8,5,1.0,0,40,0,0,0
Variant 3,High,Performance Issue,Website,8,5,1.0,0,40,9,0,0
Variant 3,High,Performance Issue,Email,8,4,1.0,0,32,14,1,0
Variant 3,Medium,Feature Request,Email,8,6,1.0,0,48,19,1,0
Variant 3,Low,Feature Request,Website,8,4,1.0,0,32,7,0,0
Variant 3,High,Technical Issue,Email,8,4,1.0,0,32,22,0,0
Variant 1,High,Bug,Website,6,3,0.0,0,18,14,1,0
Variant 1,Low,Service Request,Email,6,2,0.0,0,12,14,0,0
Variant 1,Medium,Service Request,Website,6,2,0.0,0,12,18,0,0
Variant 1,High,Bug,Email,6,3,0.0,0,18,0,1,0
Variant 3,High,Service Request,Website,8,3,1.0,0,24,0,1,0
Variant 1,Medium,Service Request,Website,6,3,0.0,0,18,19,0,0
Variant 3,Medium,Performance Issue,Website,8,4,1.0,0,32,8,0,0
Variant 1,Low,Service Request,Website,6,3,0.0,0,18,9,0,0
Variant 4,High,Performance Issue,Website,7,3,1.0,0,21,17,0,0
Variant 5,Medium,Bug,Website,12,6,1.0,1,72,15,0,0
Variant 3,Medium,Performance Issue,Website,8,4,1.0,0,32,4,0,0
Variant 6,Medium,Technical Issue,Website,10,6,2.0,0,60,11,0,0
Variant 3,High,Performance Issue,Email,8,4,1.0,0,32,23,1,1
Variant 11,High,Feature Request,App,6,3,0.0,0,18,9,0,0
Variant 3,High,Incident,Phone,8,4,1.0,0,32,7,0,0
Variant 3,Medium,Performance Issue,Email,8,5,1.0,0,40,5,0,0
Variant 1,High,Service Request,Website,6,3,0.0,0,18,11,0,0
Variant 7,Medium,Bug,Email,15,6,3.0,0,90,2,1,0
Variant 1,Medium,Feature Request,Email,6,3,0.0,0,18,14,0,0
Variant 3,Low,Performance Issue,Website,8,5,1.0,0,40,13,0,0
Variant 3,Medium,Performance Issue,Website,8,5,1.0,0,40,19,1,0
Variant 3,Low,Performance Issue,Email,8,4,1.0,0,32,19,0,0
Variant 3,High,Feature Request,App,8,6,1.0,0,48,21,0,0
Variant 3,Medium,Performance Issue,Website,8,4,1.0,0,32,21,0,0
Variant 3,Medium,Technical Issue,Email,8,5,1.0,0,40,1,0,0
Variant 1,Medium,Service Request,Website,6,3,0.0,0,18,13,0,0
Variant 1,High,Bug,App,6,3,0.0,0,18,11,0,0
Variant 1,Medium,Performance Issue,Website,6,3,0.0,0,18,8,1,0
Variant 4,Medium,Bug,Email,7,3,1.0,0,21,0,0,0
Variant 9,Low,Feature Request,Email,10,3,1.0,0,30,5,0,0
Variant 6,Medium,Incident,Website,10,7,2.0,0,70,8,0,0
Variant 3,Medium,Performance Issue,Email,8,3,1.0,0,24,4,0,0
Variant 3,Low,Service Request,App,8,3,1.0,0,24,0,0,0
Variant 1,Low,Performance Issue,Email,6,3,0.0,0,18,1,0,0
Variant 3,Medium,Performance Issue,Website,8,5,1.0,0,40,16,1,0
Variant 6,Medium,Bug,Website,10,6,2.0,0,60,6,0,0
Variant 1,High,Bug,Email,6,2,0.0,0,12,16,0,0
Variant 3,Low,Service Request,Website,8,4,1.0,0,32,4,0,0
Variant 1,Medium,Service Request,Website,6,3,0.0,0,18,18,1,0
Variant 3,Medium,Performance Issue,App,8,4,1.0,0,32,2,0,0
Variant 3,Low,Performance Issue,App,8,5,1.0,0,40,9,0,0
Variant 1,High,Feature Request,Email,6,3,0.0,0,18,15,1,0
Variant 1,Medium,Bug,Email,6,3,0.0,0,18,12,0,0
Variant 3,High,Performance Issue,Website,8,4,1.0,0,32,15,0,1
Variant 3,Medium,Incident,Email,8,4,1.0,0,32,15,0,0
Variant 3,Low,Feature Request,Website,8,6,1.0,0,48,18,1,0
Variant 7,Medium,Bug,Email,15,9,3.0,0,135,11,0,0
Variant 1,Medium,Incident,Email,6,2,0.0,0,12,3,0,0
Variant 3,High,Incident,Email,8,4,1.0,0,32,3,0,0
Variant 5,High,Bug,Email,12,5,1.0,1,60,3,0,1
Variant 4,High,Performance Issue,Website,7,6,1.0,0,42,21,0,1
Variant 5,Medium,Bug,Website,12,4,1.0,1,48,10,0,0
Variant 3,High,Performance Issue,Email,8,5,1.0,0,40,23,0,0
Variant 1,Low,Feature Request,Email,6,3,0.0,0,18,2,0,0
Variant 3,Medium,Feature Request,Email,8,4,1.0,0,32,1,1,0
Variant 3,Low,Performance Issue,Email,8,6,1.0,0,48,20,0,0
Variant 3,Medium,Performance Issue,Website,8,5,1.0,0,40,0,1,0
Variant 3,Low,Incident,Email,8,4,1.0,0,32,14,1,0
Variant 8,Low,Bug,Email,10,2,0.0,0,20,10,0,0
Variant 3,High,Incident,Website,8,5,1.0,0,40,13,0,0
Variant 9,Medium,Incident,Email,10,4,1.0,0,40,17,0,0
Variant 1,Medium,Service Request,Website,6,3,0.0,0,18,5,0,0
Variant 1,Low,Feature Request,Website,6,3,0.0,0,18,18,0,0
Variant 1,Medium,Bug,Website,6,3,0.0,0,18,5,1,0
Variant 11,Medium,Feature Request,Email,6,3,0.0,0,18,1,1,0
Variant 1,Medium,Bug,Website,6,3,0.0,0,18,12,0,0
Variant 1,Low,Feature Request,Website,6,2,0.0,0,12,0,0,0
Variant 7,High,Bug,Website,15,7,3.0,0,105,19,1,1
Variant 3,High,Performance Issue,App,8,5,1.0,0,40,11,0,0
Variant 3,Medium,Performance Issue,Email,8,4,1.0,0,32,23,1,0
Variant 6,Medium,Bug,Website,10,6,2.0,0,60,13,1,0
Variant 3,Medium,Performance Issue,Website,8,4,1.0,0,32,1,0,0
Variant 3,High,Performance Issue,Email,8,5,1.0,0,40,15,0,0
Variant 3,Medium,Performance Issue,Email,8,6,1.0,0,48,12,0,0
Variant 1,Medium,Bug,Email,6,2,0.0,0,12,6,0,0
Variant 8,Medium,Incident,Website,10,3,0.0,0,30,11,0,0
Variant 9,Medium,Service Request,Website,10,4,1.0,0,40,7,0,0
Variant 3,Low,Performance Issue,Email,8,3,1.0,0,24,1,0,0
Variant 1,Low,Bug,Website,6,2,0.0,0,12,7,1,0
Variant 3,Medium,Performance Issue,Email,8,3,1.0,0,24,18,0,0
Variant 4,Medium,Technical Issue,Email,7,5,1.0,0,35,10,0,0
Variant 2,Low,Bug,Website,4,2,0.0,1,8,11,0,0
Variant 3,Medium,Feature Request,Website,8,5,1.0,0,40,5,0,0
Variant 1,Medium,Bug,Email,6,3,0.0,0,18,2,1,0
Variant 1,Medium,Performance Issue,Website,6,2,0.0,0,12,6,0,0
Variant 1,Medium,Performance Issue,Website,6,2,0.0,0,12,20,0,0
Variant 4,Medium,Incident,Website,7,4,1.0,0,28,20,1,0
Variant 1,Medium,Incident,Website,6,3,0.0,0,18,18,0,0
Variant 12,Medium,Technical Issue,Email,6,4,0.0,0,24,21,0,0
Variant 1,Medium,Bug,Website,6,3,0.0,0,18,2,0,0
Variant 1,Medium,Bug,Website,6,3,0.0,0,18,13,1,0
Variant 3,Medium,Performance Issue,Email,8,5,1.0,0,40,22,0,0
Variant 3,Low,Technical Issue,Email,8,3,1.0,0,24,7,0,0
Variant 1,Low,Feature Request,Email,6,2,0.0,0,12,14,0,0
Variant 3,High,Technical Issue,Website,8,4,1.0,0,32,16,0,0
Variant 3,Medium,Performance Issue,Website,8,4,1.0,0,32,17,1,0
Variant 6,Medium,Feature Request,Website,10,6,2.0,0,60,4,0,0
Variant 1,High,Bug,App,6,3,0.0,0,18,10,0,0
Variant 3,Low,Feature Request,Email,8,6,1.0,0,48,10,0,0
Variant 3,Medium,Performance Issue,Email,8,4,1.0,0,32,7,1,0
Variant 5,Low,Feature Request,Phone,12,5,1.0,1,60,16,0,0
Variant 3,High,Technical Issue,Email,8,4,1.0,0,32,9,1,0
Variant 1,Medium,Performance Issue,Website,6,3,0.0,0,18,23,0,0
Variant 3,Medium,Service Request,Email,8,3,1.0,0,24,3,0,0
Variant 3,Medium,Incident,Website,8,5,1.0,0,40,4,0,0
Variant 3,Medium,Feature Request,Website,8,5,1.0,0,40,13,0,0
Variant 3,Low,Feature Request,Phone,8,4,1.0,0,32,8,0,0
Variant 3,Medium,Feature Request,Website,8,5,1.0,0,40,12,1,0
Variant 1,High,Service Request,Email,6,3,0.0,0,18,13,0,0
Variant 4,Medium,Feature Request,Email,7,5,1.0,0,35,6,0,0
Variant 3,Low,Service Request,Email,8,4,1.0,0,32,0,1,0
Variant 3,Medium,Feature Request,Email,8,3,1.0,0,24,6,0,0
Variant 4,Medium,Bug,Website,7,4,1.0,0,28,21,0,0
Variant 1,Medium,Bug,Website,6,3,0.0,0,18,22,0,0
Variant 4,Medium,Performance Issue,Website,7,4,1.0,0,28,22,0,0
Variant 3,Low,Performance Issue,Email,8,5,1.0,0,40,17,0,0
Variant 3,Medium,Incident,Email,8,4,1.0,0,32,2,0,0
Variant 3,Low,Performance Issue,Website,8,5,1.0,0,40,14,0,0
Variant 3,Medium,Performance Issue,Website,8,4,1.0,0,32,21,0,0
Variant 3,Low,Performance Issue,Email,8,5,1.0,0,40,2,0,0
Variant 1,Low,Service Request,Phone,6,3,0.0,0,18,17,0,0
Variant 13,High,Bug,Website,11,4,1.0,0,44,3,0,1
Variant 6,Low,Performance Issue,Website,10,6,2.0,0,60,3,0,0
Variant 3,Low,Incident,Email,8,4,1.0,0,32,6,1,0
Variant 3,Medium,Feature Request,App,8,5,1.0,0,40,2,0,0
Variant 8,High,Bug,Email,10,3,0.0,0,30,7,0,1
Variant 3,High,Performance Issue,Email,8,4,1.0,0,32,21,0,0
Variant 3,Low,Performance Issue,Website,8,5,1.0,0,40,16,0,0
Variant 6,Medium,Technical Issue,Website,10,6,2.0,0,60,21,1,0
Variant 1,Medium,Performance Issue,Website,6,3,0.0,0,18,17,0,0
Variant 3,Medium,Performance Issue,Email,8,5,1.0,0,40,13,1,0
Variant 3,Medium,Feature Request,Website,8,4,1.0,0,32,15,0,0
Variant 3,Low,Performance Issue,Email,8,4,1.0,0,32,13,1,0
Variant 10,Medium,Incident,Website,6,4,1.0,1,24,7,1,0
Variant 3,High,Incident,Website,8,5,1.0,0,40,15,0,0
Variant 3,Low,Performance Issue,Email,8,4,1.0,0,32,12,1,0
Variant 1,Medium,Feature Request,Email,6,2,0.0,0,12,14,0,0
Variant 1,Medium,Technical Issue,Website,6,3,0.0,0,18,16,0,0
Variant 3,Low,Performance Issue,Email,8,4,1.0,0,32,9,0,0
Variant 4,Medium,Feature Request,Phone,7,5,1.0,0,35,18,0,0
Variant 3,High,Technical Issue,Website,8,4,1.0,0,32,3,0,0
Variant 1,High,Service Request,Email,6,2,0.0,0,12,1,0,0
Variant 1,High,Service Request,Website,6,3,0.0,0,18,23,0,0
Variant 6,Medium,Performance Issue,Email,10,7,2.0,0,70,12,0,0
Variant 3,Low,Performance Issue,Website,8,5,1.0,0,40,9,0,0
Variant 11,Medium,Bug,Email,6,3,0.0,0,18,22,1,0
Variant 4,High,Bug,Website,7,3,1.0,0,21,3,0,0
Variant 3,Low,Feature Request,Website,8,4,1.0,0,32,11,0,0
Variant 4,High,Bug,Email,7,5,1.0,0,35,19,0,0
Variant 3,Medium,Technical Issue,Website,8,3,1.0,0,24,18,0,0
Variant 3,Low,Performance Issue,Email,8,4,1.0,0,32,2,1,0
Variant 3,High,Performance Issue,Email,8,3,1.0,0,24,19,0,0
Variant 3,Medium,Service Request,Website,8,4,1.0,0,32,19,1,0
Variant 11,Low,Bug,Website,6,3,0.0,0,18,5,1,0
Variant 12,Medium,Bug,Website,6,2,0.0,0,12,4,1,0
Variant 3,Medium,Performance Issue,Website,8,6,1.0,0,48,11,1,0
Variant 1,Medium,Feature Request,Website,6,3,0.0,0,18,5,0,0
Variant 2,Medium,Feature Request,Website,4,3,0.0,1,12,20,0,0
Variant 1,Medium,Feature Request,App,6,2,0.0,0,12,16,0,0
Variant 3,Medium,Technical Issue,Email,8,4,1.0,0,32,5,0,0
Variant 1,Medium,Feature Request,Website,6,2,0.0,0,12,20,0,0
Variant 4,High,Bug,Website,7,5,1.0,0,35,21,1,0
Variant 7,Medium,Bug,Email,15,8,3.0,0,120,14,0,0
Variant 8,Medium,Bug,Website,10,3,0.0,0,30,10,1,0
Variant 3,Medium,Performance Issue,Email,8,3,1.0,0,24,6,0,0
Variant 3,Medium,Incident,Website,8,4,1.0,0,32,6,1,0
Variant 1,Medium,Maintenance,Website,6,3,0.0,0,18,13,0,0
Variant 3,High,Performance Issue,Website,8,5,1.0,0,40,15,1,0
Variant 9,Medium,Bug,Email,10,5,1.0,0,50,5,0,0
Variant 1,Medium,Bug,Email,6,2,0.0,0,12,1,0,0
Variant 3,High,Maintenance,Website,8,5,1.0,0,40,11,1,0
Variant 3,Low,Performance Issue,Email,8,5,1.0,0,40,22,0,0
Variant 3,High,Maintenance,Email,8,5,1.0,0,40,3,0,0
Variant 1,Low,Feature Request,App,6,2,0.0,0,12,19,0,0
Variant 3,Medium,Performance Issue,Email,8,4,1.0,0,32,3,0,0
Variant 6,Medium,Bug,Email,10,5,2.0,0,50,15,0,0
Variant 7,Medium,Bug,Website,15,8,3.0,0,120,0,0,0
Variant 3,Low,Feature Request,Email,8,4,1.0,0,32,14,0,0
Variant 3,High,Feature Request,Website,8,5,1.0,0,40,11,1,0
Variant 3,Medium,Feature Request,Website,8,6,1.0,0,48,7,0,0
Variant 3,Low,Technical Issue,Website,8,5,1.0,0,40,14,1,0
Variant 8,Medium,Service Request,Email,10,3,0.0,0,30,8,0,0
Variant 8,Medium,Performance Issue,Email,10,3,0.0,0,30,16,0,0
Variant 1,Medium,Bug,App,6,3,0.0,0,18,8,0,0
Variant 3,Low,Performance Issue,Website,8,5,1.0,0,40,9,0,0
Variant 5,Medium,Performance Issue,Email,12,4,1.0,1,48,5,1,0
Variant 3,Medium,Performance Issue,Email,8,5,1.0,0,40,23,1,0
Variant 3,Medium,Feature Request,Email,8,5,1.0,0,40,4,1,0
Variant 1,High,Incident,Email,6,3,0.0,0,18,22,0,0
Variant 10,Medium,Bug,Website,6,4,1.0,1,24,4,1,0
Variant 3,Low,Maintenance,Email,8,5,1.0,0,40,13,1,0
Variant 1,Medium,Feature Request,Email,6,2,0.0,0,12,17,1,0
Variant 1,Medium,Feature Request,Email,6,3,0.0,0,18,2,0,0
Variant 6,Medium,Service Request,Email,10,6,2.0,0,60,6,0,0
Variant 3,Low,Technical Issue,Website,8,4,1.0,0,32,18,0,0
Variant 3,Medium,Incident,Website,8,4,1.0,0,32,12,0,0
Variant 1,Low,Service Request,Phone,6,3,0.0,0,18,18,0,0
Variant 3,Low,Performance Issue,Email,8,3,1.0,0,24,19,0,0
Variant 7,Medium,Bug,Website,15,7,3.0,0,105,0,0,0
Variant 1,High,Incident,Website,6,3,0.0,0,18,13,0,0
Variant 3,Medium,Performance Issue,Website,8,4,1.0,0,32,20,0,0
Variant 3,Low,Performance Issue,Website,8,5,1.0,0,40,11,0,0
Variant 2,Medium,Bug,Website,4,3,0.0,1,12,22,0,0
Variant 4,Low,Maintenance,Website,7,3,1.0,0,21,13,0,0
Variant 3,Medium,Feature Request,Email,8,5,1.0,0,40,6,0,0
Variant 3,Medium,Feature Request,Email,8,5,1.0,0,40,22,0,0
Variant 3,Low,Performance Issue,Email,8,5,1.0,0,40,1,1,0
Variant 8,High,Bug,Website,10,3,0.0,0,30,9,0,1
Variant 9,Low,Performance Issue,Phone,10,4,1.0,0,40,0,1,0
Variant 3,Medium,Performance Issue,Email,8,3,1.0,0,24,20,0,0
Variant 11,High,Bug,Email,6,3,0.0,0,18,20,0,0
Variant 1,Medium,Incident,Website,6,3,0.0,0,18,6,0,0
Variant 4,High,Maintenance,Email,7,3,1.0,0,21,0,1,0
Variant 3,Medium,Service Request,Email,8,5,1.0,0,40,18,0,0
Variant 3,Medium,Feature Request,Website,8,5,1.0,0,40,17,0,0
Variant 3,Low,Performance Issue,Email,8,5,1.0,0,40,21,0,0
Variant 13,Medium,Feature Request,Email,11,5,1.0,0,55,14,1,0
Variant 3,Medium,Performance Issue,Website,8,4,1.0,0,32,0,1,0
Variant 4,High,Bug,Website,7,4,1.0,0,28,19,0,0
Variant 1,Medium,Performance Issue,Website,6,2,0.0,0,12,13,0,0
Variant 1,Medium,Bug,Email,6,3,0.0,0,18,2,1,0
Variant 11,Medium,Technical Issue,Website,6,3,0.0,0,18,13,0,0
Variant 4,Medium,Bug,Website,7,5,1.0,0,35,18,0,0
Variant 2,Low,Feature Request,Email,4,2,0.0,1,8,11,0,0
Variant 9,Low,Bug,Email,10,5,1.0,0,50,1,0,0
Variant 4,Medium,Feature Request,Website,7,4,1.0,0,28,0,0,0
Variant 3,Medium,Performance Issue,Email,8,6,1.0,0,48,12,0,0
Variant 3,Medium,Performance Issue,Website,8,4,1.0,0,32,14,0,0
Variant 1,Medium,Service Request,App,6,3,0.0,0,18,15,0,0
Variant 3,Low,Performance Issue,Website,8,5,1.0,0,40,23,0,0
Variant 1,High,Maintenance,Website,6,3,0.0,0,18,2,0,0
Variant 4,Medium,Performance Issue,Email,7,5,1.0,0,35,22,1,0
Variant 3,High,Feature Request,Email,8,4,1.0,0,32,4,1,0
Variant 2,High,Feature Request,Email,4,3,0.0,1,12,16,0,0
Variant 3,Medium,Performance Issue,Email,8,4,1.0,0,32,19,0,0
Variant 1,High,Feature Request,App,6,2,0.0,0,12,20,1,0
Variant 1,Low,Feature Request,Email,6,2,0.0,0,12,13,0,0
Variant 10,Medium,Feature Request,Email,6,3,1.0,1,18,11,0,0
Variant 1,Low,Incident,Website,6,3,0.0,0,18,23,0,0
Variant 3,Low,Incident,Email,8,4,1.0,0,32,17,0,0
Variant 3,Medium,Performance Issue,Email,8,5,1.0,0,40,14,0,0
Variant 5,Medium,Bug,Email,12,5,1.0,1,60,21,0,0
Variant 3,Medium,Performance Issue,Email,8,4,1.0,0,32,15,0,0
Variant 2,Medium,Maintenance,Phone,4,2,0.0,1,8,18,1,0
Variant 1,Medium,Bug,Website,6,2,0.0,0,12,10,0,0
Variant 3,Low,Maintenance,App,8,4,1.0,0,32,8,0,0
Variant 4,Medium,Bug,Email,7,4,1.0,0,28,21,0,0
Variant 5,Medium,Bug,Email,12,5,1.0,1,60,13,0,0
Variant 3,Medium,Performance Issue,Website,8,4,1.0,0,32,21,0,0
Variant 2,Low,Incident,Website,4,2,0.0,1,8,3,1,0
Variant 3,Medium,Feature Request,Email,8,6,1.0,0,48,23,1,0
Variant 1,Low,Maintenance,Email,6,2,0.0,0,12,15,0,0
Variant 5,Medium,Performance Issue,Email,12,5,1.0,1,60,7,0,0
Variant 3,Medium,Performance Issue,App,8,4,1.0,0,32,5,0,0
Variant 3,Medium,Service Request,Website,8,6,1.0,0,48,8,1,0
Variant 1,Medium,Bug,App,6,2,0.0,0,12,14,1,0
Variant 1,Medium,Service Request,Email,6,2,0.0,0,12,13,0,0
Variant 4,High,Feature Request,Website,7,4,1.0,0,28,7,0,0
Variant 1,Low,Bug,Email,6,3,0.0,0,18,16,1,0
Variant 1,Medium,Bug,Email,6,2,0.0,0,12,1,0,0
Variant 3,Medium,Performance Issue,Email,8,4,1.0,0,32,5,0,0
Variant 3,Medium,Performance Issue,Email,8,4,1.0,0,32,16,0,0
Variant 3,Medium,Performance Issue,Website,8,5,1.0,0,40,11,0,0
Variant 3,Low,Maintenance,Website,8,5,1.0,0,40,5,0,0
Variant 3,Medium,Performance Issue,Email,8,4,1.0,0,32,1,0,0
Variant 3,Medium,Performance Issue,Phone,8,5,1.0,0,40,0,0,0
Variant 1,Medium,Incident,Email,6,2,0.0,0,12,13,0,0
Variant 13,High,Performance Issue,Website,11,6,1.0,0,66,11,0,1
Variant 3,High,Service Request,Website,8,4,1.0,0,32,17,0,0
Variant 3,Medium,Feature Request,Website,8,4,1.0,0,32,0,0,0
Variant 4,Low,Incident,Website,7,5,1.0,0,35,16,0,0
Variant 1,Low,Feature Request,App,6,3,0.0,0,18,12,0,0
Variant 3,Medium,Incident,Email,8,4,1.0,0,32,22,0,0
Variant 3,Low,Incident,Website,8,4,1.0,0,32,23,0,0
Variant 2,Low,Bug,Website,4,2,0.0,1,8,8,0,0
Variant 3,Low,Feature Request,Website,8,4,1.0,0,32,5,0,0
Variant 8,High,Performance Issue,Website,10,3,0.0,0,30,14,1,1
Variant 3,High,Performance Issue,Website,8,4,1.0,0,32,4,0,0
Variant 4,Medium,Feature Request,Email,7,4,1.0,0,28,6,0,0
Variant 1,Medium,Feature Request,Website,6,3,0.0,0,18,18,1,0
Variant 1,Medium,Bug,Email,6,3,0.0,0,18,16,1,0
Variant 1,High,Technical Issue,Email,6,2,0.0,0,12,15,1,0
Variant 1,Medium,Feature Request,Email,6,2,0.0,0,12,14,0,0
Variant 5,High,Feature Request,Email,12,4,1.0,1,48,7,0,1
Variant 1,Medium,Bug,Website,6,3,0.0,0,18,16,0,0
Variant 1,High,Incident,Website,6,3,0.0,0,18,8,0,0
Variant 8,Low,Bug,Website,10,3,0.0,0,30,19,0,0
Variant 3,Medium,Performance Issue,Website,8,5,1.0,0,40,19,0,0
Variant 3,High,Performance Issue,Phone,8,5,1.0,0,40,7,0,0
Variant 9,Low,Feature Request,Website,10,5,1.0,0,50,18,0,0
Variant 3,Low,Feature Request,App,8,4,1.0,0,32,22,0,0
Variant 1,High,Performance Issue,Email,6,3,0.0,0,18,22,1,0
Variant 7,Medium,Bug,Email,15,9,3.0,0,135,20,0,0
Variant 1,Medium,Bug,Website,6,2,0.0,0,12,1,1,0
Variant 8,Medium,Incident,Website,10,3,0.0,0,30,20,0,0
Variant 10,High,Bug,Website,6,4,1.0,1,24,14,0,0
Variant 9,Medium,Incident,Email,10,5,1.0,0,50,10,0,0
Variant 10,Medium,Bug,Email,6,3,1.0,1,18,10,0,0
Variant 1,High,Feature Request,Email,6,3,0.0,0,18,8,0,0
Variant 3,Medium,Performance Issue,Website,8,4,1.0,0,32,14,0,0
Variant 3,High,Feature Request,Email,8,3,1.0,0,24,5,0,0
Variant 1,Medium,Feature Request,Website,6,3,0.0,0,18,9,0,0
Variant 1,Medium,Bug,Website,6,3,0.0,0,18,11,0,0
Variant 1,Medium,Performance Issue,Website,6,3,0.0,0,18,9,0,0
Variant 3,Low,Performance Issue,Website,8,4,1.0,0,32,2,1,0
Variant 3,Medium,Feature Request,App,8,5,1.0,0,40,17,1,0
Variant 6,High,Feature Request,Phone,10,7,2.0,0,70,21,0,1
Variant 7,Medium,Bug,Email,15,8,3.0,0,120,16,0,0
Variant 3,Low,Performance Issue,Website,8,4,1.0,0,32,0,0,0
Variant 3,Medium,Performance Issue,Email,8,4,1.0,0,32,1,0,0
Variant 4,Low,Performance Issue,Website,7,3,1.0,0,21,19,0,0
Variant 3,Medium,Performance Issue,Website,8,4,1.0,0,32,21,1,0
Variant 1,Medium,Feature Request,Website,6,3,0.0,0,18,20,1,0
Variant 1,Medium,Performance Issue,Website,6,2,0.0,0,12,17,0,0
Variant 1,Low,Service Request,Email,6,3,0.0,0,18,14,0,0
Variant 4,Medium,Incident,Website,7,3,1.0,0,21,23,0,0
Variant 3,High,Performance Issue,App,8,3,1.0,0,24,0,0,0
Variant 1,High,Bug,Email,6,3,0.0,0,18,18,0,0
Variant 3,Medium,Performance Issue,Website,8,5,1.0,0,40,19,0,0
Variant 3,Low,Service Request,Website,8,4,1.0,0,32,16,1,0
Variant 1,Low,Feature Request,Website,6,3,0.0,0,18,4,0,0
Variant 1,Medium,Service Request,Phone,6,3,0.0,0,18,8,0,0
Variant 3,Medium,Performance Issue,App,8,4,1.0,0,32,15,1,0
Variant 3,High,Feature Request,Website,8,6,1.0,0,48,21,1,0
Variant 1,Medium,Feature Request,Email,6,3,0.0,0,18,23,0,0
Variant 3,Medium,Performance Issue,Website,8,5,1.0,0,40,22,0,0
Variant 3,Medium,Service Request,Website,8,5,1.0,0,40,18,1,0
Variant 3,Low,Maintenance,Email,8,5,1.0,0,40,16,1,0
Variant 3,High,Technical Issue,Email,8,5,1.0,0,40,12,0,0
Variant 8,Low,Bug,Email,10,3,0.0,0,30,1,0,0
Variant 3,Low,Performance Issue,Website,8,3,1.0,0,24,12,0,0
Variant 4,Medium,Service Request,Website,7,4,1.0,0,28,1,0,0
Variant 1,High,Feature Request,Email,6,3,0.0,0,18,2,0,0
Variant 3,High,Service Request,Email,8,5,1.0,0,40,8,0,0
Variant 1,Medium,Bug,Email,6,3,0.0,0,18,2,0,0
Variant 1,High,Bug,Website,6,2,0.0,0,12,12,1,0
Variant 1,Low,Bug,Website,6,3,0.0,0,18,13,0,0
Variant 1,Low,Bug,Email,6,2,0.0,0,12,10,0,0
Variant 1,Medium,Incident,Email,6,3,0.0,0,18,15,0,0
Variant 5,Medium,Bug,Website,12,5,1.0,1,60,18,0,0
Variant 1,High,Technical Issue,Email,6,3,0.0,0,18,3,0,0
Variant 8,Medium,Bug,Email,10,3,0.0,0,30,21,1,0
Variant 3,Medium,Feature Request,Website,8,5,1.0,0,40,11,1,0
Variant 1,Medium,Service Request,Website,6,3,0.0,0,18,14,1,0
Variant 3,High,Maintenance,Email,8,3,1.0,0,24,10,0,1
Variant 12,Medium,Feature Request,Website,6,3,0.0,0,18,2,0,0
Variant 5,High,Bug,Email,12,6,1.0,1,72,18,0,0
Variant 3,Medium,Performance Issue,Email,8,4,1.0,0,32,15,1,0
Variant 9,Medium,Feature Request,Email,10,5,1.0,0,50,18,0,0
Variant 1,Low,Service Request,Phone,6,3,0.0,0,18,7,1,0
Variant 3,Low,Performance Issue,Website,8,4,1.0,0,32,18,0,0
Variant 1,Medium,Feature Request,Website,6,2,0.0,0,12,8,0,0
Variant 1,High,Feature Request,Email,6,3,0.0,0,18,3,0,0
Variant 3,Medium,Performance Issue,Email,8,4,1.0,0,32,14,0,0
Variant 1,Low,Performance Issue,Phone,6,2,0.0,0,12,22,0,0
Variant 7,Medium,Bug,Email,15,8,3.0,0,120,1,1,0
Variant 1,Low,Incident,Website,6,3,0.0,0,18,16,0,0
Variant 3,Low,Performance Issue,Website,8,5,1.0,0,40,20,0,0
Variant 2,Medium,Service Request,Website,4,3,0.0,1,12,18,1,0
Variant 1,Low,Service Request,Website,6,2,0.0,0,12,11,1,0
Variant 1,High,Performance Issue,Website,6,2,0.0,0,12,4,1,0
Variant 1,Medium,Incident,Website,6,2,0.0,0,12,5,0,0
Variant 1,Medium,Feature Request,Email,6,3,0.0,0,18,3,1,0
Variant 3,Medium,Incident,Website,8,4,1.0,0,32,4,0,0
Variant 1,High,Incident,Website,6,3,0.0,0,18,19,0,0
Variant 1,Medium,Bug,Website,6,3,0.0,0,18,12,0,0
Variant 1,Medium,Incident,Website,6,3,0.0,0,18,10,0,0
Variant 3,Low,Performance Issue,App,8,5,1.0,0,40,10,0,0
Variant 1,High,Bug,Website,6,3,0.0,0,18,18,0,0
Variant 3,Medium,Performance Issue,Email,8,4,1.0,0,32,17,0,0
Variant 3,Medium,Technical Issue,Website,8,5,1.0,0,40,3,1,0
Variant 1,Low,Feature Request,Website,6,3,0.0,0,18,1,0,0
Variant 3,Medium,Performance Issue,Email,8,4,1.0,0,32,10,1,0
Variant 3,Low,Feature Request,Website,8,4,1.0,0,32,8,1,0
Variant 3,Low,Feature Request,Email,8,6,1.0,0,48,15,0,0
Variant 4,Medium,Performance Issue,Email,7,4,1.0,0,28,3,0,0
Variant 4,Low,Bug,Website,7,5,1.0,0,35,17,0,0
Variant 3,High,Feature Request,Email,8,5,1.0,0,40,6,1,0
Variant 3,Medium,Performance Issue,Email,8,4,1.0,0,32,2,0,0
Variant 10,Low,Bug,Website,6,4,1.0,1,24,22,0,0
Variant 1,Medium,Bug,Email,6,2,0.0,0,12,19,0,0
Variant 1,Medium,Bug,Website,6,2,0.0,0,12,2,0,0
Variant 1,High,Bug,Website,6,3,0.0,0,18,3,0,0
Variant 1,Medium,Performance Issue,Email,6,3,0.0,0,18,9,0,0
Variant 1,Medium,Technical Issue,Website,6,2,0.0,0,12,9,0,0
Variant 3,High,Performance Issue,Website,8,5,1.0,0,40,15,0,1
Variant 1,Medium,Service Request,Phone,6,3,0.0,0,18,10,0,0
Variant 8,High,Service Request,Website,10,3,0.0,0,30,9,0,1
Variant 1,Low,Maintenance,Website,6,2,0.0,0,12,9,0,0
Variant 1,High,Maintenance,Website,6,3,0.0,0,18,17,0,0
Variant 7,High,Bug,Email,15,8,3.0,0,120,0,0,1
Variant 12,Low,Incident,Website,6,3,0.0,0,18,23,0,0
Variant 1,Medium,Maintenance,Website,6,3,0.0,0,18,5,0,0
Variant 3,Medium,Feature Request,App,8,5,1.0,0,40,14,0,0
Variant 3,Medium,Performance Issue,Website,8,5,1.0,0,40,13,0,0
Variant 3,Low,Feature Request,Website,8,4,1.0,0,32,6,0,0
Variant 3,Low,Performance Issue,Website,8,5,1.0,0,40,6,0,0
Variant 5,High,Bug,Email,12,5,1.0,1,60,17,0,1
Variant 1,Medium,Bug,Website,6,3,0.0,0,18,21,0,0
Variant 1,Medium,Bug,Email,6,3,0.0,0,18,15,1,0
Variant 10,Low,Incident,Email,6,3,1.0,1,18,10,0,0
Variant 5,Medium,Maintenance,Email,12,4,1.0,1,48,19,0,0
Variant 3,Medium,Performance Issue,Website,8,5,1.0,0,40,0,0,0
Variant 1,Low,Bug,Email,6,3,0.0,0,18,19,0,0
Variant 4,Medium,Bug,Email,7,5,1.0,0,35,19,1,0
Variant 3,High,Incident,Phone,8,4,1.0,0,32,9,1,1
Variant 4,Medium,Bug,Email,7,4,1.0,0,28,5,1,0
Variant 1,Medium,Bug,Website,6,2,0.0,0,12,0,0,0
Variant 3,Medium,Performance Issue,Email,8,5,1.0,0,40,23,0,0
Variant 3,Medium,Service Request,App,8,5,1.0,0,40,13,0,0
Variant 4,Low,Feature Request,Email,7,4,1.0,0,28,10,0,0
Variant 1,Medium,Bug,Email,6,3,0.0,0,18,18,0,0
Variant 2,Medium,Bug,Website,4,2,0.0,1,8,13,0,0
Variant 5,Medium,Performance Issue,Website,12,6,1.0,1,72,22,1,0
Variant 1,Medium,Performance Issue,Website,6,2,0.0,0,12,10,0,0
Variant 1,Low,Bug,Website,6,2,0.0,0,12,14,1,0
Variant 3,Medium,Performance Issue,Website,8,4,1.0,0,32,19,0,0
Variant 1,High,Feature Request,Website,6,2,0.0,0,12,7,0,0
Variant 3,Medium,Feature Request,Email,8,5,1.0,0,40,4,0,0
Variant 1,Low,Feature Request,Email,6,2,0.0,0,12,0,0,0
Variant 1,Low,Bug,Website,6,3,0.0,0,18,11,1,0
Variant 1,Medium,Feature Request,Email,6,3,0.0,0,18,4,0,0
Variant 1,Low,Bug,Email,6,3,0.0,0,18,1,0,0
Variant 1,Medium,Performance Issue,Website,6,2,0.0,0,12,13,1,0
Variant 3,High,Feature Request,Email,8,4,1.0,0,32,22,0,0
Variant 2,Medium,Bug,Website,4,3,0.0,1,12,23,1,0
Variant 3,Low,Performance Issue,Phone,8,4,1.0,0,32,8,0,0
Variant 3,Medium,Incident,Website,8,5,1.0,0,40,22,1,0
Variant 3,Medium,Feature Request,Email,8,4,1.0,0,32,6,0,0
Variant 3,Medium,Performance Issue,Email,8,6,1.0,0,48,4,1,0
Variant 3,Medium,Incident,Website,8,4,1.0,0,32,3,0,0
Variant 1,Low,Bug,Email,6,3,0.0,0,18,14,1,0
Variant 3,Medium,Incident,Email,8,4,1.0,0,32,16,0,0
Variant 3,Medium,Performance Issue,Website,8,4,1.0,0,32,7,0,0
Variant 3,Medium,Maintenance,Website,8,3,1.0,0,24,23,1,0
Variant 3,High,Performance Issue,Website,8,3,1.0,0,24,21,0,0
Variant 3,Medium,Service Request,Website,8,5,1.0,0,40,7,1,0
Variant 4,Medium,Incident,Website,7,6,1.0,0,42,5,1,0
Variant 1,High,Feature Request,Website,6,2,0.0,0,12,15,0,0
Variant 1,Medium,Service Request,Website,6,2,0.0,0,12,13,1,0
Variant 1,Medium,Technical Issue,Email,6,2,0.0,0,12,22,0,0
Variant 8,High,Performance Issue,Website,10,3,0.0,0,30,4,1,1
Variant 9,Low,Feature Request,Email,10,5,1.0,0,50,18,0,0
Variant 3,Medium,Incident,Website,8,5,1.0,0,40,23,0,0
Variant 1,Medium,Incident,Email,6,2,0.0,0,12,5,0,0
Variant 1,High,Incident,Website,6,3,0.0,0,18,13,0,0
Variant 3,Medium,Performance Issue,Email,8,4,1.0,0,32,16,0,0
Variant 3,Low,Incident,Email,8,4,1.0,0,32,19,0,0
Variant 4,Medium,Bug,Website,7,3,1.0,0,21,18,0,0
Variant 10,Medium,Service Request,Email,6,3,1.0,1,18,3,0,0
Variant 1,Low,Bug,Email,6,3,0.0,0,18,4,0,0
Variant 2,Medium,Feature Request,Website,4,2,0.0,1,8,23,0,0
Variant 1,High,Service Request,Email,6,3,0.0,0,18,18,0,0
Variant 10,Medium,Performance Issue,Email,6,3,1.0,1,18,22,0,0
Variant 3,High,Feature Request,Website,8,3,1.0,0,24,0,0,0
Variant 3,Medium,Performance Issue,Email,8,5,1.0,0,40,17,0,0
Variant 4,Medium,Bug,Website,7,5,1.0,0,35,16,0,0
Variant 2,High,Feature Request,Website,4,3,0.0,1,12,6,0,0
Variant 3,Medium,Feature Request,Website,8,5,1.0,0,40,2,0,0
Variant 3,Medium,Performance Issue,Website,8,5,1.0,0,40,0,0,0
Variant 1,Low,Feature Request,Email,6,3,0.0,0,18,1,0,0
Variant 3,High,Performance Issue,Website,8,4,1.0,0,32,8,0,0
Variant 3,Low,Performance Issue,App,8,5,1.0,0,40,5,0,0
Variant 1,High,Feature Request,Website,6,2,0.0,0,12,15,0,0
Variant 3,Medium,Performance Issue,Email,8,3,1.0,0,24,7,0,0
Variant 3,High,Performance Issue,Email,8,5,1.0,0,40,7,1,0
Variant 1,High,Maintenance,Website,6,3,0.0,0,18,2,1,0
Variant 3,Medium,Performance Issue,Website,8,4,1.0,0,32,10,0,0
Variant 3,High,Service Request,Website,8,4,1.0,0,32,18,1,0
Variant 3,Medium,Performance Issue,Website,8,6,1.0,0,48,20,0,0
Variant 5,Medium,Service Request,Email,12,5,1.0,1,60,9,0,0
Variant 4,Medium,Bug,Email,7,5,1.0,0,35,23,0,0
Variant 3,Medium,Incident,Website,8,4,1.0,0,32,9,0,0
Variant 3,Medium,Incident,Website,8,6,1.0,0,48,6,0,0
Variant 4,High,Incident,Website,7,5,1.0,0,35,0,0,0
Variant 3,High,Feature Request,Email,8,5,1.0,0,40,15,0,0
Variant 3,Low,Incident,Email,8,5,1.0,0,40,4,0,0
Variant 3,High,Service Request,Email,8,5,1.0,0,40,10,0,0
Variant 3,Medium,Incident,Email,8,4,1.0,0,32,13,1,0
Variant 3,Medium,Performance Issue,Website,8,5,1.0,0,40,4,0,0
Variant 4,Medium,Performance Issue,Website,7,4,1.0,0,28,16,0,0
Variant 3,Medium,Performance Issue,Website,8,5,1.0,0,40,11,1,0
Variant 3,Low,Performance Issue,Website,8,3,1.0,0,24,14,1,0
Variant 3,Medium,Performance Issue,Email,8,5,1.0,0,40,23,0,0
Variant 3,Medium,Feature Request,Website,8,4,1.0,0,32,3,0,0
Variant 1,Low,Incident,Email,6,3,0.0,0,18,9,1,0
Variant 3,Medium,Incident,Website,8,4,1.0,0,32,16,0,0
Variant 13,Medium,Bug,Email,11,4,1.0,0,44,11,0,0
Variant 3,High,Performance Issue,Website,8,3,1.0,0,24,11,0,1
Variant 3,High,Service Request,Website,8,4,1.0,0,32,8,1,1
Variant 1,Low,Feature Request,Email,6,2,0.0,0,12,14,0,0
Variant 5,Low,Bug,App,12,5,1.0,1,60,4,0,0
Variant 1,Medium,Bug,Website,6,3,0.0,0,18,11,0,0
Variant 3,Medium,Performance Issue,Website,8,5,1.0,0,40,0,0,0
Variant 3,High,Incident,Website,8,4,1.0,0,32,1,1,0
Variant 3,Medium,Maintenance,Email,8,4,1.0,0,32,18,1,0
Variant 8,Medium,Feature Request,Website,10,3,0.0,0,30,20,0,0
Variant 3,Medium,Performance Issue,Email,8,5,1.0,0,40,0,0,0
Variant 3,Low,Incident,App,8,3,1.0,0,24,14,0,0
Variant 1,Low,Bug,Website,6,3,0.0,0,18,9,0,0
Variant 3,Low,Performance Issue,Website,8,4,1.0,0,32,1,0,0
Variant 1,Medium,Incident,Website,6,3,0.0,0,18,20,1,0
Variant 3,High,Service Request,Email,8,6,1.0,0,48,2,0,0
Variant 7,Medium,Bug,Email,15,7,3.0,0,105,1,1,0
Variant 10,Low,Feature Request,Website,6,4,1.0,1,24,12,1,0
Variant 3,Medium,Performance Issue,Website,8,5,1.0,0,40,11,0,0
Variant 1,Medium,Incident,Website,6,3,0.0,0,18,22,0,0
Variant 3,Medium,Performance Issue,Website,8,5,1.0,0,40,21,0,0
Variant 1,High,Technical Issue,Phone,6,2,0.0,0,12,3,0,0
Variant 2,Low,Service Request,Email,4,2,0.0,1,8,16,0,0
Variant 7,Medium,Bug,Website,15,7,3.0,0,105,0,0,0
Variant 3,Low,Feature Request,Website,8,5,1.0,0,40,5,0,0
Variant 3,Medium,Incident,Email,8,5,1.0,0,40,13,0,0
Variant 1,Medium,Feature Request,Email,6,3,0.0,0,18,13,0,0
Variant 1,Medium,Performance Issue,Website,6,2,0.0,0,12,16,1,0
Variant 9,High,Bug,Website,10,4,1.0,0,40,20,0,1
Variant 1,Low,Bug,Website,6,3,0.0,0,18,7,0,0
Variant 10,Low,Bug,Website,6,4,1.0,1,24,19,0,0
Variant 1,Medium,Service Request,Website,6,3,0.0,0,18,0,1,0
Variant 3,Medium,Performance Issue,Website,8,4,1.0,0,32,14,0,0
Variant 5,Medium,Bug,Website,12,4,1.0,1,48,21,0,0
Variant 1,Medium,Performance Issue,Email,6,3,0.0,0,18,9,0,0
Variant 1,Low,Performance Issue,Website,6,3,0.0,0,18,17,0,0
Variant 3,Medium,Incident,Email,8,3,1.0,0,24,1,0,0
Variant 5,Medium,Incident,App,12,6,1.0,1,72,1,1,0
Variant 13,Low,Performance Issue,Website,11,4,1.0,0,44,21,0,0
Variant 1,Medium,Performance Issue,Website,6,3,0.0,0,18,20,0,0
Variant 3,High,Performance Issue,App,8,5,1.0,0,40,8,1,0
Variant 3,Low,Service Request,Website,8,4,1.0,0,32,13,0,0
Variant 5,Medium,Performance Issue,Email,12,4,1.0,1,48,23,0,0
Variant 3,Medium,Incident,Website,8,5,1.0,0,40,7,0,0
Variant 3,Low,Feature Request,Website,8,4,1.0,0,32,3,1,0
Variant 10,Medium,Performance Issue,Website,6,3,1.0,1,18,6,0,0
Variant 1,Medium,Bug,Website,6,3,0.0,0,18,4,0,0
Variant 3,Low,Feature Request,Email,8,5,1.0,0,40,21,0,0
Variant 3,Medium,Performance Issue,Email,8,4,1.0,0,32,3,0,0
Variant 3,Medium,Performance Issue,Website,8,5,1.0,0,40,15,0,0
Variant 3,Medium,Performance Issue,Email,8,6,1.0,0,48,5,0,0
Variant 3,Low,Performance Issue,Email,8,6,1.0,0,48,16,0,0
Variant 1,Medium,Bug,Website,6,2,0.0,0,12,6,0,0
Variant 9,Low,Bug,Website,10,5,1.0,0,50,2,1,0
Variant 3,High,Performance Issue,Website,8,6,1.0,0,48,3,0,0
Variant 1,Medium,Incident,Phone,6,3,0.0,0,18,8,0,0
Variant 2,Medium,Incident,Email,4,2,0.0,1,8,16,1,0
Variant 1,Medium,Incident,Email,6,3,0.0,0,18,12,0,0
Variant 11,Medium,Performance Issue,Website,6,3,0.0,0,18,11,0,0
Variant 1,Medium,Bug,Email,6,3,0.0,0,18,23,0,0
Variant 1,Medium,Performance Issue,Website,6,3,0.0,0,18,21,0,0
Variant 4,High,Bug,Website,7,4,1.0,0,28,1,0,0
Variant 3,Medium,Performance Issue,Phone,8,4,1.0,0,32,19,1,0
Variant 1,Medium,Feature Request,Website,6,3,0.0,0,18,15,0,0
Variant 6,Low,Bug,Website,10,7,2.0,0,70,17,0,0
Variant 3,Low,Feature Request,Website,8,4,1.0,0,32,9,0,0
Variant 7,Medium,Bug,Website,15,8,3.0,0,120,15,0,0
Variant 3,Low,Performance Issue,Email,8,4,1.0,0,32,22,0,0
Variant 3,Low,Performance Issue,Website,8,4,1.0,0,32,19,0,0
Variant 1,Medium,Service Request,Website,6,3,0.0,0,18,10,0,0
Variant 1,Low,Maintenance,App,6,3,0.0,0,18,17,1,0
Variant 1,Medium,Incident,Website,6,3,0.0,0,18,10,1,0
Variant 4,Medium,Feature Request,Website,7,5,1.0,0,35,0,0,0
Variant 10,Low,Bug,Website,6,4,1.0,1,24,5,1,0
Variant 2,Medium,Feature Request,Website,4,3,0.0,1,12,23,1,0
Variant 3,Medium,Service Request,Email,8,3,1.0,0,24,11,1,0
Variant 1,Low,Technical Issue,Website,6,3,0.0,0,18,15,1,0
Variant 6,Medium,Incident,Email,10,6,2.0,0,60,0,1,0
Variant 1,High,Feature Request,Email,6,3,0.0,0,18,17,1,0
Variant 3,Medium,Performance Issue,Website,8,4,1.0,0,32,9,0,0
Variant 3,Low,Performance Issue,Email,8,3,1.0,0,24,22,1,0
Variant 3,Low,Performance Issue,Website,8,5,1.0,0,40,19,1,0
Variant 3,High,Performance Issue,Phone,8,4,1.0,0,32,6,1,1
Variant 1,High,Bug,Website,6,3,0.0,0,18,23,0,0
Variant 3,High,Service Request,Email,8,5,1.0,0,40,13,0,0
Variant 5,Medium,Technical Issue,Email,12,4,1.0,1,48,21,1,0
Variant 1,Low,Feature Request,Website,6,2,0.0,0,12,20,0,0
Variant 1,Low,Service Request,Email,6,2,0.0,0,12,20,0,0
Variant 4,Medium,Incident,Email,7,6,1.0,0,42,15,1,0
Variant 3,Medium,Performance Issue,Email,8,5,1.0,0,40,8,0,0
Variant 3,Medium,Feature Request,App,8,4,1.0,0,32,15,1,0
Variant 3,Medium,Service Request,Website,8,5,1.0,0,40,1,0,0
Variant 8,Medium,Incident,Website,10,3,0.0,0,30,21,0,0
Variant 3,Medium,Performance Issue,Website,8,4,1.0,0,32,6,0,0
Variant 3,Medium,Performance Issue,Website,8,5,1.0,0,40,0,1,0
Variant 3,High,Service Request,Email,8,5,1.0,0,40,4,0,0
Variant 3,Low,Performance Issue,App,8,5,1.0,0,40,1,1,0
Variant 1,High,Service Request,Website,6,3,0.0,0,18,22,1,0
Variant 3,Medium,Performance Issue,Website,8,4,1.0,0,32,14,0,0
Variant 3,Low,Feature Request,Website,8,4,1.0,0,32,6,1,0
Variant 6,Low,Performance Issue,Email,10,8,2.0,0,80,14,0,0
Variant 3,Medium,Maintenance,Website,8,4,1.0,0,32,23,0,0
Variant 3,High,Performance Issue,Email,8,5,1.0,0,40,12,0,0
Variant 3,Medium,Service Request,Website,8,5,1.0,0,40,0,0,0
Variant 3,High,Service Request,Email,8,4,1.0,0,32,0,0,0
Variant 1,Medium,Bug,Website,6,3,0.0,0,18,9,1,0
Variant 1,High,Bug,Website,6,3,0.0,0,18,2,0,0
Variant 1,Medium,Service Request,Website,6,3,0.0,0,18,4,1,0
Variant 2,Medium,Bug,Website,4,2,0.0,1,8,5,0,0
Variant 4,High,Performance Issue,Email,7,3,1.0,0,21,5,1,1
Variant 8,Medium,Incident,Email,10,3,0.0,0,30,23,0,0
Variant 3,Medium,Performance Issue,Website,8,5,1.0,0,40,17,0,0
Variant 3,Low,Performance Issue,Email,8,5,1.0,0,40,8,1,0
Variant 3,Medium,Performance Issue,Website,8,5,1.0,0,40,3,0,0
Variant 1,Medium,Technical Issue,Email,6,3,0.0,0,18,2,1,0
Variant 11,High,Bug,Email,6,3,0.0,0,18,11,0,0
Variant 3,Low,Performance Issue,Website,8,5,1.0,0,40,18,1,0
Variant 4,Low,Bug,Email,7,5,1.0,0,35,5,0,0
Variant 7,High,Bug,Website,15,8,3.0,0,120,19,1,1
Variant 3,Medium,Service Request,Email,8,4,1.0,0,32,20,0,0
Variant 4,Low,Service Request,Email,7,5,1.0,0,35,2,0,0
Variant 4,Low,Bug,Website,7,5,1.0,0,35,3,0,0
Variant 3,High,Performance Issue,Website,8,4,1.0,0,32,22,1,0
Variant 9,High,Feature Request,Website,10,4,1.0,0,40,22,0,1
Variant 3,Low,Performance Issue,Email,8,3,1.0,0,24,7,1,0
Variant 7,Medium,Bug,App,15,7,3.0,0,105,8,0,0
Variant 1,Medium,Bug,Website,6,3,0.0,0,18,16,1,0
Variant 3,Medium,Service Request,App,8,4,1.0,0,32,0,0,0
Variant 3,Medium,Service Request,Email,8,5,1.0,0,40,18,0,0
Variant 3,Medium,Technical Issue,Website,8,4,1.0,0,32,8,1,0
Variant 2,High,Incident,Email,4,2,0.0,1,8,18,1,0
Variant 1,Low,Bug,Website,6,3,0.0,0,18,23,0,0
Variant 10,Medium,Incident,Website,6,3,1.0,1,18,4,0,0
Variant 3,Low,Performance Issue,Website,8,5,1.0,0,40,5,1,0
Variant 3,Low,Feature Request,Website,8,4,1.0,0,32,15,0,0
Variant 3,Low,Maintenance,Email,8,4,1.0,0,32,16,0,0
Variant 1,Medium,Feature Request,Website,6,3,0.0,0,18,6,0,0
Variant 4,Low,Performance Issue,Email,7,4,1.0,0,28,0,0,0
Variant 3,Low,Feature Request,Website,8,4,1.0,0,32,18,0,0
Variant 3,Low,Maintenance,Email,8,4,1.0,0,32,0,0,0
Variant 3,Low,Maintenance,Website,8,5,1.0,0,40,12,0,0
Variant 3,Medium,Technical Issue,Website,8,4,1.0,0,32,21,1,0
Variant 4,Medium,Technical Issue,Website,7,4,1.0,0,28,20,1,0
Variant 3,Low,Service Request,Website,8,5,1.0,0,40,11,1,0
Variant 12,Low,Feature Request,Website,6,3,0.0,0,18,7,0,0
Variant 8,High,Performance Issue,Website,10,3,0.0,0,30,13,0,1
Variant 1,High,Performance Issue,Website,6,3,0.0,0,18,17,0,0
Variant 3,Low,Performance Issue,Email,8,3,1.0,0,24,17,0,0
Variant 1,Low,Feature Request,Website,6,3,0.0,0,18,16,0,0
Variant 3,High,Performance Issue,Email,8,3,1.0,0,24,13,1,1
Variant 1,Low,Bug,Website,6,3,0.0,0,18,11,1,0
Variant 6,Medium,Bug,Website,10,7,2.0,0,70,16,0,0
Variant 2,Low,Bug,Website,4,2,0.0,1,8,8,0,0
Variant 3,Medium,Performance Issue,App,8,5,1.0,0,40,15,1,0
Variant 3,Medium,Performance Issue,Website,8,5,1.0,0,40,8,0,0
Variant 1,High,Bug,Website,6,3,0.0,0,18,21,0,0
Variant 8,Medium,Technical Issue,Website,10,3,0.0,0,30,15,0,0
Variant 3,High,Feature Request,Email,8,5,1.0,0,40,12,1,0
Variant 3,Medium,Incident,Website,8,5,1.0,0,40,23,0,0
Variant 4,Medium,Technical Issue,Website,7,4,1.0,0,28,10,0,0
Variant 4,Medium,Maintenance,Website,7,5,1.0,0,35,7,0,0
Variant 10,High,Bug,Website,6,4,1.0,1,24,7,1,0
Variant 3,Low,Performance Issue,Website,8,5,1.0,0,40,11,0,0
Variant 4,Low,Service Request,Website,7,3,1.0,0,21,3,0,0
Variant 3,High,Performance Issue,Email,8,4,1.0,0,32,16,0,0
Variant 1,Low,Bug,Website,6,2,0.0,0,12,0,0,0
Variant 1,Medium,Feature Request,Email,6,2,0.0,0,12,4,1,0
Variant 3,Medium,Feature Request,Website,8,5,1.0,0,40,20,0,0
Variant 3,Medium,Performance Issue,Email,8,5,1.0,0,40,23,0,0
Variant 6,Medium,Service Request,App,10,6,2.0,0,60,1,1,0
Variant 7,Medium,Bug,Website,15,7,3.0,0,105,0,1,0
Variant 5,Medium,Performance Issue,Website,12,5,1.0,1,60,12,0,0
Variant 3,Low,Feature Request,Email,8,4,1.0,0,32,20,1,0
Variant 1,Low,Bug,Website,6,3,0.0,0,18,18,0,0
Variant 7,High,Bug,Email,15,7,3.0,0,105,11,1,1
Variant 3,High,Service Request,Email,8,5,1.0,0,40,4,1,0
Variant 1,Medium,Bug,Website,6,3,0.0,0,18,18,1,0
Variant 3,Low,Performance Issue,Website,8,4,1.0,0,32,4,0,0
Variant 5,High,Incident,Email,12,6,1.0,1,72,7,0,1
Variant 2,Medium,Incident,Website,4,2,0.0,1,8,21,0,0
Variant 3,Medium,Performance Issue,Email,8,4,1.0,0,32,17,1,0
Variant 1,Medium,Incident,Email,6,2,0.0,0,12,0,1,0
Variant 11,Medium,Service Request,Website,6,2,0.0,0,12,19,0,0
Variant 1,Medium,Feature Request,App,6,2,0.0,0,12,6,1,0
Variant 3,Low,Technical Issue,Website,8,4,1.0,0,32,0,0,0
Variant 3,Medium,Performance Issue,Email,8,3,1.0,0,24,16,1,0
Variant 1,Medium,Feature Request,Website,6,3,0.0,0,18,2,1,0
Variant 3,Low,Feature Request,Website,8,4,1.0,0,32,11,0,0
Variant 6,Low,Performance Issue,App,10,7,2.0,0,70,4,0,0
Variant 1,Low,Feature Request,Email,6,3,0.0,0,18,19,0,0
Variant 3,Medium,Performance Issue,Email,8,4,1.0,0,32,9,0,0
Variant 1,Medium,Feature Request,Website,6,3,0.0,0,18,8,1,0
Variant 3,Medium,Performance Issue,Website,8,5,1.0,0,40,19,1,0
Variant 3,Low,Performance Issue,Website,8,5,1.0,0,40,7,0,0
Variant 1,Medium,Incident,Website,6,2,0.0,0,12,13,1,0
Variant 3,Low,Performance Issue,Email,8,4,1.0,0,32,22,0,0
Variant 3,Medium,Maintenance,Website,8,5,1.0,0,40,19,0,0
Variant 3,High,Performance Issue,Website,8,4,1.0,0,32,17,1,0
Variant 3,High,Maintenance,Email,8,5,1.0,0,40,9,0,0
Variant 1,Low,Bug,Email,6,2,0.0,0,12,9,1,0
Variant 10,Low,Bug,Email,6,3,1.0,1,18,1,1,0
Variant 3,Medium,Performance Issue,Email,8,3,1.0,0,24,21,1,0
Variant 7,High,Bug,Website,15,8,3.0,0,120,6,0,1
Variant 9,Medium,Incident,Website,10,4,1.0,0,40,8,0,0
Variant 1,Low,Bug,Website,6,3,0.0,0,18,21,1,0
Variant 1,Medium,Bug,Website,6,3,0.0,0,18,6,0,0
Variant 1,Medium,Maintenance,Email,6,3,0.0,0,18,9,0,0
Variant 1,Medium,Performance Issue,App,6,2,0.0,0,12,21,0,0
Variant 1,Low,Feature Request,Website,6,2,0.0,0,12,1,0,0
Variant 3,Medium,Service Request,Website,8,5,1.0,0,40,7,0,0
Variant 3,Medium,Maintenance,Website,8,4,1.0,0,32,2,1,0
Variant 1,Medium,Technical Issue,Email,6,3,0.0,0,18,10,0,0
Variant 9,Medium,Bug,Website,10,5,1.0,0,50,1,1,0
Variant 6,High,Service Request,Email,10,6,2.0,0,60,14,0,0
Variant 3,Low,Service Request,Email,8,4,1.0,0,32,8,1,0
Variant 3,Low,Performance Issue,Website,8,4,1.0,0,32,11,1,0
Variant 3,Low,Incident,App,8,3,1.0,0,24,8,1,0
Variant 4,High,Feature Request,Email,7,3,1.0,0,21,7,0,0
Variant 4,Medium,Performance Issue,Website,7,5,1.0,0,35,7,1,0
Variant 3,Medium,Service Request,App,8,5,1.0,0,40,23,0,0
Variant 11,Low,Incident,Website,6,2,0.0,0,12,18,1,0
Variant 1,Low,Performance Issue,Email,6,2,0.0,0,12,22,0,0
Variant 1,Low,Performance Issue,Email,6,2,0.0,0,12,10,0,0
Variant 1,High,Bug,Website,6,3,0.0,0,18,15,0,0
Variant 8,Medium,Bug,Email,10,3,0.0,0,30,20,0,0
Variant 3,Medium,Incident,App,8,5,1.0,0,40,16,0,0
Variant 3,Low,Performance Issue,Email,8,4,1.0,0,32,14,0,0
Variant 3,Medium,Incident,Website,8,5,1.0,0,40,18,1,0
Variant 1,High,Performance Issue,Email,6,2,0.0,0,12,2,1,0
Variant 3,Medium,Incident,Website,8,4,1.0,0,32,14,0,0
Variant 1,High,Feature Request,Email,6,3,0.0,0,18,20,0,0
Variant 4,High,Bug,Email,7,6,1.0,0,42,18,0,0
Variant 4,Medium,Feature Request,Website,7,3,1.0,0,21,6,0,0
Variant 1,Low,Bug,Email,6,2,0.0,0,12,23,0,0
Variant 3,Medium,Performance Issue,Email,8,4,1.0,0,32,21,0,0
Variant 3,Low,Performance Issue,Email,8,3,1.0,0,24,0,1,0
Variant 1,Low,Service Request,Email,6,3,0.0,0,18,4,0,0
Variant 1,Low,Bug,Email,6,3,0.0,0,18,6,0,0
Variant 3,Medium,Performance Issue,Website,8,5,1.0,0,40,22,1,0
Variant 1,Low,Bug,Website,6,2,0.0,0,12,9,1,0
Variant 4,Low,Bug,Email,7,4,1.0,0,28,19,0,0
Variant 1,High,Performance Issue,Email,6,2,0.0,0,12,8,1,0
Variant 3,High,Performance Issue,Email,8,6,1.0,0,48,11,0,1
Variant 9,High,Performance Issue,Website,10,4,1.0,0,40,4,1,1
Variant 1,Medium,Bug,Website,6,2,0.0,0,12,4,0,0
Variant 1,Low,Bug,Website,6,3,0.0,0,18,16,1,0
Variant 3,High,Performance Issue,Email,8,4,1.0,0,32,10,0,0
Variant 5,Medium,Feature Request,Email,12,6,1.0,1,72,10,0,0
Variant 11,High,Feature Request,Email,6,4,0.0,0,24,5,1,0
Variant 4,Medium,Bug,Email,7,4,1.0,0,28,23,1,0
Variant 4,Medium,Feature Request,Phone,7,4,1.0,0,28,12,0,0
Variant 4,Low,Feature Request,Website,7,4,1.0,0,28,3,0,0
Variant 1,Low,Bug,Email,6,2,0.0,0,12,1,1,0
Variant 3,Low,Service Request,Email,8,5,1.0,0,40,2,0,0
Variant 1,Medium,Feature Request,Website,6,3,0.0,0,18,6,0,0
Variant 3,High,Incident,Email,8,4,1.0,0,32,0,1,0
Variant 3,Medium,Performance Issue,Website,8,6,1.0,0,48,21,0,0
Variant 1,Medium,Performance Issue,App,6,3,0.0,0,18,6,0,0
Variant 3,High,Performance Issue,Email,8,6,1.0,0,48,23,0,0
Variant 1,Medium,Bug,Website,6,3,0.0,0,18,12,0,0
Variant 3,High,Performance Issue,Website,8,3,1.0,0,24,8,0,0
Variant 1,High,Incident,Email,6,3,0.0,0,18,2,0,0
Variant 3,Low,Maintenance,Email,8,4,1.0,0,32,13,0,0
Variant 1,Medium,Service Request,Email,6,2,0.0,0,12,19,1,0
Variant 8,Medium,Bug,Website,10,3,0.0,0,30,8,0,0
Variant 1,Medium,Service Request,Website,6,2,0.0,0,12,18,0,0
Variant 1,Medium,Performance Issue,Website,6,3,0.0,0,18,6,0,0
Variant 1,Medium,Feature Request,Email,6,2,0.0,0,12,23,0,0
Variant 1,Low,Maintenance,Email,6,2,0.0,0,12,2,0,0
Variant 3,Medium,Performance Issue,Email,8,4,1.0,0,32,6,0,0
Variant 3,High,Incident,Website,8,5,1.0,0,40,22,0,0
Variant 6,Medium,Bug,Website,10,6,2.0,0,60,7,0,0
Variant 1,Medium,Bug,App,6,2,0.0,0,12,2,0,0
Variant 3,Low,Feature Request,Website,8,5,1.0,0,40,10,1,0
Variant 1,Medium,Performance Issue,Website,6,3,0.0,0,18,9,0,0
Variant 3,Medium,Feature Request,Website,8,4,1.0,0,32,23,0,0
Variant 1,Medium,Performance Issue,Phone,6,2,0.0,0,12,21,0,0
Variant 1,Medium,Bug,Website,6,2,0.0,0,12,7,0,0
Variant 8,Medium,Incident,Website,10,3,0.0,0,30,14,1,0
Variant 3,High,Performance Issue,Email,8,5,1.0,0,40,1,0,0
Variant 1,Low,Incident,Website,6,3,0.0,0,18,0,0,0
Variant 3,Low,Performance Issue,Email,8,5,1.0,0,40,10,0,0
Variant 1,High,Bug,Website,6,3,0.0,0,18,17,0,0
Variant 1,Medium,Maintenance,Website,6,3,0.0,0,18,7,1,0
Variant 7,High,Bug,Website,15,7,3.0,0,105,13,0,1
Variant 7,High,Bug,Website,15,7,3.0,0,105,13,0,1
Variant 10,Medium,Incident,Email,6,3,1.0,1,18,0,0,0
Variant 3,Low,Performance Issue,Website,8,6,1.0,0,48,13,0,0
Variant 1,High,Bug,Website,6,3,0.0,0,18,9,1,0
Variant 1,Low,Bug,Website,6,3,0.0,0,18,9,0,0
Variant 3,Medium,Incident,Website,8,4,1.0,0,32,13,0,0
Variant 4,Medium,Bug,Website,7,4,1.0,0,28,11,0,0
Variant 5,High,Bug,Website,12,5,1.0,1,60,10,0,1
Variant 3,Medium,Feature Request,Website,8,4,1.0,0,32,1,1,0
Variant 3,High,Feature Request,Website,8,4,1.0,0,32,5,0,0
Variant 3,Medium,Maintenance,Website,8,5,1.0,0,40,3,1,0
Variant 1,Medium,Feature Request,Website,6,2,0.0,0,12,11,0,0
Variant 3,High,Performance Issue,Email,8,5,1.0,0,40,20,0,0
Variant 3,High,Performance Issue,Website,8,3,1.0,0,24,6,0,0
Variant 1,Low,Service Request,Website,6,3,0.0,0,18,11,0,0
Variant 1,High,Performance Issue,Website,6,2,0.0,0,12,11,0,0
Variant 7,High,Bug,Website,15,6,3.0,0,90,16,0,1
Variant 5,Medium,Incident,Website,12,4,1.0,1,48,16,0,0
Variant 1,Medium,Service Request,Email,6,3,0.0,0,18,15,1,0
Variant 1,Medium,Feature Request,Email,6,2,0.0,0,12,10,0,0
Variant 2,Medium,Service Request,Website,4,3,0.0,1,12,1,1,0
Variant 1,Low,Bug,Email,6,3,0.0,0,18,8,1,0
Variant 1,Medium,Feature Request,Email,6,3,0.0,0,18,6,1,0
Variant 1,High,Incident,Website,6,3,0.0,0,18,16,0,0
Variant 4,Medium,Maintenance,Website,7,5,1.0,0,35,16,0,0
Variant 1,Medium,Bug,Email,6,3,0.0,0,18,20,0,0
Variant 3,Medium,Feature Request,Website,8,4,1.0,0,32,11,0,0
Variant 8,Low,Incident,Email,10,3,0.0,0,30,12,0,0
Variant 4,Medium,Performance Issue,Website,7,3,1.0,0,21,5,0,0
Variant 7,Medium,Bug,Email,15,9,3.0,0,135,10,0,0
Variant 3,Low,Feature Request,Website,8,4,1.0,0,32,11,0,0
Variant 1,Medium,Service Request,Email,6,3,0.0,0,18,11,0,0
Variant 10,High,Maintenance,App,6,4,1.0,1,24,2,1,0
Variant 1,Medium,Incident,Email,6,3,0.0,0,18,1,1,0
Variant 3,Low,Maintenance,Email,8,4,1.0,0,32,13,1,0
Variant 1,Low,Performance Issue,Website,6,3,0.0,0,18,18,0,0
Variant 2,High,Bug,Website,4,2,0.0,1,8,21,1,0
Variant 1,Medium,Incident,Phone,6,2,0.0,0,12,16,0,0
Variant 3,High,Performance Issue,Website,8,4,1.0,0,32,1,0,1
Variant 3,Low,Incident,Website,8,5,1.0,0,40,17,0,0
Variant 10,Medium,Incident,Email,6,3,1.0,1,18,6,0,0
Variant 1,Low,Bug,Email,6,2,0.0,0,12,22,0,0
Variant 3,Low,Performance Issue,Website,8,4,1.0,0,32,6,0,0
Variant 3,High,Feature Request,Email,8,5,1.0,0,40,21,0,0
Variant 1,Medium,Feature Request,Website,6,3,0.0,0,18,8,0,0
Variant 3,High,Performance Issue,Email,8,5,1.0,0,40,15,0,0
Variant 3,High,Incident,Email,8,4,1.0,0,32,4,0,0
Variant 4,Low,Service Request,Website,7,6,1.0,0,42,5,1,0
Variant 3,Low,Incident,Website,8,4,1.0,0,32,3,0,0
Variant 1,Low,Bug,Email,6,3,0.0,0,18,6,0,0
Variant 1,Medium,Feature Request,Website,6,3,0.0,0,18,18,0,0
Variant 6,Medium,Performance Issue,Website,10,6,2.0,0,60,2,0,0
Variant 4,Low,Bug,Website,7,5,1.0,0,35,8,1,0
Variant 3,Medium,Incident,App,8,4,1.0,0,32,9,0,0
Variant 3,Low,Feature Request,Website,8,4,1.0,0,32,0,0,0
Variant 3,Low,Feature Request,Email,8,4,1.0,0,32,4,1,0
Variant 9,Medium,Feature Request,Website,10,3,1.0,0,30,5,1,0
Variant 1,Medium,Bug,App,6,2,0.0,0,12,21,0,0
Variant 3,Medium,Feature Request,Email,8,5,1.0,0,40,14,0,0
Variant 6,Medium,Technical Issue,Website,10,5,2.0,0,50,20,0,0
Variant 6,High,Bug,Website,10,6,2.0,0,60,9,0,1
Variant 4,High,Service Request,Email,7,4,1.0,0,28,4,0,0
Variant 10,High,Incident,Website,6,4,1.0,1,24,10,1,0
Variant 3,Medium,Performance Issue,App,8,5,1.0,0,40,7,0,0
Variant 1,High,Feature Request,Email,6,3,0.0,0,18,21,0,0
Variant 8,Medium,Feature Request,Email,10,3,0.0,0,30,14,1,0
Variant 1,High,Performance Issue,Website,6,3,0.0,0,18,16,0,0
Variant 11,Medium,Service Request,Email,6,3,0.0,0,18,5,0,0
Variant 1,Medium,Bug,Email,6,3,0.0,0,18,5,1,0
Variant 11,Medium,Maintenance,Website,6,4,0.0,0,24,1,0,0
Variant 1,Medium,Service Request,Website,6,2,0.0,0,12,15,1,0
Variant 5,Medium,Feature Request,Email,12,5,1.0,1,60,21,0,0
Variant 10,High,Performance Issue,Email,6,3,1.0,1,18,2,0,0
Variant 1,High,Incident,Website,6,3,0.0,0,18,18,1,0
Variant 3,Low,Feature Request,Website,8,5,1.0,0,40,10,1,0
Variant 3,Medium,Technical Issue,Website,8,4,1.0,0,32,9,1,0
Variant 6,Low,Service Request,Website,10,5,2.0,0,50,19,1,0
Variant 1,High,Service Request,Website,6,3,0.0,0,18,4,0,0
Variant 3,Low,Feature Request,Website,8,4,1.0,0,32,2,0,0
Variant 1,Low,Service Request,Email,6,2,0.0,0,12,6,0,0
Variant 3,Medium,Feature Request,Email,8,6,1.0,0,48,8,0,0
Variant 1,Low,Bug,Website,6,3,0.0,0,18,17,0,0
Variant 3,High,Service Request,Website,8,6,1.0,0,48,15,1,0
Variant 4,Low,Incident,Website,7,5,1.0,0,35,6,0,0
Variant 3,Low,Feature Request,Website,8,5,1.0,0,40,6,0,0
Variant 3,Low,Performance Issue,Website,8,4,1.0,0,32,16,0,0
Variant 3,Medium,Performance Issue,App,8,5,1.0,0,40,2,1,0
Variant 3,High,Performance Issue,Email,8,5,1.0,0,40,22,0,0
Variant 3,Medium,Incident,Website,8,5,1.0,0,40,2,0,0
Variant 5,Low,Incident,Website,12,5,1.0,1,60,2,0,0
Variant 7,High,Bug,Email,15,7,3.0,0,105,11,1,1
Variant 4,Medium,Bug,Website,7,5,1.0,0,35,9,0,0
Variant 1,High,Incident,Email,6,3,0.0,0,18,2,0,0
Variant 1,High,Maintenance,App,6,2,0.0,0,12,16,0,0
Variant 4,High,Bug,Website,7,5,1.0,0,35,9,0,1
Variant 1,Low,Performance Issue,Email,6,3,0.0,0,18,11,0,0
Variant 10,Low,Feature Request,Website,6,3,1.0,1,18,10,0,0
Variant 3,High,Performance Issue,Website,8,4,1.0,0,32,16,0,1
Variant 3,Medium,Service Request,Website,8,4,1.0,0,32,9,0,0
Variant 3,Low,Feature Request,Email,8,5,1.0,0,40,14,0,0
Variant 7,Medium,Bug,Website,15,6,3.0,0,90,16,0,0
Variant 1,Medium,Maintenance,Website,6,3,0.0,0,18,8,0,0
Variant 1,High,Feature Request,Website,6,3,0.0,0,18,5,0,0
Variant 1,Medium,Feature Request,Email,6,2,0.0,0,12,9,0,0
Variant 3,Low,Feature Request,Email,8,4,1.0,0,32,13,1,0
Variant 3,High,Performance Issue,Website,8,4,1.0,0,32,23,1,0
Variant 11,Medium,Bug,Website,6,4,0.0,0,24,6,0,0
Variant 4,Low,Maintenance,Website,7,5,1.0,0,35,0,0,0
Variant 9,Low,Performance Issue,Email,10,5,1.0,0,50,0,1,0
Variant 1,High,Bug,Email,6,3,0.0,0,18,18,0,0
Variant 3,High,Performance Issue,Website,8,4,1.0,0,32,10,0,0
Variant 3,High,Feature Request,Email,8,4,1.0,0,32,7,1,0
Variant 2,Low,Bug,Website,4,3,0.0,1,12,20,0,0
Variant 3,Low,Incident,Website,8,3,1.0,0,24,6,0,0
Variant 3,Low,Incident,Email,8,4,1.0,0,32,8,0,0
Variant 3,Low,Performance Issue,Website,8,5,1.0,0,40,4,1,0
Variant 12,Low,Service Request,Email,6,3,0.0,0,18,6,0,0
Variant 1,Medium,Feature Request,Email,6,2,0.0,0,12,2,0,0
Variant 2,Low,Bug,Website,4,2,0.0,1,8,22,1,0
Variant 3,High,Performance Issue,Email,8,4,1.0,0,32,0,0,0
Variant 1,Low,Incident,Email,6,2,0.0,0,12,0,0,0
Variant 1,Medium,Bug,Website,6,3,0.0,0,18,11,0,0
Variant 4,Low,Maintenance,Email,7,5,1.0,0,35,12,0,0
Variant 3,Medium,Service Request,Website,8,4,1.0,0,32,19,0,0
Variant 7,High,Bug,Email,15,8,3.0,0,120,16,0,1
Variant 11,High,Bug,Email,6,2,0.0,0,12,22,0,0
Variant 1,Low,Bug,Email,6,2,0.0,0,12,23,0,0
Variant 1,Medium,Service Request,App,6,2,0.0,0,12,20,0,0
Variant 3,High,Performance Issue,Website,8,6,1.0,0,48,2,0,0
Variant 3,Medium,Performance Issue,Website,8,6,1.0,0,48,13,0,0
Variant 3,Low,Performance Issue,Email,8,5,1.0,0,40,10,0,0
Variant 1,Medium,Bug,Website,6,2,0.0,0,12,11,0,0
Variant 3,Medium,Performance Issue,Email,8,5,1.0,0,40,1,0,0
Variant 1,Medium,Performance Issue,Website,6,2,0.0,0,12,17,1,0
Variant 13,Low,Feature Request,Website,11,6,1.0,0,66,11,0,0
Variant 3,Medium,Maintenance,Email,8,5,1.0,0,40,9,1,0
Variant 7,Low,Bug,Website,15,5,3.0,0,75,2,0,0
Variant 3,Medium,Performance Issue,Website,8,5,1.0,0,40,13,0,0
Variant 2,Medium,Feature Request,Website,4,2,0.0,1,8,15,0,0
Variant 6,Low,Service Request,Website,10,6,2.0,0,60,1,0,0
Variant 3,High,Performance Issue,Website,8,4,1.0,0,32,21,0,0
Variant 3,Low,Performance Issue,Website,8,4,1.0,0,32,12,0,0
Variant 1,Medium,Service Request,Website,6,3,0.0,0,18,7,1,0
Variant 10,Low,Feature Request,Email,6,3,1.0,1,18,9,1,0
Variant 3,Medium,Performance Issue,Website,8,4,1.0,0,32,22,0,0
Variant 3,Low,Incident,Email,8,5,1.0,0,40,12,1,0
Variant 6,Low,Incident,Website,10,6,2.0,0,60,6,0,0
Variant 1,Low,Service Request,Website,6,3,0.0,0,18,17,0,0
Variant 6,High,Service Request,Website,10,6,2.0,0,60,20,1,1
Variant 3,Low,Performance Issue,Email,8,4,1.0,0,32,22,0,0
Variant 4,Medium,Performance Issue,Website,7,4,1.0,0,28,17,1,0
Variant 4,Medium,Bug,Email,7,4,1.0,0,28,16,1,0
Variant 1,Low,Bug,Website,6,3,0.0,0,18,15,1,0
Variant 3,Medium,Incident,Email,8,4,1.0,0,32,9,0,0
Variant 3,Medium,Performance Issue,Email,8,4,1.0,0,32,13,0,0
Variant 4,High,Feature Request,Website,7,4,1.0,0,28,11,0,0
Variant 1,Medium,Performance Issue,Website,6,3,0.0,0,18,16,0,0
Variant 1,Medium,Service Request,Email,6,3,0.0,0,18,18,0,0
Variant 1,Medium,Performance Issue,Email,6,3,0.0,0,18,11,0,0
Variant 3,Low,Performance Issue,Email,8,3,1.0,0,24,10,0,0
Variant 11,Medium,Technical Issue,Email,6,2,0.0,0,12,8,0,0
Variant 3,Medium,Performance Issue,Website,8,5,1.0,0,40,2,0,0
Variant 3,Medium,Performance Issue,Website,8,4,1.0,0,32,12,0,0
Variant 1,Medium,Technical Issue,Website,6,3,0.0,0,18,18,0,0
Variant 1,Medium,Bug,Email,6,2,0.0,0,12,7,0,0
Variant 3,Medium,Performance Issue,Email,8,4,1.0,0,32,10,0,0
Variant 5,Medium,Performance Issue,Website,12,5,1.0,1,60,3,0,0
Variant 3,Low,Feature Request,Website,8,4,1.0,0,32,10,0,0
Variant 3,High,Performance Issue,Website,8,4,1.0,0,32,6,1,0
Variant 3,High,Technical Issue,Email,8,5,1.0,0,40,13,1,0
Variant 3,Low,Service Request,Website,8,5,1.0,0,40,13,1,0
Variant 2,Medium,Maintenance,Website,4,3,0.0,1,12,22,1,0
Variant 1,Medium,Bug,Email,6,2,0.0,0,12,6,0,0
Variant 4,Low,Performance Issue,Website,7,4,1.0,0,28,15,0,0
Variant 1,Medium,Performance Issue,Email,6,3,0.0,0,18,18,0,0
Variant 4,High,Feature Request,Website,7,5,1.0,0,35,7,0,0
Variant 3,Medium,Performance Issue,Website,8,4,1.0,0,32,13,1,0
Variant 3,Low,Performance Issue,Website,8,4,1.0,0,32,8,1,0
Variant 1,Medium,Performance Issue,Website,6,3,0.0,0,18,10,0,0
Variant 3,Low,Performance Issue,App,8,4,1.0,0,32,15,0,0
Variant 1,Medium,Feature Request,Phone,6,2,0.0,0,12,13,1,0
Variant 1,Low,Service Request,App,6,2,0.0,0,12,16,0,0
Variant 3,Medium,Incident,Website,8,5,1.0,0,40,16,0,0
Variant 1,High,Feature Request,Email,6,3,0.0,0,18,1,0,0
Variant 3,Low,Maintenance,Email,8,5,1.0,0,40,14,0,0
Variant 3,High,Performance Issue,Email,8,4,1.0,0,32,8,0,0
Variant 4,Low,Bug,Phone,7,3,1.0,0,21,13,0,0
Variant 10,Medium,Feature Request,Website,6,3,1.0,1,18,22,1,0
Variant 1,Low,Bug,Website,6,3,0.0,0,18,1,0,0
Variant 11,Medium,Incident,Website,6,2,0.0,0,12,14,1,0
Variant 3,High,Incident,Website,8,5,1.0,0,40,9,1,1
Variant 12,Low,Performance Issue,Website,6,4,0.0,0,24,21,1,0
Variant 3,Low,Performance Issue,Email,8,3,1.0,0,24,1,1,0
Variant 3,Medium,Performance Issue,Website,8,5,1.0,0,40,1,1,0
Variant 8,Medium,Incident,Website,10,2,0.0,0,20,0,0,0
Variant 4,Low,Bug,Email,7,6,1.0,0,42,2,1,0
Variant 11,Medium,Bug,Website,6,3,0.0,0,18,7,0,0
Variant 3,High,Technical Issue,Website,8,3,1.0,0,24,7,0,0
Variant 3,Medium,Performance Issue,Email,8,6,1.0,0,48,21,0,0
Variant 1,Medium,Feature Request,Email,6,2,0.0,0,12,10,1,0
Variant 1,High,Feature Request,Website,6,2,0.0,0,12,10,0,0
Variant 1,Medium,Incident,Website,6,2,0.0,0,12,12,0,0
Variant 3,Medium,Performance Issue,Email,8,4,1.0,0,32,12,0,0
Variant 3,Medium,Service Request,Website,8,4,1.0,0,32,9,0,0
Variant 2,Medium,Service Request,Website,4,3,0.0,1,12,12,0,0
Variant 2,Medium,Bug,App,4,3,0.0,1,12,10,0,0
Variant 4,Low,Incident,Website,7,5,1.0,0,35,10,0,0
Variant 1,Medium,Maintenance,Email,6,2,0.0,0,12,11,1,0
Variant 1,Medium,Service Request,Website,6,3,0.0,0,18,18,1,0
Variant 1,Medium,Bug,Website,6,2,0.0,0,12,16,0,0
Variant 4,High,Bug,Website,7,6,1.0,0,42,18,0,0
Variant 2,Medium,Feature Request,Website,4,3,0.0,1,12,23,0,0
Variant 1,Medium,Feature Request,Website,6,2,0.0,0,12,8,1,0
Variant 5,Medium,Maintenance,Website,12,5,1.0,1,60,13,1,0
Variant 11,Medium,Bug,Website,6,3,0.0,0,18,19,0,0
Variant 1,High,Bug,Website,6,2,0.0,0,12,9,0,0
Variant 2,Medium,Incident,Email,4,2,0.0,1,8,15,0,0
Variant 3,High,Service Request,Website,8,4,1.0,0,32,18,0,0
Variant 4,Low,Feature Request,Website,7,4,1.0,0,28,1,0,0
Variant 1,High,Maintenance,Website,6,3,0.0,0,18,17,0,0
Variant 1,Low,Performance Issue,Email,6,3,0.0,0,18,18,0,0
Variant 3,Medium,Technical Issue,Website,8,4,1.0,0,32,23,0,0
Variant 1,Medium,Technical Issue,Email,6,3,0.0,0,18,10,1,0
Variant 3,Medium,Performance Issue,Website,8,5,1.0,0,40,20,0,0
Variant 3,High,Feature Request,Website,8,6,1.0,0,48,16,0,0
Variant 8,High,Bug,Website,10,3,0.0,0,30,0,1,1
Variant 12,Medium,Service Request,Email,6,3,0.0,0,18,0,0,0
Variant 4,Medium,Incident,Website,7,5,1.0,0,35,1,0,0
Variant 4,Medium,Bug,Phone,7,4,1.0,0,28,8,1,0
Variant 1,Medium,Technical Issue,Website,6,3,0.0,0,18,21,1,0
Variant 3,Medium,Performance Issue,Website,8,4,1.0,0,32,14,0,0
Variant 1,Medium,Feature Request,Website,6,2,0.0,0,12,2,0,0
Variant 1,Medium,Feature Request,Website,6,3,0.0,0,18,10,0,0
Variant 4,Medium,Incident,Email,7,6,1.0,0,42,3,1,0
Variant 3,Medium,Incident,Website,8,4,1.0,0,32,9,0,0
Variant 3,High,Technical Issue,Website,8,3,1.0,0,24,10,0,0
Variant 3,Low,Performance Issue,App,8,5,1.0,0,40,13,1,0
Variant 1,Medium,Incident,App,6,3,0.0,0,18,2,0,0
Variant 3,High,Performance Issue,Website,8,4,1.0,0,32,3,1,0
Variant 4,Medium,Bug,App,7,4,1.0,0,28,20,0,0
Variant 3,Medium,Feature Request,Website,8,5,1.0,0,40,17,0,0
Variant 1,Low,Bug,Email,6,3,0.0,0,18,10,1,0
Variant 1,High,Bug,Website,6,3,0.0,0,18,0,1,0
Variant 1,Medium,Bug,Website,6,3,0.0,0,18,21,0,0
Variant 3,High,Service Request,Email,8,5,1.0,0,40,5,0,0
Variant 1,Medium,Bug,Email,6,3,0.0,0,18,17,1,0
Variant 3,Medium,Performance Issue,Email,8,6,1.0,0,48,11,1,0
Variant 5,Medium,Incident,Website,12,4,1.0,1,48,2,0,0
Variant 4,Medium,Performance Issue,Website,7,5,1.0,0,35,8,0,0
Variant 3,Medium,Performance Issue,Website,8,5,1.0,0,40,4,0,0
Variant 1,Medium,Bug,Website,6,2,0.0,0,12,21,0,0
Variant 3,High,Performance Issue,Website,8,4,1.0,0,32,5,1,0
Variant 7,Medium,Bug,Email,15,9,3.0,0,135,4,1,0
Variant 1,High,Performance Issue,Website,6,2,0.0,0,12,6,0,0
Variant 4,Low,Performance Issue,Email,7,5,1.0,0,35,7,0,0
Variant 1,Medium,Bug,Website,6,2,0.0,0,12,20,1,0
Variant 8,High,Service Request,Email,10,2,0.0,0,20,10,1,1
Variant 3,Medium,Performance Issue,Email,8,5,1.0,0,40,20,1,0
Variant 1,Medium,Bug,Website,6,2,0.0,0,12,4,0,0
Variant 1,Medium,Performance Issue,Phone,6,2,0.0,0,12,11,0,0
Variant 2,Medium,Performance Issue,Website,4,2,0.0,1,8,15,0,0
Variant 8,Medium,Performance Issue,Email,10,3,0.0,0,30,17,0,0
Variant 3,Medium,Performance Issue,Email,8,5,1.0,0,40,8,1,0
Variant 5,Medium,Bug,Website,12,5,1.0,1,60,21,0,0
Variant 1,Low,Bug,Website,6,3,0.0,0,18,5,0,0
Variant 4,Low,Feature Request,App,7,5,1.0,0,35,3,0,0
Variant 1,Medium,Performance Issue,App,6,3,0.0,0,18,21,1,0
Variant 1,Medium,Feature Request,Website,6,2,0.0,0,12,17,0,0
Variant 3,Medium,Performance Issue,Website,8,4,1.0,0,32,8,1,0
Variant 2,Medium,Service Request,Email,4,2,0.0,1,8,16,1,0
Variant 1,Medium,Bug,Website,6,2,0.0,0,12,15,0,0
Variant 3,Low,Service Request,Website,8,5,1.0,0,40,4,0,0
Variant 3,Low,Performance Issue,Email,8,5,1.0,0,40,17,1,0
Variant 1,Medium,Incident,Website,6,3,0.0,0,18,8,0,0
Variant 3,High,Performance Issue,Email,8,5,1.0,0,40,16,0,0
Variant 12,Low,Bug,Website,6,3,0.0,0,18,2,0,0
Variant 7,High,Bug,Website,15,8,3.0,0,120,8,1,1
Variant 3,Medium,Performance Issue,Email,8,4,1.0,0,32,9,0,0
Variant 1,Low,Feature Request,Email,6,2,0.0,0,12,9,1,0
Variant 11,Medium,Bug,Website,6,2,0.0,0,12,5,0,0
Variant 3,Low,Performance Issue,Website,8,4,1.0,0,32,13,1,0
Variant 11,Medium,Bug,Website,6,3,0.0,0,18,20,0,0
Variant 2,Low,Performance Issue,Website,4,2,0.0,1,8,23,0,0
Variant 9,High,Bug,Email,10,5,1.0,0,50,12,0,0
Variant 2,Medium,Bug,Website,4,2,0.0,1,8,0,0,0
Variant 3,Low,Performance Issue,Email,8,5,1.0,0,40,7,0,0
Variant 7,Medium,Bug,Email,15,7,3.0,0,105,15,0,0
Variant 3,Medium,Service Request,Website,8,6,1.0,0,48,7,1,0
Variant 1,Medium,Performance Issue,Email,6,3,0.0,0,18,3,0,0
Variant 7,Medium,Bug,Website,15,6,3.0,0,90,9,0,0
Variant 1,Low,Bug,Website,6,3,0.0,0,18,10,0,0
Variant 2,Low,Service Request,Website,4,3,0.0,1,12,11,0,0
Variant 1,Medium,Bug,Website,6,2,0.0,0,12,11,0,0
Variant 3,Medium,Performance Issue,Phone,8,5,1.0,0,40,5,1,0
Variant 3,Medium,Performance Issue,Email,8,5,1.0,0,40,8,0,0
Variant 3,Medium,Incident,Website,8,5,1.0,0,40,15,0,0
Variant 3,Low,Performance Issue,Website,8,6,1.0,0,48,6,1,0
Variant 3,Low,Incident,Email,8,5,1.0,0,40,21,0,0
Variant 3,Medium,Performance Issue,Website,8,4,1.0,0,32,21,0,0
Variant 1,Low,Incident,Email,6,2,0.0,0,12,9,0,0
Variant 3,Medium,Performance Issue,Website,8,4,1.0,0,32,21,1,0
Variant 9,Low,Feature Request,Email,10,5,1.0,0,50,13,0,0
Variant 4,Medium,Bug,Email,7,5,1.0,0,35,22,0,0
Variant 4,High,Bug,Website,7,4,1.0,0,28,1,1,0
Variant 1,Medium,Feature Request,Website,6,3,0.0,0,18,20,0,0
Variant 3,Medium,Performance Issue,Email,8,5,1.0,0,40,20,0,0
Variant 1,Low,Bug,Website,6,3,0.0,0,18,20,0,0
Variant 1,Medium,Performance Issue,Website,6,2,0.0,0,12,22,0,0
Variant 1,Low,Maintenance,Website,6,2,0.0,0,12,3,0,0
Variant 3,Low,Performance Issue,Website,8,4,1.0,0,32,4,1,0
Variant 7,High,Bug,Website,15,7,3.0,0,105,4,0,1
Variant 3,Medium,Performance Issue,Phone,8,4,1.0,0,32,13,0,0
Variant 13,Medium,Bug,Website,11,6,1.0,0,66,11,1,0
Variant 2,Low,Service Request,Website,4,3,0.0,1,12,2,1,0
Variant 3,Low,Feature Request,Website,8,6,1.0,0,48,5,0,0
Variant 2,High,Feature Request,Website,4,2,0.0,1,8,12,1,0
Variant 3,Medium,Performance Issue,Website,8,5,1.0,0,40,16,1,0
Variant 3,Low,Technical Issue,Website,8,5,1.0,0,40,21,0,0
Variant 3,Low,Feature Request,Email,8,3,1.0,0,24,1,0,0
Variant 1,Medium,Incident,Website,6,3,0.0,0,18,10,0,0
Variant 1,Medium,Bug,Website,6,3,0.0,0,18,22,0,0
Variant 3,Medium,Service Request,Email,8,5,1.0,0,40,17,1,0
Variant 2,Low,Feature Request,Email,4,2,0.0,1,8,17,0,0
Variant 8,Medium,Performance Issue,Email,10,3,0.0,0,30,4,0,0
Variant 1,Low,Service Request,Email,6,3,0.0,0,18,2,1,0
Variant 3,Low,Feature Request,Website,8,3,1.0,0,24,23,1,0
Variant 3,High,Performance Issue,Website,8,4,1.0,0,32,5,0,0
Variant 1,Low,Technical Issue,Email,6,3,0.0,0,18,8,1,0
Variant 8,High,Performance Issue,Phone,10,3,0.0,0,30,19,1,1
Variant 8,Low,Bug,Website,10,2,0.0,0,20,8,0,0
Variant 4,Medium,Performance Issue,Website,7,5,1.0,0,35,16,0,0
Variant 1,Medium,Bug,Email,6,3,0.0,0,18,4,1,0
Variant 5,High,Performance Issue,Website,12,6,1.0,1,72,9,0,1
Variant 3,Medium,Performance Issue,Website,8,5,1.0,0,40,9,0,0
Variant 3,Medium,Performance Issue,Website,8,4,1.0,0,32,15,0,0
Variant 6,High,Bug,Website,10,5,2.0,0,50,9,0,1
Variant 4,Medium,Incident,Website,7,4,1.0,0,28,13,0,0
Variant 2,Medium,Performance Issue,Website,4,3,0.0,1,12,21,0,0
Variant 8,High,Feature Request,Email,10,3,0.0,0,30,21,0,1
Variant 11,Low,Bug,Email,6,3,0.0,0,18,6,0,0
Variant 3,Medium,Service Request,Email,8,4,1.0,0,32,2,0,0
Variant 12,Low,Service Request,Email,6,3,0.0,0,18,23,1,0
Variant 1,Low,Technical Issue,App,6,3,0.0,0,18,8,1,0
Variant 3,Medium,Performance Issue,Email,8,5,1.0,0,40,15,1,0
Variant 10,Low,Feature Request,Email,6,3,1.0,1,18,17,1,0
Variant 1,Medium,Incident,Website,6,3,0.0,0,18,14,0,0
Variant 12,Medium,Performance Issue,Email,6,2,0.0,0,12,22,0,0
Variant 10,Medium,Incident,Website,6,4,1.0,1,24,15,0,0
Variant 1,Low,Feature Request,Email,6,3,0.0,0,18,4,0,0
Variant 3,Low,Performance Issue,Email,8,3,1.0,0,24,11,0,0
Variant 7,Medium,Bug,App,15,7,3.0,0,105,16,1,0
Variant 4,Low,Service Request,Website,7,5,1.0,0,35,21,0,0
Variant 1,Medium,Service Request,Email,6,3,0.0,0,18,15,0,0
Variant 2,Medium,Bug,Website,4,3,0.0,1,12,20,0,0
Variant 1,Low,Feature Request,App,6,2,0.0,0,12,3,0,0
Variant 8,Medium,Incident,Website,10,3,0.0,0,30,18,0,0
Variant 1,High,Bug,Email,6,3,0.0,0,18,6,0,0
Variant 3,Medium,Performance Issue,Email,8,5,1.0,0,40,16,0,0
Variant 7,High,Bug,Website,15,7,3.0,0,105,15,1,1
Variant 10,Medium,Feature Request,Website,6,3,1.0,1,18,3,1,0
Variant 3,Medium,Technical Issue,Website,8,4,1.0,0,32,2,0,0
Variant 8,Medium,Incident,Website,10,3,0.0,0,30,0,1,0
Variant 4,Low,Bug,Website,7,5,1.0,0,35,13,0,0
Variant 1,Medium,Service Request,Phone,6,3,0.0,0,18,5,0,0
Variant 11,Medium,Incident,Email,6,3,0.0,0,18,5,0,0
Variant 3,Medium,Technical Issue,Email,8,4,1.0,0,32,21,1,0
Variant 4,Medium,Performance Issue,Email,7,5,1.0,0,35,10,0,0
Variant 1,Medium,Performance Issue,Email,6,3,0.0,0,18,21,1,0
Variant 3,High,Performance Issue,Website,8,5,1.0,0,40,13,0,0
Variant 9,Medium,Bug,Website,10,5,1.0,0,50,6,1,0
Variant 3,Low,Performance Issue,Website,8,5,1.0,0,40,19,1,0
Variant 5,High,Bug,Website,12,4,1.0,1,48,2,0,1
Variant 6,Low,Performance Issue,Email,10,6,2.0,0,60,6,0,0
Variant 3,Medium,Performance Issue,Website,8,5,1.0,0,40,14,0,0
Variant 3,Medium,Performance Issue,Email,8,4,1.0,0,32,9,0,0
Variant 4,Medium,Bug,Website,7,5,1.0,0,35,9,0,0
Variant 3,Low,Maintenance,Email,8,5,1.0,0,40,19,0,0
Variant 3,Medium,Performance Issue,Website,8,4,1.0,0,32,8,1,0
Variant 8,High,Feature Request,Email,10,3,0.0,0,30,6,1,0
Variant 3,Low,Feature Request,Website,8,4,1.0,0,32,18,0,0
Variant 1,Low,Performance Issue,Email,6,2,0.0,0,12,18,0,0
Variant 1,Medium,Bug,Website,6,3,0.0,0,18,11,0,0
Variant 1,Medium,Bug,Phone,6,3,0.0,0,18,8,1,0
Variant 3,Low,Performance Issue,Email,8,4,1.0,0,32,14,0,0
Variant 3,Medium,Performance Issue,Website,8,5,1.0,0,40,14,0,0
Variant 2,High,Incident,Website,4,3,0.0,1,12,11,0,0
Variant 9,High,Incident,Website,10,4,1.0,0,40,19,0,1
Variant 3,Low,Technical Issue,Website,8,5,1.0,0,40,10,1,0
Variant 1,Low,Incident,Website,6,2,0.0,0,12,5,1,0
Variant 1,Medium,Technical Issue,App,6,3,0.0,0,18,0,1,0
Variant 4,High,Feature Request,Email,7,3,1.0,0,21,17,1,0
Variant 1,Medium,Bug,Email,6,3,0.0,0,18,4,0,0
Variant 1,Medium,Performance Issue,Website,6,2,0.0,0,12,7,0,0
Variant 3,High,Performance Issue,Email,8,5,1.0,0,40,11,1,0
Variant 3,Low,Performance Issue,Email,8,4,1.0,0,32,7,0,0
Variant 4,Medium,Service Request,Email,7,5,1.0,0,35,19,0,0
Variant 9,Low,Performance Issue,Email,10,5,1.0,0,50,14,1,0
Variant 3,High,Technical Issue,Website,8,4,1.0,0,32,21,0,0
Variant 10,Low,Bug,Website,6,3,1.0,1,18,15,0,0
Variant 12,Low,Bug,Website,6,3,0.0,0,18,19,0,0
Variant 3,Low,Technical Issue,Email,8,4,1.0,0,32,17,0,0
Variant 1,High,Incident,Email,6,2,0.0,0,12,3,1,0
Variant 1,High,Bug,Website,6,3,0.0,0,18,15,0,0
Variant 3,Medium,Service Request,Email,8,5,1.0,0,40,6,0,0
Variant 3,Medium,Feature Request,Website,8,4,1.0,0,32,21,0,0
Variant 12,High,Bug,Website,6,2,0.0,0,12,10,0,0
Variant 3,Low,Feature Request,Website,8,4,1.0,0,32,14,1,0
Variant 1,Low,Technical Issue,Email,6,3,0.0,0,18,0,0,0
Variant 8,Medium,Feature Request,Email,10,3,0.0,0,30,22,1,0
Variant 3,Medium,Incident,App,8,4,1.0,0,32,17,0,0
Variant 1,Medium,Bug,Website,6,3,0.0,0,18,7,0,0
Variant 1,Low,Incident,Email,6,3,0.0,0,18,13,0,0
Variant 3,Low,Maintenance,Email,8,5,1.0,0,40,3,0,0
Variant 3,Medium,Feature Request,Email,8,5,1.0,0,40,23,0,0
Variant 1,High,Maintenance,Phone,6,3,0.0,0,18,6,0,0
Variant 1,Medium,Bug,Website,6,2,0.0,0,12,18,0,0
Variant 3,High,Performance Issue,Website,8,4,1.0,0,32,0,0,0
Variant 3,High,Performance Issue,App,8,4,1.0,0,32,2,1,0
Variant 8,Medium,Bug,App,10,3,0.0,0,30,12,0,0
Variant 3,Medium,Incident,Phone,8,4,1.0,0,32,19,0,0
Variant 3,Low,Service Request,Email,8,5,1.0,0,40,22,0,0
Variant 3,High,Performance Issue,Website,8,4,1.0,0,32,19,0,1
Variant 1,Low,Service Request,Email,6,3,0.0,0,18,2,0,0
Variant 3,Medium,Performance Issue,Website,8,5,1.0,0,40,0,1,0
Variant 3,Medium,Performance Issue,Website,8,5,1.0,0,40,15,0,0
Variant 1,Medium,Incident,Website,6,2,0.0,0,12,12,0,0
Variant 4,High,Service Request,Website,7,4,1.0,0,28,5,0,0
Variant 1,Low,Bug,Email,6,3,0.0,0,18,22,0,0
Variant 3,Low,Feature Request,Email,8,5,1.0,0,40,3,1,0
Variant 1,Low,Service Request,Email,6,3,0.0,0,18,1,0,0
Variant 1,Medium,Feature Request,Email,6,2,0.0,0,12,2,0,0
Variant 3,Low,Performance Issue,Email,8,5,1.0,0,40,20,0,0
Variant 1,Low,Performance Issue,Email,6,3,0.0,0,18,17,1,0
Variant 1,Medium,Bug,Email,6,3,0.0,0,18,0,1,0
Variant 6,Low,Technical Issue,Website,10,5,2.0,0,50,1,1,0
Variant 1,High,Bug,App,6,3,0.0,0,18,20,1,0
Variant 7,High,Bug,Website,15,7,3.0,0,105,5,1,1
Variant 3,Medium,Service Request,Website,8,4,1.0,0,32,16,0,0
Variant 1,High,Service Request,Email,6,3,0.0,0,18,23,0,0
Variant 4,High,Technical Issue,Email,7,4,1.0,0,28,6,1,1
Variant 5,Medium,Performance Issue,Website,12,6,1.0,1,72,6,0,0
Variant 1,Medium,Bug,Website,6,3,0.0,0,18,10,0,0
Variant 1,Medium,Maintenance,App,6,3,0.0,0,18,4,1,0
Variant 8,Medium,Technical Issue,Email,10,3,0.0,0,30,9,0,0
Variant 3,Medium,Performance Issue,App,8,3,1.0,0,24,17,1,0
Variant 3,Medium,Incident,Website,8,5,1.0,0,40,21,0,0
Variant 3,Medium,Maintenance,Website,8,4,1.0,0,32,3,0,0
Variant 1,Medium,Bug,Email,6,3,0.0,0,18,8,1,0
Variant 1,Low,Feature Request,Email,6,2,0.0,0,12,12,1,0
Variant 3,Medium,Incident,Website,8,5,1.0,0,40,1,0,0
Variant 1,Medium,Bug,App,6,3,0.0,0,18,11,0,0
Variant 5,Medium,Incident,Phone,12,5,1.0,1,60,2,0,0
Variant 9,Low,Bug,Website,10,5,1.0,0,50,14,0,0
Variant 3,Medium,Feature Request,Email,8,4,1.0,0,32,11,1,0
Variant 1,Medium,Performance Issue,Website,6,3,0.0,0,18,6,1,0
Variant 3,Low,Performance Issue,Website,8,5,1.0,0,40,20,1,0
Variant 3,Medium,Incident,Website,8,5,1.0,0,40,15,0,0
Variant 3,Medium,Performance Issue,Website,8,5,1.0,0,40,11,0,0
Variant 3,Medium,Performance Issue,Website,8,5,1.0,0,40,5,0,0
Variant 1,High,Feature Request,Phone,6,3,0.0,0,18,18,0,0
Variant 1,Low,Bug,Website,6,3,0.0,0,18,18,1,0
Variant 4,Low,Incident,Website,7,4,1.0,0,28,12,0,0
Variant 3,Medium,Performance Issue,Email,8,6,1.0,0,48,8,0,0
Variant 6,High,Bug,Email,10,5,2.0,0,50,13,0,1
Variant 12,High,Bug,Email,6,2,0.0,0,12,20,0,0
Variant 3,Medium,Feature Request,Email,8,6,1.0,0,48,13,0,0
Variant 1,Medium,Technical Issue,Website,6,3,0.0,0,18,4,1,0
Variant 3,Low,Maintenance,Website,8,5,1.0,0,40,20,0,0
Variant 3,Medium,Performance Issue,Website,8,4,1.0,0,32,7,0,0
Variant 1,Medium,Bug,Website,6,3,0.0,0,18,13,0,0
Variant 7,High,Bug,Website,15,8,3.0,0,120,0,0,1
Variant 3,Medium,Incident,Website,8,5,1.0,0,40,3,0,0
Variant 3,Medium,Performance Issue,Website,8,5,1.0,0,40,11,0,0
Variant 7,Medium,Bug,Website,15,8,3.0,0,120,17,1,1
Variant 1,Medium,Bug,Website,6,3,0.0,0,18,16,0,0
Variant 3,High,Service Request,App,8,3,1.0,0,24,7,0,0
Variant 1,Medium,Performance Issue,Website,6,3,0.0,0,18,11,0,0
Variant 6,Medium,Feature Request,Website,10,7,2.0,0,70,23,0,0
Variant 3,Low,Incident,Email,8,5,1.0,0,40,6,1,0
Variant 3,Medium,Feature Request,Email,8,5,1.0,0,40,15,0,0
Variant 9,Low,Performance Issue,Website,10,5,1.0,0,50,14,0,0
Variant 1,Low,Performance Issue,Website,6,3,0.0,0,18,11,1,0
Variant 1,Medium,Bug,Website,6,3,0.0,0,18,4,0,0
Variant 1,Medium,Bug,Email,6,2,0.0,0,12,4,0,0
Variant 1,Low,Performance Issue,Email,6,3,0.0,0,18,8,0,0
Variant 3,Medium,Feature Request,Email,8,5,1.0,0,40,15,1,0
Variant 3,Medium,Performance Issue,Email,8,5,1.0,0,40,2,0,0
Variant 3,Low,Feature Request,Email,8,3,1.0,0,24,12,0,0
Variant 9,Low,Technical Issue,Website,10,5,1.0,0,50,22,0,0
Variant 3,Medium,Feature Request,Website,8,5,1.0,0,40,13,0,0
Variant 3,Medium,Performance Issue,App,8,5,1.0,0,40,21,1,0
Variant 3,Medium,Performance Issue,Website,8,5,1.0,0,40,23,0,0
Variant 4,Medium,Feature Request,Email,7,5,1.0,0,35,15,0,0
Variant 1,Low,Maintenance,Email,6,3,0.0,0,18,2,1,0
Variant 7,Medium,Bug,Email,15,7,3.0,0,105,18,1,1
Variant 1,High,Bug,Website,6,2,0.0,0,12,17,0,0
Variant 6,Medium,Bug,Website,10,7,2.0,0,70,5,0,0
Variant 1,Medium,Incident,Website,6,2,0.0,0,12,5,0,0
Variant 4,Medium,Maintenance,Website,7,5,1.0,0,35,21,1,0
Variant 1,Medium,Bug,Website,6,3,0.0,0,18,16,0,0
Variant 13,Medium,Bug,Website,11,5,1.0,0,55,5,0,0
Variant 5,High,Bug,Website,12,5,1.0,1,60,12,1,1
Variant 11,Medium,Service Request,Website,6,3,0.0,0,18,13,0,0
Variant 3,Medium,Performance Issue,Website,8,4,1.0,0,32,23,1,0
Variant 2,Medium,Bug,Email,4,2,0.0,1,8,2,1,0
Variant 1,Low,Performance Issue,Website,6,3,0.0,0,18,14,0,0
Variant 11,Medium,Maintenance,Website,6,4,0.0,0,24,14,0,0
Variant 3,Low,Incident,Email,8,6,1.0,0,48,19,1,0
Variant 3,Medium,Performance Issue,Website,8,5,1.0,0,40,21,0,0
Variant 1,Medium,Performance Issue,Website,6,3,0.0,0,18,14,0,0
Variant 3,Medium,Feature Request,Email,8,5,1.0,0,40,16,0,0
Variant 3,Medium,Performance Issue,Email,8,5,1.0,0,40,3,0,0
Variant 1,Medium,Bug,Email,6,3,0.0,0,18,9,0,0
Variant 3,Medium,Incident,Website,8,4,1.0,0,32,16,0,0
Variant 3,Medium,Incident,Email,8,5,1.0,0,40,22,0,0
Variant 1,Medium,Performance Issue,Email,6,3,0.0,0,18,19,0,0
Variant 5,Low,Feature Request,Website,12,6,1.0,1,72,18,1,0
Variant 1,Low,Bug,Email,6,3,0.0,0,18,8,0,0
Variant 4,Low,Bug,Website,7,4,1.0,0,28,10,0,0
Variant 2,Low,Incident,Website,4,3,0.0,1,12,17,0,0
Variant 1,Medium,Incident,Website,6,3,0.0,0,18,3,0,0
Variant 1,Medium,Feature Request,Website,6,3,0.0,0,18,21,0,0
Variant 7,Medium,Bug,Website,15,8,3.0,0,120,19,1,0
Variant 1,Medium,Performance Issue,Email,6,2,0.0,0,12,14,0,0
Variant 1,Low,Bug,Email,6,3,0.0,0,18,2,0,0
Variant 1,Low,Performance Issue,Email,6,3,0.0,0,18,3,1,0
Variant 1,Low,Bug,Email,6,3,0.0,0,18,8,1,0
Variant 6,Medium,Incident,Email,10,7,2.0,0,70,16,0,0
Variant 5,Medium,Bug,Website,12,5,1.0,1,60,17,0,0
Variant 4,Medium,Bug,Website,7,5,1.0,0,35,4,1,0
Variant 8,Low,Bug,Website,10,3,0.0,0,30,3,0,0
Variant 4,Low,Feature Request,Website,7,5,1.0,0,35,7,0,0
Variant 3,High,Performance Issue,Website,8,4,1.0,0,32,18,1,0
Variant 1,Medium,Service Request,Website,6,3,0.0,0,18,6,0,0
Variant 8,Medium,Feature Request,Website,10,3,0.0,0,30,18,0,0
Variant 1,High,Incident,Email,6,3,0.0,0,18,11,0,0
Variant 1,Medium,Performance Issue,Website,6,3,0.0,0,18,11,0,0
Variant 3,Medium,Performance Issue,Website,8,4,1.0,0,32,11,0,0
Variant 8,High,Incident,Website,10,3,0.0,0,30,7,0,1
Variant 3,Medium,Technical Issue,Website,8,4,1.0,0,32,17,0,0
Variant 3,Medium,Feature Request,Phone,8,5,1.0,0,40,5,0,0
Variant 3,Low,Performance Issue,Website,8,5,1.0,0,40,21,0,0
Variant 1,High,Feature Request,Email,6,3,0.0,0,18,5,0,0
Variant 6,Medium,Technical Issue,Website,10,6,2.0,0,60,23,0,0
Variant 2,Medium,Feature Request,Email,4,2,0.0,1,8,20,0,0
Variant 1,High,Feature Request,Website,6,3,0.0,0,18,7,0,0
Variant 1,Medium,Performance Issue,Website,6,3,0.0,0,18,13,0,0
Variant 6,Low,Bug,Website,10,7,2.0,0,70,18,1,0
Variant 3,Medium,Feature Request,Email,8,5,1.0,0,40,0,0,0
Variant 3,Medium,Feature Request,Website,8,4,1.0,0,32,6,0,0
Variant 10,Medium,Bug,Website,6,3,1.0,1,18,21,0,0
Variant 3,High,Performance Issue,Website,8,4,1.0,0,32,10,1,0
Variant 3,Medium,Performance Issue,Website,8,5,1.0,0,40,6,0,0
Variant 4,High,Incident,Website,7,4,1.0,0,28,5,0,0
Variant 3,Medium,Performance Issue,Email,8,4,1.0,0,32,13,0,0
Variant 4,Low,Bug,Website,7,5,1.0,0,35,15,0,0
Variant 3,Medium,Performance Issue,Phone,8,5,1.0,0,40,15,1,0
Variant 3,Medium,Performance Issue,Email,8,4,1.0,0,32,6,0,0
Variant 1,Medium,Incident,Email,6,2,0.0,0,12,21,0,0
Variant 4,Low,Maintenance,Website,7,4,1.0,0,28,5,0,0
Variant 1,Medium,Service Request,Website,6,2,0.0,0,12,18,1,0
Variant 3,High,Feature Request,Email,8,5,1.0,0,40,15,0,0
Variant 7,Medium,Bug,Email,15,6,3.0,0,90,3,0,0
Variant 3,Medium,Performance Issue,Website,8,5,1.0,0,40,0,0,0
Variant 1,Low,Performance Issue,Email,6,3,0.0,0,18,10,0,0
Variant 7,Medium,Bug,Website,15,7,3.0,0,105,15,0,0
Variant 1,Medium,Maintenance,Website,6,3,0.0,0,18,19,0,0
Variant 1,Medium,Bug,Email,6,3,0.0,0,18,23,0,0
Variant 3,Medium,Performance Issue,Website,8,5,1.0,0,40,0,0,0
Variant 1,High,Bug,Email,6,2,0.0,0,12,2,0,0
Variant 3,Medium,Performance Issue,Website,8,5,1.0,0,40,6,0,0
Variant 3,Medium,Incident,Email,8,3,1.0,0,24,15,1,0
Variant 3,Medium,Incident,Email,8,5,1.0,0,40,7,0,0
Variant 1,Medium,Bug,Email,6,3,0.0,0,18,8,1,0
Variant 1,High,Technical Issue,Website,6,3,0.0,0,18,23,1,0
Variant 3,Low,Performance Issue,Email,8,4,1.0,0,32,18,0,0
Variant 3,High,Service Request,Website,8,4,1.0,0,32,11,0,0
Variant 1,Low,Technical Issue,Website,6,2,0.0,0,12,2,0,0
Variant 1,Low,Bug,Email,6,2,0.0,0,12,7,1,0
Variant 1,Medium,Feature Request,Website,6,3,0.0,0,18,22,0,0
Variant 3,Medium,Performance Issue,Email,8,4,1.0,0,32,4,0,0
Variant 1,Medium,Bug,Email,6,2,0.0,0,12,21,1,0
Variant 1,High,Performance Issue,Email,6,2,0.0,0,12,12,0,0
Variant 3,High,Service Request,Email,8,5,1.0,0,40,13,0,0
Variant 2,Medium,Bug,Email,4,2,0.0,1,8,0,1,0
Variant 4,Medium,Performance Issue,Website,7,4,1.0,0,28,18,0,0
Variant 3,Low,Technical Issue,Website,8,4,1.0,0,32,3,0,0
Variant 3,Medium,Performance Issue,Website,8,5,1.0,0,40,3,0,0
Variant 8,Medium,Incident,Website,10,3,0.0,0,30,5,1,0
Variant 3,High,Performance Issue,Email,8,5,1.0,0,40,3,1,0
Variant 1,Low,Feature Request,Website,6,2,0.0,0,12,12,0,0
Variant 1,Medium,Performance Issue,Website,6,2,0.0,0,12,12,0,0
Variant 1,Low,Incident,Website,6,3,0.0,0,18,5,0,0
Variant 3,High,Incident,Email,8,4,1.0,0,32,11,0,0
Variant 1,Medium,Feature Request,Email,6,3,0.0,0,18,19,0,0
Variant 1,Low,Performance Issue,Website,6,3,0.0,0,18,7,1,0
Variant 1,Low,Bug,Website,6,3,0.0,0,18,12,0,0
Variant 4,Medium,Bug,Email,7,4,1.0,0,28,7,0,0
Variant 1,High,Service Request,Email,6,3,0.0,0,18,1,0,0
Variant 1,Medium,Incident,Website,6,2,0.0,0,12,18,1,0
Variant 3,Medium,Performance Issue,Website,8,6,1.0,0,48,12,0,0
Variant 3,Low,Feature Request,Website,8,3,1.0,0,24,5,0,0
Variant 4,Medium,Feature Request,Website,7,4,1.0,0,28,12,0,0
Variant 3,Medium,Technical Issue,Email,8,5,1.0,0,40,12,0,0
Variant 2,Medium,Incident,Website,4,2,0.0,1,8,14,0,0
Variant 3,Low,Performance Issue,Email,8,4,1.0,0,32,16,0,0
Variant 5,Medium,Performance Issue,Website,12,5,1.0,1,60,23,1,0
Variant 1,Medium,Performance Issue,Website,6,3,0.0,0,18,20,0,0
Variant 1,Medium,Service Request,Website,6,3,0.0,0,18,22,1,0
Variant 3,High,Performance Issue,Website,8,5,1.0,0,40,3,1,0
Variant 2,Medium,Incident,Website,4,2,0.0,1,8,21,0,0
Variant 3,Medium,Incident,Website,8,5,1.0,0,40,10,0,0
Variant 4,Medium,Bug,Website,7,4,1.0,0,28,22,1,0
Variant 4,Low,Technical Issue,Website,7,5,1.0,0,35,3,0,0
Variant 3,Medium,Performance Issue,Email,8,5,1.0,0,40,9,1,0
Variant 1,Medium,Performance Issue,Website,6,3,0.0,0,18,10,0,0
Variant 3,High,Incident,Website,8,5,1.0,0,40,3,1,0
Variant 5,Medium,Bug,Email,12,6,1.0,1,72,10,0,0
Variant 13,Medium,Maintenance,Email,11,4,1.0,0,44,11,1,0
Variant 3,Medium,Performance Issue,Website,8,5,1.0,0,40,13,0,0
Variant 1,Medium,Performance Issue,Website,6,3,0.0,0,18,4,1,0
Variant 3,High,Feature Request,Website,8,6,1.0,0,48,8,0,0
Variant 4,Medium,Performance Issue,Website,7,6,1.0,0,42,12,0,0
Variant 5,High,Bug,App,12,5,1.0,1,60,12,0,1
Variant 5,High,Incident,Website,12,4,1.0,1,48,17,0,1
Variant 1,Medium,Performance Issue,Website,6,3,0.0,0,18,9,0,0
Variant 3,High,Incident,Website,8,5,1.0,0,40,0,1,1
Variant 3,Medium,Service Request,Email,8,5,1.0,0,40,2,1,0
Variant 3,Medium,Performance Issue,Email,8,5,1.0,0,40,13,0,0
Variant 3,Low,Performance Issue,Email,8,4,1.0,0,32,18,0,0
Variant 1,High,Feature Request,Email,6,2,0.0,0,12,23,1,0
Variant 3,Medium,Incident,Website,8,5,1.0,0,40,15,1,0
Variant 4,Low,Feature Request,Website,7,4,1.0,0,28,12,0,0
Variant 3,Low,Performance Issue,Website,8,5,1.0,0,40,18,0,0
Variant 2,High,Incident,Email,4,3,0.0,1,12,23,0,0
Variant 4,Medium,Bug,Website,7,5,1.0,0,35,2,0,0
Variant 8,Medium,Technical Issue,Website,10,3,0.0,0,30,22,0,0
Variant 3,Low,Performance Issue,App,8,5,1.0,0,40,8,0,0
Variant 3,High,Performance Issue,Email,8,4,1.0,0,32,21,0,0
Variant 7,Medium,Bug,Email,15,7,3.0,0,105,19,1,0
Variant 3,Medium,Maintenance,Website,8,5,1.0,0,40,20,0,0
Variant 6,Medium,Performance Issue,Email,10,6,2.0,0,60,21,0,0
Variant 3,High,Performance Issue,Website,8,5,1.0,0,40,4,1,0
Variant 1,Low,Incident,Email,6,3,0.0,0,18,22,0,0
Variant 2,Medium,Feature Request,Website,4,3,0.0,1,12,22,0,0
Variant 1,Medium,Feature Request,Website,6,2,0.0,0,12,18,0,0
Variant 1,High,Feature Request,Email,6,3,0.0,0,18,21,1,0
Variant 3,Low,Performance Issue,Email,8,4,1.0,0,32,17,1,0
Variant 1,Medium,Bug,Website,6,3,0.0,0,18,14,0,0
Variant 1,Medium,Bug,Website,6,2,0.0,0,12,9,0,0
Variant 1,Medium,Maintenance,Website,6,3,0.0,0,18,22,0,0
Variant 8,Medium,Bug,App,10,3,0.0,0,30,12,1,0
Variant 3,Medium,Performance Issue,Website,8,5,1.0,0,40,7,1,0
Variant 3,Medium,Performance Issue,Website,8,4,1.0,0,32,3,0,0
Variant 1,Medium,Feature Request,Email,6,3,0.0,0,18,12,0,0
Variant 3,Medium,Feature Request,Email,8,4,1.0,0,32,23,0,0
Variant 1,Low,Bug,Email,6,2,0.0,0,12,4,0,0
Variant 3,Medium,Incident,Email,8,5,1.0,0,40,7,0,0
Variant 1,Low,Feature Request,Website,6,3,0.0,0,18,4,0,0
Variant 1,Medium,Incident,Email,6,3,0.0,0,18,22,0,0
Variant 1,Medium,Incident,Website,6,3,0.0,0,18,11,0,0
Variant 5,Medium,Maintenance,Email,12,6,1.0,1,72,21,1,0
Variant 3,Medium,Performance Issue,Website,8,4,1.0,0,32,9,0,0
Variant 3,High,Incident,Email,8,4,1.0,0,32,3,1,0
Variant 3,Medium,Incident,Website,8,3,1.0,0,24,23,0,0
Variant 2,Low,Bug,Email,4,3,0.0,1,12,22,0,0
Variant 8,High,Bug,Website,10,3,0.0,0,30,17,0,1
Variant 1,High,Feature Request,Website,6,3,0.0,0,18,1,0,0
Variant 3,High,Incident,Email,8,5,1.0,0,40,6,1,0
Variant 4,High,Bug,Website,7,4,1.0,0,28,14,0,0
Variant 5,High,Feature Request,Email,12,6,1.0,1,72,13,0,0
Variant 13,Medium,Technical Issue,Email,11,5,1.0,0,55,22,0,0
Variant 1,Low,Feature Request,Email,6,3,0.0,0,18,20,1,0
Variant 3,High,Incident,Email,8,4,1.0,0,32,3,0,0
Variant 3,High,Incident,Email,8,4,1.0,0,32,3,0,0
Variant 3,High,Performance Issue,Website,8,4,1.0,0,32,16,0,0
Variant 1,Medium,Incident,Website,6,3,0.0,0,18,22,1,0
Variant 1,Medium,Bug,Website,6,3,0.0,0,18,18,0,0
Variant 3,Medium,Incident,Website,8,3,1.0,0,24,10,1,0
Variant 3,High,Feature Request,App,8,5,1.0,0,40,2,0,0
Variant 3,Medium,Technical Issue,Website,8,5,1.0,0,40,5,1,0
Variant 2,High,Performance Issue,Email,4,3,0.0,1,12,17,0,0
Variant 3,Medium,Performance Issue,Website,8,5,1.0,0,40,4,1,0
Variant 3,Low,Service Request,Website,8,4,1.0,0,32,23,0,0
Variant 1,Medium,Feature Request,Phone,6,3,0.0,0,18,14,0,0
Variant 4,High,Feature Request,Website,7,5,1.0,0,35,23,1,0
Variant 6,Low,Bug,Phone,10,5,2.0,0,50,12,1,0
Variant 3,High,Feature Request,Email,8,4,1.0,0,32,8,0,0
Variant 1,Low,Performance Issue,Website,6,2,0.0,0,12,15,0,0
Variant 3,Medium,Feature Request,Email,8,4,1.0,0,32,6,0,0
Variant 3,Low,Feature Request,Website,8,3,1.0,0,24,21,0,0
Variant 5,Low,Bug,App,12,6,1.0,1,72,5,1,0
Variant 1,Low,Feature Request,Website,6,3,0.0,0,18,9,0,0
Variant 1,High,Feature Request,Email,6,3,0.0,0,18,2,1,0
Variant 4,Medium,Feature Request,Email,7,4,1.0,0,28,3,0,0
Variant 1,Low,Feature Request,Website,6,2,0.0,0,12,0,1,0
Variant 1,Low,Incident,Email,6,2,0.0,0,12,19,1,0
Variant 1,Low,Feature Request,Website,6,3,0.0,0,18,7,1,0
Variant 1,Low,Maintenance,Email,6,3,0.0,0,18,9,1,0
Variant 1,Low,Service Request,Email,6,3,0.0,0,18,11,0,0
Variant 3,High,Incident,Email,8,5,1.0,0,40,3,1,0
Variant 7,High,Bug,Email,15,8,3.0,0,120,19,1,1
Variant 1,Low,Incident,Website,6,3,0.0,0,18,8,0,0
Variant 3,High,Performance Issue,Email,8,5,1.0,0,40,17,0,0
Variant 1,Medium,Incident,Website,6,3,0.0,0,18,22,0,0
Variant 1,Medium,Service Request,Email,6,3,0.0,0,18,6,1,0
Variant 10,Low,Bug,Email,6,4,1.0,1,24,21,0,0
Variant 1,Medium,Feature Request,Website,6,2,0.0,0,12,2,0,0
Variant 1,Low,Service Request,Email,6,2,0.0,0,12,20,0,0
Variant 6,Low,Feature Request,Email,10,6,2.0,0,60,2,0,0
Variant 9,Low,Incident,Email,10,4,1.0,0,40,3,0,0
Variant 3,Medium,Incident,Website,8,4,1.0,0,32,17,0,0
Variant 3,Low,Performance Issue,Website,8,3,1.0,0,24,0,0,0
Variant 1,Medium,Performance Issue,Email,6,2,0.0,0,12,15,1,0
Variant 7,Medium,Bug,Email,15,9,3.0,0,135,8,0,0
Variant 2,Medium,Incident,Website,4,3,0.0,1,12,4,1,0
Variant 13,Medium,Service Request,Email,11,5,1.0,0,55,18,0,0
Variant 6,Low,Maintenance,Website,10,6,2.0,0,60,0,1,0
Variant 3,High,Feature Request,Email,8,3,1.0,0,24,10,1,0
Variant 1,Low,Incident,Website,6,2,0.0,0,12,12,0,0
Variant 7,High,Bug,Email,15,8,3.0,0,120,6,0,1
Variant 3,Medium,Performance Issue,App,8,5,1.0,0,40,2,1,0
Variant 3,Medium,Feature Request,Website,8,4,1.0,0,32,10,0,0
Variant 3,Medium,Performance Issue,Website,8,4,1.0,0,32,12,1,0
Variant 3,Medium,Incident,Email,8,3,1.0,0,24,13,0,0
Variant 1,Medium,Bug,Website,6,3,0.0,0,18,21,0,0
Variant 7,High,Bug,Email,15,8,3.0,0,120,7,0,1
Variant 8,High,Bug,Website,10,3,0.0,0,30,8,0,1
Variant 1,Low,Bug,Email,6,2,0.0,0,12,23,0,0
Variant 3,Medium,Service Request,Website,8,3,1.0,0,24,8,1,0
Variant 3,Medium,Maintenance,Website,8,4,1.0,0,32,2,0,0
Variant 1,Low,Feature Request,Website,6,2,0.0,0,12,11,0,0
Variant 3,High,Maintenance,Email,8,5,1.0,0,40,5,0,0
Variant 11,Medium,Service Request,Email,6,3,0.0,0,18,1,0,0
Variant 1,Medium,Maintenance,Website,6,2,0.0,0,12,20,0,0
Variant 1,Medium,Performance Issue,Email,6,3,0.0,0,18,12,0,0
Variant 1,Medium,Maintenance,Email,6,3,0.0,0,18,22,1,0
Variant 1,Medium,Technical Issue,Website,6,3,0.0,0,18,15,0,0
Variant 3,High,Service Request,Website,8,4,1.0,0,32,19,0,1
Variant 1,Low,Incident,Email,6,2,0.0,0,12,6,0,0
Variant 3,Medium,Performance Issue,Website,8,4,1.0,0,32,1,0,0
Variant 3,Medium,Technical Issue,Email,8,5,1.0,0,40,3,0,0
Variant 5,High,Feature Request,Email,12,6,1.0,1,72,9,0,1
Variant 4,Medium,Performance Issue,Website,7,4,1.0,0,28,16,0,0
Variant 3,Medium,Performance Issue,Website,8,5,1.0,0,40,3,0,0
Variant 1,Medium,Feature Request,Website,6,3,0.0,0,18,13,0,0
Variant 3,Medium,Performance Issue,Email,8,3,1.0,0,24,8,0,0
Variant 1,Low,Bug,Email,6,3,0.0,0,18,7,0,0
Variant 4,Medium,Maintenance,Website,7,4,1.0,0,28,20,1,0
Variant 1,Medium,Bug,Website,6,2,0.0,0,12,16,1,0
Variant 1,Low,Feature Request,Email,6,3,0.0,0,18,16,0,0
Variant 12,Low,Incident,Email,6,3,0.0,0,18,21,0,0
Variant 3,Low,Feature Request,Website,8,3,1.0,0,24,10,0,0
Variant 3,High,Performance Issue,Website,8,4,1.0,0,32,14,0,0
Variant 5,Medium,Bug,Email,12,5,1.0,1,60,21,0,0
Variant 1,Medium,Incident,Email,6,3,0.0,0,18,18,0,0
Variant 1,Medium,Feature Request,Website,6,3,0.0,0,18,6,0,0
Variant 3,Low,Service Request,Email,8,4,1.0,0,32,7,0,0
Variant 3,Low,Feature Request,Email,8,4,1.0,0,32,10,0,0
Variant 1,Low,Service Request,Email,6,3,0.0,0,18,7,1,0
Variant 3,Medium,Incident,Email,8,6,1.0,0,48,21,0,0
Variant 10,Low,Performance Issue,App,6,3,1.0,1,18,15,1,0
Variant 3,Medium,Performance Issue,Website,8,4,1.0,0,32,17,0,0
Variant 3,Medium,Performance Issue,Website,8,4,1.0,0,32,22,0,0
Variant 3,Low,Maintenance,Email,8,5,1.0,0,40,14,0,0
Variant 3,Low,Feature Request,Email,8,4,1.0,0,32,21,0,0
Variant 7,High,Bug,Email,15,9,3.0,0,135,9,0,1
Variant 8,Low,Bug,Website,10,3,0.0,0,30,0,0,0
Variant 1,Low,Service Request,Email,6,3,0.0,0,18,21,1,0
Variant 1,Medium,Incident,Email,6,2,0.0,0,12,3,1,0
Variant 3,High,Performance Issue,Website,8,5,1.0,0,40,4,0,0
Variant 3,Medium,Performance Issue,Website,8,4,1.0,0,32,20,1,0
Variant 5,High,Service Request,Phone,12,4,1.0,1,48,3,0,1
Variant 1,Low,Performance Issue,Website,6,3,0.0,0,18,9,1,0
Variant 7,High,Bug,Website,15,7,3.0,0,105,12,0,1
Variant 1,Medium,Incident,Website,6,3,0.0,0,18,5,0,0
Variant 3,Medium,Performance Issue,Email,8,5,1.0,0,40,3,1,0
Variant 1,Medium,Bug,Website,6,3,0.0,0,18,10,1,0
Variant 1,Medium,Feature Request,Email,6,2,0.0,0,12,0,1,0
Variant 3,Low,Feature Request,Phone,8,4,1.0,0,32,4,1,0
Variant 5,High,Bug,Website,12,5,1.0,1,60,23,1,1
Variant 1,Medium,Bug,Email,6,3,0.0,0,18,2,0,0
Variant 3,High,Performance Issue,Website,8,4,1.0,0,32,12,0,0
Variant 1,Medium,Bug,Website,6,2,0.0,0,12,5,0,0
Variant 3,Low,Maintenance,Website,8,4,1.0,0,32,8,1,0
Variant 5,High,Service Request,Website,12,5,1.0,1,60,10,0,1
Variant 1,Medium,Bug,Website,6,2,0.0,0,12,1,0,0
Variant 1,Low,Incident,Email,6,3,0.0,0,18,13,0,0
Variant 3,Low,Feature Request,Website,8,5,1.0,0,40,21,0,0
Variant 1,High,Incident,Website,6,3,0.0,0,18,4,1,0
Variant 1,Medium,Bug,Website,6,3,0.0,0,18,11,0,0
Variant 3,Low,Maintenance,Website,8,4,1.0,0,32,14,1,0
Variant 3,Medium,Performance Issue,Website,8,4,1.0,0,32,15,1,0
Variant 3,Medium,Performance Issue,Email,8,5,1.0,0,40,3,0,0
Variant 13,Medium,Bug,Website,11,3,1.0,0,33,9,0,0
Variant 3,Low,Performance Issue,Website,8,4,1.0,0,32,22,0,0
Variant 3,Medium,Performance Issue,Email,8,3,1.0,0,24,21,0,0
Variant 4,Medium,Maintenance,Email,7,4,1.0,0,28,17,0,0
Variant 1,Low,Bug,Website,6,3,0.0,0,18,13,0,0
Variant 5,Medium,Performance Issue,Website,12,5,1.0,1,60,7,0,0
Variant 11,High,Service Request,Email,6,3,0.0,0,18,13,0,0
Variant 3,Medium,Performance Issue,App,8,3,1.0,0,24,15,0,0
Variant 3,Medium,Performance Issue,Email,8,5,1.0,0,40,14,0,0
Variant 1,Low,Incident,Email,6,3,0.0,0,18,3,0,0
Variant 4,High,Bug,Email,7,6,1.0,0,42,16,1,0
Variant 3,Low,Feature Request,Website,8,5,1.0,0,40,12,1,0
Variant 3,Medium,Feature Request,Website,8,4,1.0,0,32,21,0,0
Variant 8,High,Feature Request,Email,10,2,0.0,0,20,19,0,1
Variant 1,Medium,Feature Request,Website,6,2,0.0,0,12,20,1,0
Variant 1,Medium,Service Request,Email,6,2,0.0,0,12,15,0,0
Variant 3,Low,Incident,Website,8,5,1.0,0,40,12,1,0
Variant 3,Medium,Performance Issue,Website,8,5,1.0,0,40,22,0,0
Variant 3,Medium,Performance Issue,Website,8,5,1.0,0,40,10,0,0
Variant 3,High,Service Request,Email,8,6,1.0,0,48,4,0,0
Variant 1,High,Feature Request,Email,6,2,0.0,0,12,4,0,0
Variant 3,Low,Performance Issue,Website,8,5,1.0,0,40,7,1,0
Variant 1,Medium,Performance Issue,Email,6,3,0.0,0,18,19,0,0
Variant 3,Medium,Performance Issue,App,8,3,1.0,0,24,12,0,0
Variant 1,High,Performance Issue,Email,6,3,0.0,0,18,15,0,0
Variant 6,Medium,Incident,Email,10,6,2.0,0,60,20,0,0
Variant 3,Medium,Service Request,Website,8,4,1.0,0,32,6,0,0
Variant 3,Medium,Feature Request,Website,8,4,1.0,0,32,14,0,0
Variant 1,High,Performance Issue,Website,6,3,0.0,0,18,14,0,0
Variant 11,Medium,Feature Request,Email,6,3,0.0,0,18,20,0,0
Variant 3,Medium,Performance Issue,Email,8,3,1.0,0,24,12,0,0
Variant 3,Low,Incident,Website,8,4,1.0,0,32,1,0,0
Variant 5,Medium,Bug,Phone,12,6,1.0,1,72,23,1,0
Variant 3,High,Maintenance,Email,8,4,1.0,0,32,4,0,0
Variant 5,Medium,Bug,Website,12,6,1.0,1,72,9,0,0
Variant 3,Medium,Incident,Website,8,4,1.0,0,32,9,0,0
Variant 3,Medium,Feature Request,Email,8,4,1.0,0,32,2,1,0
Variant 6,Medium,Bug,Email,10,6,2.0,0,60,0,0,0
Variant 3,Medium,Performance Issue,Website,8,3,1.0,0,24,22,0,0
Variant 1,Medium,Bug,Website,6,3,0.0,0,18,2,0,0
Variant 1,Low,Incident,Website,6,2,0.0,0,12,23,1,0
Variant 1,Medium,Technical Issue,Website,6,2,0.0,0,12,7,0,0
Variant 3,Medium,Performance Issue,Email,8,4,1.0,0,32,9,1,0
Variant 1,High,Maintenance,Website,6,3,0.0,0,18,2,1,0
Variant 5,Medium,Technical Issue,Email,12,5,1.0,1,60,23,0,0
Variant 6,High,Bug,Website,10,7,2.0,0,70,16,0,0
Variant 11,Medium,Service Request,Email,6,2,0.0,0,12,17,0,0
Variant 3,Low,Maintenance,Email,8,4,1.0,0,32,8,0,0
Variant 1,High,Feature Request,Email,6,3,0.0,0,18,19,0,0
Variant 3,Medium,Service Request,Website,8,3,1.0,0,24,22,1,0
Variant 3,Medium,Maintenance,Email,8,4,1.0,0,32,6,0,0
Variant 8,Low,Incident,Website,10,2,0.0,0,20,19,0,0
Variant 1,High,Performance Issue,Email,6,3,0.0,0,18,13,1,0
Variant 3,Low,Feature Request,Website,8,4,1.0,0,32,10,1,0
Variant 3,High,Incident,Email,8,4,1.0,0,32,11,1,1
Variant 3,High,Performance Issue,Website,8,4,1.0,0,32,9,0,0
Variant 4,High,Maintenance,Website,7,5,1.0,0,35,11,0,0
Variant 3,Medium,Performance Issue,Website,8,4,1.0,0,32,9,0,0
Variant 1,High,Feature Request,Email,6,3,0.0,0,18,10,1,0
Variant 1,High,Feature Request,Email,6,3,0.0,0,18,17,0,0
Variant 1,Low,Service Request,Email,6,2,0.0,0,12,5,0,0
Variant 8,Medium,Bug,Website,10,3,0.0,0,30,13,0,0
Variant 4,Low,Feature Request,Website,7,5,1.0,0,35,22,0,0
Variant 1,Medium,Maintenance,Email,6,3,0.0,0,18,13,0,0
Variant 3,Medium,Performance Issue,Website,8,4,1.0,0,32,22,0,0
Variant 3,Low,Service Request,Email,8,5,1.0,0,40,20,0,0
Variant 1,Medium,Bug,Website,6,3,0.0,0,18,1,1,0
Variant 3,Medium,Performance Issue,App,8,5,1.0,0,40,3,1,0
Variant 1,Low,Incident,Email,6,3,0.0,0,18,3,0,0
Variant 3,Low,Technical Issue,Website,8,4,1.0,0,32,10,1,0
Variant 3,High,Performance Issue,Website,8,4,1.0,0,32,18,1,0
Variant 1,High,Technical Issue,Email,6,3,0.0,0,18,21,0,0
Variant 7,Medium,Bug,Website,15,5,3.0,0,75,9,0,0
Variant 3,Medium,Feature Request,Website,8,6,1.0,0,48,4,0,0
Variant 8,High,Performance Issue,Website,10,3,0.0,0,30,21,0,0
Variant 3,High,Feature Request,Email,8,4,1.0,0,32,22,1,0
Variant 3,Low,Service Request,Website,8,4,1.0,0,32,15,0,0
Variant 1,Medium,Bug,Website,6,2,0.0,0,12,22,0,0
Variant 3,Medium,Performance Issue,Email,8,4,1.0,0,32,3,1,0
Variant 3,Medium,Incident,Website,8,4,1.0,0,32,19,0,0
Variant 4,Low,Performance Issue,Website,7,3,1.0,0,21,14,0,0
Variant 1,Low,Bug,Website,6,3,0.0,0,18,22,0,0
Variant 3,Medium,Performance Issue,Email,8,4,1.0,0,32,9,0,0
Variant 3,Medium,Service Request,Website,8,4,1.0,0,32,2,0,0
Variant 3,Low,Performance Issue,Website,8,4,1.0,0,32,4,1,0
Variant 3,Low,Maintenance,Website,8,4,1.0,0,32,18,0,0
Variant 3,Medium,Performance Issue,Phone,8,4,1.0,0,32,15,0,0
Variant 3,Medium,Incident,Email,8,4,1.0,0,32,4,0,0
Variant 9,Low,Bug,Website,10,4,1.0,0,40,17,0,0
Variant 1,Low,Performance Issue,Website,6,2,0.0,0,12,20,0,0
Variant 3,Medium,Performance Issue,Email,8,4,1.0,0,32,5,1,0
Variant 3,Low,Feature Request,Email,8,4,1.0,0,32,6,0,0
Variant 1,Low,Incident,Email,6,3,0.0,0,18,23,0,0
Variant 1,Medium,Technical Issue,Website,6,2,0.0,0,12,16,1,0
Variant 3,High,Performance Issue,Email,8,4,1.0,0,32,13,0,0
Variant 1,Low,Bug,Email,6,2,0.0,0,12,19,1,0
Variant 1,Medium,Bug,Website,6,3,0.0,0,18,13,0,0
Variant 4,High,Incident,Email,7,3,1.0,0,21,11,0,0
Variant 3,Low,Feature Request,Website,8,5,1.0,0,40,1,0,0
Variant 7,Medium,Bug,Website,15,7,3.0,0,105,21,0,1
Variant 4,Low,Bug,Email,7,4,1.0,0,28,12,0,0
Variant 3,Low,Feature Request,Email,8,4,1.0,0,32,6,0,0
Variant 1,Medium,Bug,Email,6,3,0.0,0,18,9,0,0
Variant 10,High,Feature Request,Website,6,3,1.0,1,18,19,0,0
Variant 1,Medium,Bug,Email,6,3,0.0,0,18,13,1,0
Variant 10,Low,Bug,Website,6,3,1.0,1,18,9,0,0
Variant 3,Low,Performance Issue,Website,8,4,1.0,0,32,0,0,0
Variant 7,Medium,Bug,Website,15,8,3.0,0,120,7,0,0
Variant 1,Low,Service Request,Email,6,3,0.0,0,18,4,0,0
Variant 1,Medium,Service Request,App,6,2,0.0,0,12,19,0,0
Variant 3,Medium,Performance Issue,Website,8,5,1.0,0,40,6,0,0
Variant 3,High,Service Request,Email,8,5,1.0,0,40,17,0,0
Variant 4,Low,Incident,Email,7,5,1.0,0,35,3,0,0
Variant 1,Medium,Service Request,App,6,2,0.0,0,12,10,0,0
Variant 4,Low,Maintenance,Website,7,4,1.0,0,28,17,1,0
Variant 3,Low,Maintenance,Email,8,5,1.0,0,40,20,1,0
Variant 1,Medium,Feature Request,Website,6,3,0.0,0,18,14,0,0
Variant 1,Low,Feature Request,Email,6,2,0.0,0,12,2,0,0
Variant 11,High,Service Request,Website,6,2,0.0,0,12,9,0,0
Variant 1,Low,Incident,Email,6,2,0.0,0,12,9,0,0
Variant 1,Low,Feature Request,Website,6,2,0.0,0,12,6,0,0
Variant 1,High,Bug,Website,6,3,0.0,0,18,4,1,0
Variant 3,Low,Performance Issue,Website,8,5,1.0,0,40,15,1,0
Variant 9,Medium,Service Request,Website,10,5,1.0,0,50,21,1,0
Variant 1,High,Incident,Email,6,3,0.0,0,18,20,1,0
Variant 1,Low,Bug,Website,6,2,0.0,0,12,20,0,0
Variant 7,Medium,Bug,Website,15,6,3.0,0,90,17,1,1
Variant 10,Medium,Incident,Website,6,3,1.0,1,18,11,0,0
Variant 11,High,Incident,Email,6,4,0.0,0,24,8,1,0
Variant 1,High,Feature Request,Website,6,3,0.0,0,18,21,0,0
Variant 1,Medium,Feature Request,Website,6,3,0.0,0,18,18,0,0
Variant 3,High,Technical Issue,Website,8,5,1.0,0,40,19,0,0
Variant 1,Medium,Incident,Email,6,2,0.0,0,12,9,1,0
Variant 2,High,Bug,Website,4,3,0.0,1,12,12,0,0
Variant 1,Medium,Service Request,App,6,3,0.0,0,18,4,0,0
Variant 7,Medium,Bug,Email,15,7,3.0,0,105,16,0,0
Variant 8,High,Service Request,Email,10,3,0.0,0,30,13,0,1
Variant 10,Low,Bug,Website,6,4,1.0,1,24,11,0,0
Variant 3,Low,Performance Issue,Website,8,5,1.0,0,40,11,0,0
Variant 1,Low,Feature Request,Email,6,3,0.0,0,18,15,0,0
Variant 2,Medium,Bug,Email,4,3,0.0,1,12,20,0,0
Variant 1,Low,Bug,Website,6,3,0.0,0,18,15,0,0
Variant 3,Medium,Feature Request,Website,8,5,1.0,0,40,0,1,0
Variant 1,Medium,Service Request,Website,6,3,0.0,0,18,3,1,0
Variant 1,Medium,Bug,Email,6,3,0.0,0,18,19,0,0
Variant 3,Medium,Feature Request,Website,8,5,1.0,0,40,22,0,0
Variant 7,Medium,Bug,Email,15,6,3.0,0,90,17,0,1
Variant 1,Low,Bug,Email,6,2,0.0,0,12,17,1,0
Variant 4,High,Service Request,Website,7,4,1.0,0,28,15,0,0
Variant 3,High,Performance Issue,Email,8,6,1.0,0,48,6,0,0
Variant 3,Medium,Performance Issue,Website,8,5,1.0,0,40,8,0,0
Variant 3,Medium,Performance Issue,Website,8,4,1.0,0,32,19,1,0
Variant 1,Medium,Performance Issue,Phone,6,3,0.0,0,18,22,0,0
Variant 3,Low,Incident,Email,8,5,1.0,0,40,21,0,0
Variant 3,Medium,Performance Issue,Website,8,4,1.0,0,32,3,0,0
Variant 1,Medium,Performance Issue,Website,6,3,0.0,0,18,1,1,0
Variant 4,Medium,Bug,Website,7,5,1.0,0,35,0,0,0
Variant 3,Medium,Performance Issue,Website,8,5,1.0,0,40,17,0,0
Variant 1,Low,Technical Issue,Email,6,3,0.0,0,18,3,0,0
Variant 11,High,Performance Issue,Website,6,3,0.0,0,18,13,0,0
Variant 1,Medium,Technical Issue,Email,6,3,0.0,0,18,3,0,0
Variant 3,Low,Technical Issue,Website,8,3,1.0,0,24,14,0,0
Variant 4,Medium,Feature Request,Website,7,3,1.0,0,21,13,1,0
Variant 3,Medium,Technical Issue,Website,8,4,1.0,0,32,1,0,0
Variant 3,Medium,Performance Issue,Email,8,5,1.0,0,40,20,1,0
Variant 4,High,Service Request,Website,7,5,1.0,0,35,9,0,0
Variant 4,Medium,Feature Request,Website,7,4,1.0,0,28,22,0,0
Variant 2,Low,Service Request,Email,4,2,0.0,1,8,4,1,0
Variant 8,Medium,Bug,Email,10,3,0.0,0,30,7,1,0
Variant 3,Medium,Maintenance,Website,8,3,1.0,0,24,20,0,0
Variant 1,Low,Bug,Email,6,3,0.0,0,18,15,1,0
Variant 3,Medium,Performance Issue,Email,8,4,1.0,0,32,13,0,0
Variant 3,Medium,Performance Issue,Website,8,5,1.0,0,40,12,0,0
Variant 3,Low,Performance Issue,Website,8,4,1.0,0,32,9,0,0
Variant 12,Medium,Technical Issue,Website,6,2,0.0,0,12,7,0,0
Variant 3,High,Incident,Email,8,5,1.0,0,40,23,1,1
Variant 3,Low,Feature Request,Website,8,5,1.0,0,40,13,0,0
Variant 4,Medium,Feature Request,Email,7,5,1.0,0,35,9,0,0
Variant 2,Medium,Feature Request,Website,4,3,0.0,1,12,19,0,0
Variant 4,Medium,Feature Request,Website,7,5,1.0,0,35,22,1,0
Variant 3,Low,Service Request,Website,8,5,1.0,0,40,5,0,0
Variant 13,Medium,Feature Request,Website,11,5,1.0,0,55,4,0,0
Variant 3,Low,Performance Issue,Email,8,4,1.0,0,32,19,0,0
Variant 3,Low,Performance Issue,Website,8,4,1.0,0,32,21,1,0
Variant 4,Medium,Feature Request,Email,7,5,1.0,0,35,23,0,0
Variant 1,Medium,Performance Issue,App,6,2,0.0,0,12,8,0,0
Variant 1,Medium,Incident,Website,6,3,0.0,0,18,21,0,0
Variant 6,Low,Performance Issue,Website,10,6,2.0,0,60,18,1,0
Variant 10,Medium,Feature Request,Email,6,4,1.0,1,24,13,0,0
Variant 3,High,Feature Request,Website,8,5,1.0,0,40,12,0,0
Variant 3,Medium,Performance Issue,Email,8,5,1.0,0,40,4,1,0
Variant 1,Medium,Service Request,Website,6,3,0.0,0,18,14,0,0
Variant 1,Medium,Bug,Website,6,3,0.0,0,18,3,0,0
Variant 1,High,Feature Request,Email,6,2,0.0,0,12,1,0,0
Variant 4,Medium,Performance Issue,Website,7,4,1.0,0,28,3,0,0
Variant 3,High,Technical Issue,Website,8,4,1.0,0,32,3,0,0
Variant 3,Medium,Maintenance,Website,8,4,1.0,0,32,16,1,0
Variant 8,High,Service Request,Website,10,3,0.0,0,30,14,1,1
Variant 1,High,Feature Request,Website,6,3,0.0,0,18,4,0,0
Variant 1,Low,Incident,Website,6,2,0.0,0,12,4,0,0
Variant 1,Medium,Feature Request,Website,6,3,0.0,0,18,12,1,0
Variant 1,Medium,Bug,Phone,6,3,0.0,0,18,0,0,0
Variant 3,High,Performance Issue,Website,8,6,1.0,0,48,14,0,0
Variant 12,Medium,Incident,Website,6,3,0.0,0,18,22,0,0
Variant 1,Low,Service Request,Website,6,3,0.0,0,18,6,1,0
Variant 1,Medium,Feature Request,Website,6,3,0.0,0,18,0,0,0
Variant 1,Medium,Incident,Email,6,3,0.0,0,18,2,0,0
Variant 3,Low,Feature Request,Phone,8,4,1.0,0,32,3,0,0
Variant 6,Medium,Maintenance,Website,10,5,2.0,0,50,11,1,0
Variant 7,Medium,Bug,Website,15,7,3.0,0,105,16,0,0
Variant 9,Medium,Performance Issue,Website,10,4,1.0,0,40,1,0,0
Variant 3,Low,Performance Issue,Website,8,4,1.0,0,32,20,0,0
Variant 6,Medium,Service Request,Phone,10,7,2.0,0,70,13,1,0
Variant 1,Medium,Technical Issue,Website,6,2,0.0,0,12,1,0,0
Variant 9,Medium,Feature Request,Website,10,4,1.0,0,40,8,0,0
Variant 1,Low,Incident,Email,6,2,0.0,0,12,11,1,0
Variant 1,Medium,Service Request,Website,6,3,0.0,0,18,11,1,0
Variant 1,Medium,Bug,App,6,3,0.0,0,18,15,0,0
Variant 3,High,Feature Request,Website,8,5,1.0,0,40,17,1,0
Variant 3,Medium,Performance Issue,Email,8,4,1.0,0,32,5,0,0
Variant 3,Medium,Performance Issue,Email,8,4,1.0,0,32,0,0,0
Variant 1,Medium,Feature Request,Website,6,2,0.0,0,12,16,0,0
Variant 1,Medium,Bug,Website,6,3,0.0,0,18,20,0,0
Variant 2,Medium,Incident,Website,4,2,0.0,1,8,1,0,0
Variant 3,Medium,Incident,Website,8,4,1.0,0,32,6,0,0
Variant 3,High,Incident,App,8,5,1.0,0,40,19,0,0
Variant 9,High,Incident,Website,10,4,1.0,0,40,10,0,1
Variant 3,Low,Feature Request,Website,8,5,1.0,0,40,5,0,0
Variant 3,Medium,Service Request,Email,8,4,1.0,0,32,4,0,0
Variant 3,Medium,Performance Issue,Email,8,5,1.0,0,40,14,1,0
Variant 1,Medium,Incident,Email,6,2,0.0,0,12,15,0,0
Variant 1,Medium,Technical Issue,Website,6,3,0.0,0,18,1,0,0
Variant 8,Medium,Bug,Email,10,3,0.0,0,30,10,1,0
Variant 3,Medium,Feature Request,Website,8,3,1.0,0,24,3,0,0
Variant 3,Low,Technical Issue,Website,8,4,1.0,0,32,20,0,0
Variant 3,High,Performance Issue,Website,8,5,1.0,0,40,8,0,0
Variant 3,Medium,Performance Issue,Website,8,5,1.0,0,40,6,1,0
Variant 3,Low,Performance Issue,Email,8,4,1.0,0,32,5,0,0
Variant 3,High,Performance Issue,Website,8,5,1.0,0,40,7,0,0
Variant 6,Low,Bug,Email,10,5,2.0,0,50,0,0,0
Variant 3,Medium,Performance Issue,Email,8,5,1.0,0,40,5,0,0
Variant 1,Medium,Bug,Email,6,2,0.0,0,12,5,0,0
Variant 6,High,Bug,Email,10,5,2.0,0,50,8,0,1
Variant 3,Low,Incident,Email,8,4,1.0,0,32,14,0,0
Variant 3,Low,Feature Request,Email,8,5,1.0,0,40,18,1,0
Variant 3,Low,Performance Issue,Website,8,4,1.0,0,32,7,0,0
Variant 1,Medium,Incident,Email,6,2,0.0,0,12,11,1,0
Variant 1,Medium,Incident,App,6,3,0.0,0,18,18,1,0
Variant 3,High,Incident,Website,8,4,1.0,0,32,5,1,0
Variant 1,Low,Bug,Website,6,2,0.0,0,12,8,0,0
Variant 3,High,Performance Issue,Website,8,4,1.0,0,32,13,0,1
Variant 3,Medium,Performance Issue,Email,8,5,1.0,0,40,3,0,0
Variant 3,High,Performance Issue,Email,8,5,1.0,0,40,11,1,0
Variant 1,Medium,Bug,Website,6,3,0.0,0,18,4,0,0
Variant 3,Medium,Incident,Email,8,4,1.0,0,32,13,1,0
Variant 1,Medium,Technical Issue,Email,6,3,0.0,0,18,0,0,0
Variant 2,Medium,Incident,Website,4,3,0.0,1,12,1,0,0
Variant 4,Medium,Bug,Email,7,3,1.0,0,21,4,0,0
Variant 3,Medium,Performance Issue,Website,8,4,1.0,0,32,20,1,0
Variant 3,High,Maintenance,Website,8,5,1.0,0,40,20,0,0
Variant 7,High,Bug,Website,15,9,3.0,0,135,9,0,0
Variant 3,Low,Performance Issue,Website,8,5,1.0,0,40,21,1,0
Variant 3,High,Incident,Email,8,5,1.0,0,40,15,0,0
Variant 1,High,Service Request,Website,6,2,0.0,0,12,14,0,0
Variant 3,Low,Performance Issue,Website,8,6,1.0,0,48,0,0,0
Variant 1,Low,Service Request,Email,6,3,0.0,0,18,20,0,0
Variant 1,Low,Feature Request,Website,6,3,0.0,0,18,18,0,0
Variant 3,Medium,Technical Issue,App,8,4,1.0,0,32,5,1,0
Variant 6,Medium,Bug,Website,10,6,2.0,0,60,21,1,0
Variant 3,Low,Maintenance,Email,8,5,1.0,0,40,0,1,0
Variant 4,Medium,Performance Issue,Email,7,4,1.0,0,28,22,0,0
Variant 3,Medium,Performance Issue,Email,8,3,1.0,0,24,16,0,0
Variant 1,Medium,Service Request,Website,6,2,0.0,0,12,8,0,0
Variant 1,Low,Technical Issue,Website,6,3,0.0,0,18,5,0,0
Variant 1,High,Service Request,Email,6,3,0.0,0,18,16,0,0
Variant 11,Low,Incident,Website,6,3,0.0,0,18,23,0,0
Variant 1,Medium,Bug,Website,6,3,0.0,0,18,9,1,0
Variant 3,Low,Performance Issue,Website,8,4,1.0,0,32,8,0,0
Variant 8,Medium,Service Request,Email,10,3,0.0,0,30,13,0,0
Variant 1,Low,Bug,Website,6,2,0.0,0,12,18,0,0
Variant 1,Medium,Bug,Email,6,3,0.0,0,18,15,0,0
Variant 1,Medium,Performance Issue,Email,6,3,0.0,0,18,5,0,0
Variant 1,High,Bug,Email,6,2,0.0,0,12,12,0,0
Variant 3,Medium,Maintenance,App,8,6,1.0,0,48,23,1,0
Variant 1,Medium,Feature Request,App,6,2,0.0,0,12,1,1,0
Variant 3,Medium,Incident,Email,8,5,1.0,0,40,11,0,0
Variant 3,Medium,Feature Request,Email,8,5,1.0,0,40,1,1,0
Variant 3,Medium,Incident,Email,8,5,1.0,0,40,12,0,0
Variant 7,Medium,Bug,Email,15,8,3.0,0,120,19,0,0
Variant 1,Low,Performance Issue,Website,6,2,0.0,0,12,2,0,0
Variant 8,Medium,Feature Request,Email,10,3,0.0,0,30,6,1,0
Variant 6,Medium,Performance Issue,Website,10,7,2.0,0,70,22,1,0
Variant 1,Low,Feature Request,Email,6,3,0.0,0,18,8,1,0
Variant 3,High,Feature Request,Website,8,4,1.0,0,32,1,1,0
Variant 3,Medium,Feature Request,Website,8,3,1.0,0,24,12,0,0
Variant 3,Low,Incident,Website,8,5,1.0,0,40,16,1,0
Variant 11,Medium,Bug,Website,6,3,0.0,0,18,15,0,0
Variant 8,Medium,Feature Request,Email,10,3,0.0,0,30,5,1,0
Variant 2,Medium,Performance Issue,Email,4,2,0.0,1,8,14,0,0
Variant 3,Medium,Feature Request,Website,8,5,1.0,0,40,13,1,0
Variant 1,High,Incident,Email,6,2,0.0,0,12,8,0,0
Variant 1,Medium,Feature Request,Website,6,3,0.0,0,18,11,0,0
Variant 3,Medium,Service Request,App,8,5,1.0,0,40,6,0,0
Variant 3,Medium,Service Request,Website,8,6,1.0,0,48,18,0,0
Variant 3,Medium,Performance Issue,Website,8,5,1.0,0,40,0,0,0
Variant 7,Medium,Bug,Website,15,9,3.0,0,135,3,0,0
Variant 4,High,Service Request,Website,7,3,1.0,0,21,1,0,0
Variant 4,Medium,Incident,Email,7,4,1.0,0,28,23,0,0
Variant 3,Low,Performance Issue,Website,8,5,1.0,0,40,14,0,0
Variant 4,Medium,Service Request,Website,7,5,1.0,0,35,11,1,0
Variant 1,Medium,Feature Request,Email,6,3,0.0,0,18,6,1,0
Variant 1,Medium,Feature Request,Website,6,2,0.0,0,12,23,1,0
Variant 8,Medium,Incident,Email,10,3,0.0,0,30,4,0,0
Variant 1,Medium,Bug,Website,6,2,0.0,0,12,6,0,0
Variant 3,Medium,Performance Issue,Email,8,3,1.0,0,24,17,1,0
Variant 3,Medium,Service Request,Website,8,6,1.0,0,48,8,1,0
Variant 1,Low,Service Request,Email,6,3,0.0,0,18,14,1,0
Variant 3,Medium,Performance Issue,Website,8,5,1.0,0,40,6,0,0
Variant 1,High,Technical Issue,Website,6,2,0.0,0,12,8,1,0
Variant 3,Medium,Feature Request,Email,8,4,1.0,0,32,13,1,0
Variant 1,Low,Service Request,Email,6,3,0.0,0,18,19,0,0
Variant 3,Medium,Performance Issue,Website,8,5,1.0,0,40,8,1,0
Variant 5,High,Performance Issue,Website,12,5,1.0,1,60,3,0,1
Variant 3,Medium,Feature Request,Email,8,4,1.0,0,32,13,1,0
Variant 3,Medium,Incident,Website,8,4,1.0,0,32,12,0,0
Variant 3,High,Performance Issue,Email,8,5,1.0,0,40,22,0,0
Variant 3,Low,Incident,Website,8,5,1.0,0,40,9,0,0
Variant 1,Medium,Bug,Website,6,2,0.0,0,12,8,1,0
Variant 3,Low,Technical Issue,Phone,8,6,1.0,0,48,5,0,0
Variant 7,Medium,Bug,Email,15,6,3.0,0,90,3,1,0
Variant 3,Medium,Performance Issue,Website,8,4,1.0,0,32,9,1,0
Variant 1,Medium,Incident,Email,6,3,0.0,0,18,6,0,0
Variant 3,Medium,Performance Issue,Email,8,4,1.0,0,32,9,0,0
Variant 1,Low,Maintenance,App,6,3,0.0,0,18,19,1,0
Variant 3,Medium,Performance Issue,Email,8,4,1.0,0,32,15,0,0
Variant 1,Medium,Maintenance,Email,6,3,0.0,0,18,22,1,0
Variant 5,Medium,Bug,Email,12,6,1.0,1,72,12,0,0
Variant 2,Medium,Performance Issue,Email,4,3,0.0,1,12,19,0,0
Variant 3,High,Feature Request,Website,8,5,1.0,0,40,7,0,0
Variant 3,High,Feature Request,Website,8,4,1.0,0,32,4,0,1
Variant 6,Medium,Incident,Email,10,6,2.0,0,60,17,1,0
Variant 7,Medium,Bug,Website,15,6,3.0,0,90,12,0,0
Variant 1,Low,Performance Issue,Website,6,3,0.0,0,18,23,0,0
Variant 1,Medium,Bug,App,6,2,0.0,0,12,10,1,0
Variant 1,Low,Performance Issue,Website,6,3,0.0,0,18,22,0,0
Variant 3,Medium,Performance Issue,Website,8,5,1.0,0,40,22,0,0
Variant 13,Medium,Feature Request,Website,11,4,1.0,0,44,14,0,0
Variant 3,Medium,Performance Issue,Email,8,4,1.0,0,32,0,1,0
Variant 1,High,Feature Request,Email,6,2,0.0,0,12,21,0,0
Variant 3,Medium,Maintenance,Email,8,4,1.0,0,32,22,0,0
Variant 3,Medium,Performance Issue,Email,8,5,1.0,0,40,18,0,0
Variant 2,High,Feature Request,Email,4,2,0.0,1,8,5,1,0
Variant 4,High,Feature Request,Website,7,5,1.0,0,35,7,1,0
Variant 3,Medium,Incident,Email,8,4,1.0,0,32,3,0,0
Variant 3,Low,Performance Issue,Website,8,5,1.0,0,40,6,0,0
Variant 3,Low,Performance Issue,App,8,4,1.0,0,32,2,1,0
Variant 3,Low,Incident,Website,8,4,1.0,0,32,8,0,0
Variant 3,Medium,Performance Issue,Email,8,5,1.0,0,40,14,0,0
Variant 3,Medium,Performance Issue,Website,8,5,1.0,0,40,4,0,0
Variant 1,Medium,Feature Request,Website,6,3,0.0,0,18,23,0,0
Variant 5,Medium,Bug,App,12,5,1.0,1,60,15,0,0
Variant 1,Medium,Performance Issue,Email,6,3,0.0,0,18,10,0,0
Variant 1,Medium,Feature Request,Website,6,3,0.0,0,18,8,1,0
Variant 1,Medium,Bug,Website,6,3,0.0,0,18,17,0,0
Variant 1,Low,Maintenance,Website,6,3,0.0,0,18,10,0,0
Variant 5,Medium,Feature Request,Website,12,5,1.0,1,60,10,1,0
Variant 3,Medium,Feature Request,Email,8,4,1.0,0,32,5,1,0
Variant 3,Medium,Maintenance,Website,8,4,1.0,0,32,9,0,0
Variant 1,High,Bug,Email,6,3,0.0,0,18,4,1,0
Variant 5,Medium,Feature Request,Website,12,5,1.0,1,60,11,0,0
Variant 1,Medium,Bug,Email,6,2,0.0,0,12,12,0,0
Variant 1,Low,Incident,Phone,6,3,0.0,0,18,15,0,0
Variant 1,High,Performance Issue,Email,6,3,0.0,0,18,13,0,0
Variant 1,Low,Feature Request,Website,6,3,0.0,0,18,6,0,0
Variant 8,Medium,Feature Request,Email,10,3,0.0,0,30,18,1,0
Variant 3,Medium,Feature Request,Website,8,4,1.0,0,32,22,0,0
Variant 1,Medium,Bug,Website,6,3,0.0,0,18,15,1,0
Variant 13,Medium,Technical Issue,Website,11,4,1.0,0,44,7,0,0
Variant 1,Medium,Feature Request,App,6,2,0.0,0,12,6,0,0
Variant 10,Medium,Maintenance,Website,6,4,1.0,1,24,21,0,0
Variant 4,High,Performance Issue,Email,7,5,1.0,0,35,19,0,0
Variant 1,Low,Feature Request,Email,6,3,0.0,0,18,2,1,0
Variant 4,Medium,Bug,Website,7,5,1.0,0,35,4,1,0
Variant 10,High,Bug,Email,6,3,1.0,1,18,15,0,0
Variant 3,Medium,Performance Issue,Email,8,3,1.0,0,24,7,0,0
Variant 1,High,Maintenance,Email,6,3,0.0,0,18,12,1,0
Variant 9,High,Technical Issue,Website,10,5,1.0,0,50,10,0,0
Variant 8,High,Performance Issue,Website,10,3,0.0,0,30,16,0,1
Variant 3,Low,Incident,Email,8,4,1.0,0,32,12,0,0
Variant 1,Medium,Service Request,Website,6,3,0.0,0,18,15,0,0
Variant 9,Medium,Feature Request,Website,10,5,1.0,0,50,23,0,0
Variant 8,Medium,Bug,Email,10,3,0.0,0,30,23,0,0
Variant 3,Medium,Performance Issue,Email,8,4,1.0,0,32,0,0,0
Variant 3,Medium,Technical Issue,Email,8,4,1.0,0,32,19,0,0
Variant 1,Low,Bug,Phone,6,2,0.0,0,12,14,0,0
Variant 7,Medium,Bug,Website,15,7,3.0,0,105,19,1,1
Variant 3,Low,Feature Request,Email,8,4,1.0,0,32,22,1,0
Variant 11,High,Bug,Website,6,3,0.0,0,18,17,1,0
Variant 1,Medium,Bug,Email,6,2,0.0,0,12,4,1,0
Variant 4,Low,Feature Request,Email,7,3,1.0,0,21,19,0,0
Variant 3,Medium,Performance Issue,Website,8,5,1.0,0,40,8,0,0
Variant 3,Low,Service Request,Website,8,3,1.0,0,24,13,0,0
Variant 3,Low,Incident,Email,8,3,1.0,0,24,6,1,0
Variant 1,High,Feature Request,Website,6,2,0.0,0,12,10,0,0
Variant 4,Medium,Service Request,Phone,7,5,1.0,0,35,20,0,0
Variant 3,Low,Performance Issue,Website,8,4,1.0,0,32,20,0,0
Variant 3,High,Performance Issue,Website,8,4,1.0,0,32,23,0,0
Variant 4,Medium,Bug,Email,7,4,1.0,0,28,6,1,0
Variant 10,Medium,Incident,Email,6,3,1.0,1,18,22,0,0
Variant 3,Medium,Incident,Email,8,4,1.0,0,32,9,1,0
Variant 1,High,Performance Issue,Email,6,2,0.0,0,12,6,0,0
Variant 3,Medium,Performance Issue,Website,8,5,1.0,0,40,10,0,0
Variant 1,Low,Bug,Website,6,3,0.0,0,18,5,0,0
Variant 1,Medium,Service Request,Website,6,3,0.0,0,18,15,0,0
Variant 10,Low,Performance Issue,Email,6,4,1.0,1,24,10,1,0
Variant 7,Medium,Bug,App,15,9,3.0,0,135,1,0,0
Variant 1,Medium,Service Request,Website,6,3,0.0,0,18,10,0,0
Variant 3,Low,Service Request,Website,8,4,1.0,0,32,2,0,0
Variant 3,Medium,Feature Request,Email,8,4,1.0,0,32,20,0,0
Variant 9,Medium,Bug,Email,10,3,1.0,0,30,13,1,0
Variant 3,High,Incident,Email,8,5,1.0,0,40,4,1,0
Variant 3,Medium,Maintenance,Website,8,5,1.0,0,40,16,0,0
Variant 1,Medium,Bug,Website,6,3,0.0,0,18,15,0,0
Variant 3,Low,Incident,Website,8,6,1.0,0,48,3,0,0
Variant 3,High,Performance Issue,Email,8,3,1.0,0,24,14,0,0
Variant 1,Low,Incident,Website,6,3,0.0,0,18,0,1,0
Variant 3,Low,Performance Issue,Website,8,4,1.0,0,32,22,0,0
Variant 2,Low,Incident,Website,4,3,0.0,1,12,0,0,0
Variant 5,Medium,Performance Issue,Website,12,5,1.0,1,60,18,0,0
Variant 10,Medium,Performance Issue,Email,6,4,1.0,1,24,12,0,0
Variant 10,High,Bug,Website,6,3,1.0,1,18,19,0,0
Variant 10,Low,Feature Request,Email,6,3,1.0,1,18,20,0,0
Variant 1,Low,Performance Issue,Website,6,3,0.0,0,18,16,0,0
Variant 5,Medium,Maintenance,Email,12,5,1.0,1,60,1,0,0
Variant 1,Low,Service Request,Email,6,3,0.0,0,18,17,0,0
Variant 3,Low,Technical Issue,Website,8,4,1.0,0,32,2,1,0
Variant 1,Medium,Incident,Email,6,2,0.0,0,12,4,0,0
Variant 1,Low,Incident,Website,6,2,0.0,0,12,9,1,0
Variant 4,Medium,Service Request,Website,7,4,1.0,0,28,2,0,0
Variant 3,High,Feature Request,Email,8,4,1.0,0,32,11,0,0
Variant 3,Low,Performance Issue,Email,8,5,1.0,0,40,6,0,0
Variant 3,Medium,Incident,Website,8,4,1.0,0,32,5,0,0
Variant 3,High,Service Request,Email,8,5,1.0,0,40,16,0,0
Variant 3,Low,Service Request,Website,8,4,1.0,0,32,9,1,0
Variant 3,Medium,Performance Issue,Email,8,4,1.0,0,32,16,0,0
Variant 1,High,Bug,Email,6,2,0.0,0,12,21,0,0
Variant 1,High,Bug,Website,6,3,0.0,0,18,16,1,0
Variant 1,High,Technical Issue,Website,6,2,0.0,0,12,2,0,0
Variant 1,Low,Performance Issue,Website,6,2,0.0,0,12,13,0,0
Variant 3,Low,Incident,Website,8,3,1.0,0,24,6,1,0
Variant 3,Medium,Incident,Website,8,5,1.0,0,40,10,1,0
Variant 7,Medium,Bug,Website,15,8,3.0,0,120,10,0,0
Variant 6,Low,Service Request,Website,10,7,2.0,0,70,5,1,0
Variant 1,Medium,Bug,Website,6,3,0.0,0,18,21,0,0
Variant 9,Low,Bug,Email,10,4,1.0,0,40,5,1,0
Variant 7,High,Bug,Email,15,8,3.0,0,120,21,1,1
Variant 1,Medium,Bug,Email,6,3,0.0,0,18,6,1,0
Variant 10,Medium,Incident,Website,6,3,1.0,1,18,18,0,0
Variant 3,Medium,Performance Issue,Email,8,6,1.0,0,48,6,1,0
Variant 2,Medium,Service Request,Email,4,2,0.0,1,8,14,1,0
Variant 3,Medium,Incident,Website,8,4,1.0,0,32,9,0,0
Variant 1,Medium,Incident,Email,6,3,0.0,0,18,6,1,0
Variant 3,High,Performance Issue,Website,8,3,1.0,0,24,13,1,0
Variant 3,Low,Performance Issue,Website,8,4,1.0,0,32,19,0,0
Variant 11,Low,Feature Request,Website,6,3,0.0,0,18,2,0,0
Variant 4,Medium,Bug,Website,7,4,1.0,0,28,18,0,0
Variant 1,Low,Service Request,Email,6,3,0.0,0,18,13,0,0
Variant 1,High,Feature Request,Email,6,3,0.0,0,18,5,0,0
Variant 4,Medium,Bug,Website,7,5,1.0,0,35,18,1,0
Variant 1,Medium,Feature Request,Website,6,3,0.0,0,18,22,0,0
Variant 1,Low,Feature Request,Website,6,3,0.0,0,18,11,0,0
Variant 3,Medium,Performance Issue,App,8,6,1.0,0,48,11,0,0
Variant 1,Medium,Performance Issue,Email,6,3,0.0,0,18,1,1,0
Variant 4,Low,Service Request,Website,7,3,1.0,0,21,3,0,0
Variant 3,High,Maintenance,Website,8,3,1.0,0,24,16,1,0
Variant 10,Low,Bug,Email,6,4,1.0,1,24,8,0,0
Variant 1,Low,Incident,Website,6,3,0.0,0,18,14,0,0
Variant 3,High,Feature Request,Website,8,4,1.0,0,32,6,1,1
Variant 1,Medium,Bug,Phone,6,3,0.0,0,18,0,1,0
Variant 7,High,Bug,Website,15,8,3.0,0,120,9,1,1
Variant 3,Medium,Performance Issue,Website,8,4,1.0,0,32,8,0,0
Variant 1,High,Performance Issue,Website,6,3,0.0,0,18,16,0,0
Variant 2,High,Performance Issue,Website,4,2,0.0,1,8,7,0,0
Variant 2,Medium,Feature Request,Website,4,3,0.0,1,12,9,0,0
Variant 4,Medium,Bug,Email,7,5,1.0,0,35,4,0,0
Variant 3,Medium,Feature Request,Email,8,4,1.0,0,32,10,0,0
Variant 3,Medium,Performance Issue,Website,8,5,1.0,0,40,2,0,0
Variant 1,Medium,Feature Request,Email,6,3,0.0,0,18,4,1,0
Variant 3,Medium,Performance Issue,Email,8,4,1.0,0,32,20,0,0
Variant 3,Medium,Performance Issue,Email,8,4,1.0,0,32,14,0,0
Variant 1,Low,Bug,Email,6,3,0.0,0,18,3,0,0
Variant 3,High,Performance Issue,Website,8,4,1.0,0,32,13,1,0
Variant 3,Low,Incident,Website,8,5,1.0,0,40,22,1,0
Variant 3,Medium,Performance Issue,Website,8,5,1.0,0,40,18,1,0
Variant 1,Medium,Bug,Email,6,3,0.0,0,18,14,0,0
Variant 8,Medium,Feature Request,Website,10,3,0.0,0,30,1,1,0
Variant 4,Low,Service Request,Email,7,4,1.0,0,28,14,0,0
Variant 1,Medium,Technical Issue,Email,6,3,0.0,0,18,22,0,0
Variant 1,High,Feature Request,Website,6,3,0.0,0,18,22,0,0
Variant 2,Low,Bug,Email,4,2,0.0,1,8,20,1,0
Variant 3,High,Service Request,Website,8,4,1.0,0,32,21,0,0
Variant 11,Low,Incident,Email,6,3,0.0,0,18,4,0,0
Variant 1,High,Performance Issue,Website,6,3,0.0,0,18,13,0,0
Variant 1,High,Bug,Website,6,3,0.0,0,18,1,0,0
Variant 1,Medium,Bug,Email,6,2,0.0,0,12,7,0,0
Variant 1,Medium,Bug,Website,6,3,0.0,0,18,1,0,0
Variant 3,High,Technical Issue,Email,8,4,1.0,0,32,23,1,0
Variant 1,Low,Incident,Website,6,3,0.0,0,18,8,1,0
Variant 7,High,Bug,Email,15,7,3.0,0,105,16,0,1
Variant 3,High,Maintenance,Website,8,4,1.0,0,32,6,0,0
Variant 1,Low,Bug,Phone,6,3,0.0,0,18,1,1,0
Variant 1,Medium,Performance Issue,Email,6,2,0.0,0,12,5,0,0
Variant 4,Medium,Bug,Email,7,4,1.0,0,28,23,0,0
Variant 4,Medium,Bug,Email,7,6,1.0,0,42,16,0,0
Variant 1,Low,Feature Request,Website,6,3,0.0,0,18,20,0,0
Variant 4,High,Service Request,Email,7,4,1.0,0,28,12,0,0
Variant 3,Low,Feature Request,Website,8,5,1.0,0,40,7,0,0
Variant 7,Medium,Bug,Website,15,8,3.0,0,120,21,1,0
Variant 1,Medium,Bug,Website,6,3,0.0,0,18,13,0,0
Variant 5,Medium,Bug,Website,12,6,1.0,1,72,16,0,0
Variant 1,High,Bug,Email,6,2,0.0,0,12,10,0,0
Variant 6,Medium,Bug,Email,10,6,2.0,0,60,23,0,0
Variant 1,Medium,Feature Request,Website,6,3,0.0,0,18,3,1,0
Variant 1,High,Bug,Email,6,3,0.0,0,18,12,0,0
Variant 3,Medium,Performance Issue,Website,8,4,1.0,0,32,19,0,0
Variant 1,Medium,Incident,Website,6,2,0.0,0,12,0,0,0
Variant 3,High,Feature Request,Website,8,5,1.0,0,40,6,1,0
Variant 1,Medium,Technical Issue,Email,6,3,0.0,0,18,12,0,0
Variant 3,Medium,Incident,Website,8,5,1.0,0,40,1,1,0
Variant 3,High,Performance Issue,Website,8,5,1.0,0,40,18,0,0
Variant 1,Medium,Bug,Email,6,3,0.0,0,18,2,1,0
Variant 7,Medium,Bug,Email,15,7,3.0,0,105,3,0,0
Variant 9,Medium,Feature Request,Website,10,5,1.0,0,50,11,0,0
Variant 3,Medium,Feature Request,Website,8,4,1.0,0,32,16,0,0
Variant 9,High,Feature Request,App,10,4,1.0,0,40,1,0,1
Variant 3,High,Performance Issue,Website,8,4,1.0,0,32,0,1,1
Variant 3,High,Service Request,Email,8,4,1.0,0,32,2,1,0
Variant 3,Medium,Service Request,Website,8,4,1.0,0,32,19,0,0
Variant 3,Medium,Feature Request,Website,8,5,1.0,0,40,23,1,0
Variant 8,Low,Technical Issue,Website,10,3,0.0,0,30,11,0,0
Variant 1,Medium,Service Request,Email,6,3,0.0,0,18,12,0,0
Variant 1,High,Feature Request,App,6,3,0.0,0,18,20,0,0
Variant 3,Medium,Incident,Email,8,4,1.0,0,32,6,1,0
Variant 4,Low,Feature Request,Website,7,5,1.0,0,35,6,0,0
Variant 3,Medium,Incident,Email,8,5,1.0,0,40,4,0,0
Variant 3,Low,Performance Issue,Website,8,4,1.0,0,32,22,0,0
Variant 1,Medium,Bug,Website,6,3,0.0,0,18,15,0,0
Variant 3,Medium,Performance Issue,Email,8,4,1.0,0,32,10,1,0
Variant 1,Medium,Bug,Email,6,2,0.0,0,12,17,0,0
Variant 3,Medium,Incident,Email,8,4,1.0,0,32,11,1,0
Variant 3,Medium,Feature Request,Email,8,4,1.0,0,32,17,0,0
Variant 11,Low,Feature Request,Website,6,2,0.0,0,12,19,1,0
Variant 5,Medium,Feature Request,Email,12,6,1.0,1,72,1,1,0
Variant 3,Medium,Service Request,Email,8,4,1.0,0,32,23,0,0
Variant 1,Medium,Feature Request,Email,6,3,0.0,0,18,12,0,0
Variant 3,Medium,Feature Request,Website,8,5,1.0,0,40,22,0,0
Variant 1,Medium,Incident,Email,6,2,0.0,0,12,23,0,0
Variant 3,Medium,Performance Issue,Website,8,4,1.0,0,32,5,0,0
Variant 1,Medium,Feature Request,Email,6,3,0.0,0,18,3,0,0
Variant 3,High,Technical Issue,Email,8,5,1.0,0,40,19,1,0
Variant 5,Medium,Feature Request,Website,12,5,1.0,1,60,17,1,0
Variant 11,Medium,Performance Issue,Email,6,3,0.0,0,18,11,0,0
Variant 1,Medium,Feature Request,Website,6,3,0.0,0,18,11,1,0
Variant 3,Medium,Service Request,Website,8,5,1.0,0,40,17,1,0
Variant 3,Medium,Performance Issue,App,8,4,1.0,0,32,6,0,0
Variant 4,High,Feature Request,Website,7,5,1.0,0,35,10,1,0
Variant 3,Medium,Technical Issue,Email,8,4,1.0,0,32,2,0,0
Variant 8,Medium,Bug,Website,10,3,0.0,0,30,21,1,0
Variant 11,Medium,Incident,Website,6,4,0.0,0,24,22,0,0
Variant 1,Low,Bug,Website,6,3,0.0,0,18,19,0,0
Variant 3,Medium,Technical Issue,Email,8,6,1.0,0,48,2,0,0
Variant 4,Low,Bug,Website,7,4,1.0,0,28,18,0,0
Variant 1,Medium,Bug,Website,6,2,0.0,0,12,1,0,0
Variant 1,Medium,Service Request,Website,6,2,0.0,0,12,1,0,0
Variant 1,Low,Feature Request,Email,6,2,0.0,0,12,12,1,0
Variant 1,Low,Incident,Website,6,2,0.0,0,12,3,0,0
Variant 3,Medium,Performance Issue,Phone,8,4,1.0,0,32,10,1,0
Variant 3,Medium,Incident,Email,8,5,1.0,0,40,10,0,0
Variant 3,Medium,Feature Request,Website,8,4,1.0,0,32,20,0,0
Variant 3,Medium,Feature Request,Email,8,5,1.0,0,40,18,1,0
Variant 3,Low,Performance Issue,Email,8,5,1.0,0,40,22,1,0
Variant 3,Medium,Maintenance,Website,8,4,1.0,0,32,9,0,0
Variant 1,Medium,Bug,Email,6,2,0.0,0,12,19,0,0
Variant 3,Low,Performance Issue,Email,8,5,1.0,0,40,18,0,0
Variant 1,Medium,Performance Issue,App,6,3,0.0,0,18,14,1,0
Variant 1,Medium,Bug,Website,6,3,0.0,0,18,16,0,0
Variant 9,Medium,Incident,Website,10,5,1.0,0,50,15,0,0
Variant 1,Low,Service Request,Email,6,2,0.0,0,12,19,0,0
Variant 9,Medium,Bug,Phone,10,5,1.0,0,50,19,1,0
Variant 1,Medium,Performance Issue,Email,6,3,0.0,0,18,10,0,0
Variant 3,Medium,Incident,Email,8,4,1.0,0,32,18,1,0
Variant 1,Low,Bug,Email,6,3,0.0,0,18,3,1,0
Variant 3,Medium,Performance Issue,Website,8,6,1.0,0,48,11,0,0
Variant 6,Low,Feature Request,App,10,6,2.0,0,60,5,1,0
Variant 3,Medium,Performance Issue,Email,8,5,1.0,0,40,20,1,0
Variant 3,High,Technical Issue,Email,8,4,1.0,0,32,3,0,0
Variant 3,Medium,Performance Issue,Email,8,4,1.0,0,32,4,0,0
Variant 6,Low,Technical Issue,Email,10,7,2.0,0,70,15,0,0
Variant 3,Low,Incident,Website,8,3,1.0,0,24,17,0,0
Variant 1,Low,Maintenance,Email,6,3,0.0,0,18,21,0,0
Variant 3,High,Maintenance,Website,8,4,1.0,0,32,2,0,1
Variant 1,Medium,Bug,Website,6,3,0.0,0,18,8,0,0
Variant 3,Medium,Incident,Website,8,5,1.0,0,40,22,0,0
Variant 3,Low,Performance Issue,Email,8,4,1.0,0,32,6,1,0
Variant 1,Medium,Performance Issue,Website,6,3,0.0,0,18,22,0,0
Variant 1,Low,Feature Request,Website,6,2,0.0,0,12,8,0,0
Variant 5,Low,Maintenance,Website,12,5,1.0,1,60,11,0,0
Variant 11,Medium,Incident,Website,6,3,0.0,0,18,4,1,0
Variant 3,High,Performance Issue,Website,8,6,1.0,0,48,18,0,0
Variant 7,Medium,Bug,Email,15,9,3.0,0,135,15,0,0
Variant 4,Medium,Bug,Email,7,4,1.0,0,28,9,1,0
Variant 10,Low,Bug,Website,6,3,1.0,1,18,20,1,0
Variant 1,Medium,Bug,Website,6,3,0.0,0,18,6,0,0
Variant 11,Medium,Performance Issue,Website,6,3,0.0,0,18,0,1,0
Variant 1,High,Service Request,Email,6,3,0.0,0,18,11,1,0
Variant 1,High,Incident,Email,6,2,0.0,0,12,17,0,0
Variant 7,Medium,Bug,Email,15,8,3.0,0,120,21,0,0
Variant 3,Medium,Feature Request,Website,8,3,1.0,0,24,21,0,0
Variant 1,Low,Feature Request,Website,6,2,0.0,0,12,4,0,0
Variant 3,Medium,Performance Issue,Website,8,4,1.0,0,32,23,0,0
Variant 13,Medium,Bug,Email,11,5,1.0,0,55,3,0,0
Variant 1,Medium,Performance Issue,Website,6,3,0.0,0,18,6,0,0
Variant 3,Low,Feature Request,Email,8,4,1.0,0,32,11,0,0
Variant 1,High,Feature Request,Website,6,3,0.0,0,18,1,0,0
Variant 3,Low,Feature Request,Website,8,4,1.0,0,32,19,0,0
Variant 1,Low,Bug,Website,6,3,0.0,0,18,11,0,0
Variant 7,High,Bug,Website,15,9,3.0,0,135,22,1,1
Variant 1,Medium,Performance Issue,Website,6,3,0.0,0,18,9,0,0
Variant 1,High,Performance Issue,Website,6,3,0.0,0,18,17,0,0
Variant 7,High,Bug,Website,15,7,3.0,0,105,12,0,1
Variant 8,High,Incident,Email,10,3,0.0,0,30,6,1,1
Variant 3,Low,Service Request,Website,8,4,1.0,0,32,1,1,0
Variant 3,Low,Performance Issue,Website,8,4,1.0,0,32,17,0,0
Variant 1,Low,Bug,Website,6,3,0.0,0,18,15,0,0
Variant 4,Low,Incident,Email,7,5,1.0,0,35,2,0,0
Variant 3,Medium,Performance Issue,Email,8,4,1.0,0,32,0,1,0
Variant 12,Low,Feature Request,Email,6,3,0.0,0,18,0,0,0
Variant 1,Medium,Technical Issue,Website,6,3,0.0,0,18,0,0,0
Variant 5,High,Performance Issue,Website,12,4,1.0,1,48,11,0,0
Variant 1,Low,Performance Issue,Website,6,3,0.0,0,18,22,0,0
Variant 3,Medium,Service Request,Email,8,5,1.0,0,40,0,0,0
Variant 5,Medium,Feature Request,App,12,5,1.0,1,60,4,0,0
Variant 1,Low,Bug,Website,6,2,0.0,0,12,6,0,0
Variant 8,Medium,Bug,Email,10,3,0.0,0,30,4,0,0
Variant 3,High,Incident,Email,8,5,1.0,0,40,10,1,0
Variant 1,Medium,Feature Request,Email,6,3,0.0,0,18,19,0,0
Variant 3,Medium,Performance Issue,Website,8,5,1.0,0,40,13,1,0
Variant 3,Low,Incident,Website,8,5,1.0,0,40,21,0,0
Variant 1,Medium,Service Request,Email,6,3,0.0,0,18,4,0,0
Variant 9,Low,Maintenance,Website,10,4,1.0,0,40,1,0,0
Variant 3,High,Performance Issue,Website,8,6,1.0,0,48,0,0,0
Variant 1,High,Bug,Email,6,3,0.0,0,18,5,0,0
Variant 3,Low,Performance Issue,Website,8,4,1.0,0,32,19,0,0
Variant 4,Medium,Incident,Website,7,5,1.0,0,35,23,0,0
Variant 3,Medium,Feature Request,Website,8,3,1.0,0,24,11,0,0
Variant 8,Low,Feature Request,Website,10,3,0.0,0,30,5,0,0
Variant 8,Medium,Performance Issue,Email,10,3,0.0,0,30,18,0,0
Variant 1,Medium,Incident,Website,6,3,0.0,0,18,11,1,0
Variant 3,Low,Feature Request,Email,8,4,1.0,0,32,22,0,0
Variant 3,Medium,Performance Issue,Website,8,5,1.0,0,40,22,0,0
Variant 3,Medium,Incident,Website,8,5,1.0,0,40,20,0,0
Variant 1,Low,Technical Issue,Email,6,2,0.0,0,12,4,0,0
Variant 12,Medium,Performance Issue,Phone,6,3,0.0,0,18,14,1,0
Variant 3,Low,Incident,Website,8,4,1.0,0,32,6,1,0
Variant 6,Medium,Feature Request,Email,10,5,2.0,0,50,15,0,0
Variant 1,Low,Incident,Email,6,3,0.0,0,18,22,0,0
Variant 3,Medium,Technical Issue,Website,8,4,1.0,0,32,16,0,0
Variant 1,Medium,Incident,Website,6,3,0.0,0,18,16,0,0
Variant 3,Medium,Technical Issue,Email,8,4,1.0,0,32,23,0,0
Variant 3,Medium,Incident,Website,8,5,1.0,0,40,23,0,0
Variant 1,High,Performance Issue,App,6,3,0.0,0,18,5,0,0
Variant 3,Medium,Incident,Website,8,4,1.0,0,32,6,0,0
Variant 9,Medium,Feature Request,Website,10,3,1.0,0,30,19,0,0
Variant 4,Medium,Incident,Website,7,4,1.0,0,28,17,1,0
Variant 1,Medium,Bug,Website,6,2,0.0,0,12,11,1,0
Variant 3,Medium,Incident,Website,8,5,1.0,0,40,7,1,0
Variant 4,Medium,Service Request,Website,7,3,1.0,0,21,18,0,0
Variant 1,Low,Performance Issue,Email,6,3,0.0,0,18,14,1,0
Variant 4,Medium,Performance Issue,Email,7,5,1.0,0,35,16,1,0
Variant 3,Medium,Performance Issue,Email,8,6,1.0,0,48,2,0,0
Variant 1,Medium,Service Request,Website,6,3,0.0,0,18,7,0,0
Variant 3,High,Performance Issue,Website,8,4,1.0,0,32,2,1,0
Variant 3,High,Performance Issue,Website,8,3,1.0,0,24,13,0,0
Variant 2,Medium,Bug,Website,4,3,0.0,1,12,14,0,0
Variant 5,High,Bug,Website,12,4,1.0,1,48,13,0,1
Variant 4,Medium,Bug,Website,7,4,1.0,0,28,20,0,0
Variant 3,Low,Incident,Email,8,5,1.0,0,40,3,1,0
Variant 1,Medium,Performance Issue,Website,6,3,0.0,0,18,7,0,0
Variant 1,Medium,Bug,Email,6,3,0.0,0,18,16,0,0
Variant 3,Medium,Performance Issue,Website,8,4,1.0,0,32,13,0,0
Variant 1,Low,Bug,Email,6,3,0.0,0,18,10,0,0
Variant 1,Medium,Feature Request,Website,6,3,0.0,0,18,4,0,0
Variant 1,Medium,Bug,Website,6,3,0.0,0,18,1,1,0
Variant 3,Medium,Maintenance,Website,8,6,1.0,0,48,18,0,0
Variant 3,High,Performance Issue,Website,8,4,1.0,0,32,9,1,0
Variant 1,Low,Maintenance,Email,6,3,0.0,0,18,0,0,0
Variant 3,Medium,Performance Issue,Website,8,4,1.0,0,32,17,0,0
Variant 3,Medium,Performance Issue,Website,8,4,1.0,0,32,5,1,0
Variant 1,Medium,Feature Request,Website,6,2,0.0,0,12,3,0,0
Variant 13,Medium,Feature Request,Website,11,5,1.0,0,55,3,0,0
Variant 9,Medium,Performance Issue,Website,10,5,1.0,0,50,8,0,0
Variant 1,Medium,Service Request,Email,6,3,0.0,0,18,2,0,0
Variant 3,High,Performance Issue,Email,8,5,1.0,0,40,21,0,0
Variant 1,Low,Bug,Website,6,3,0.0,0,18,7,1,0
Variant 13,Medium,Incident,Email,11,5,1.0,0,55,20,0,0
Variant 3,Low,Feature Request,Website,8,5,1.0,0,40,14,0,0
Variant 4,High,Performance Issue,Website,7,5,1.0,0,35,15,0,0
Variant 3,High,Performance Issue,Email,8,5,1.0,0,40,0,1,0
Variant 1,Low,Incident,Website,6,3,0.0,0,18,3,1,0
Variant 1,High,Bug,Email,6,2,0.0,0,12,7,0,0
Variant 3,Low,Incident,Website,8,3,1.0,0,24,4,1,0
Variant 1,Low,Service Request,Email,6,3,0.0,0,18,20,0,0
Variant 3,Low,Service Request,Phone,8,4,1.0,0,32,9,0,0
Variant 3,High,Incident,Email,8,4,1.0,0,32,19,0,0
Variant 3,Medium,Performance Issue,Email,8,3,1.0,0,24,21,1,0
Variant 3,Medium,Technical Issue,App,8,4,1.0,0,32,10,1,0
Variant 3,Medium,Incident,Email,8,4,1.0,0,32,12,1,0
Variant 1,Medium,Bug,Website,6,3,0.0,0,18,22,0,0
Variant 3,Medium,Feature Request,Website,8,5,1.0,0,40,3,0,0
Variant 4,High,Feature Request,Website,7,6,1.0,0,42,8,0,1
Variant 5,Medium,Bug,Website,12,4,1.0,1,48,4,0,0
Variant 11,Medium,Feature Request,Website,6,4,0.0,0,24,23,0,0
Variant 1,Medium,Performance Issue,Website,6,3,0.0,0,18,22,1,0
Variant 3,Medium,Incident,Email,8,4,1.0,0,32,4,0,0
Variant 4,Medium,Performance Issue,Website,7,5,1.0,0,35,13,0,0
Variant 6,Low,Bug,Email,10,6,2.0,0,60,4,1,0
Variant 1,Medium,Feature Request,App,6,3,0.0,0,18,7,0,0
Variant 3,High,Performance Issue,Website,8,5,1.0,0,40,23,0,0
Variant 1,Low,Service Request,Website,6,3,0.0,0,18,23,0,0
Variant 3,Low,Incident,Website,8,4,1.0,0,32,17,1,0
Variant 3,High,Feature Request,Website,8,6,1.0,0,48,0,0,0
Variant 3,Medium,Technical Issue,Website,8,5,1.0,0,40,0,0,0
Variant 12,High,Performance Issue,Website,6,2,0.0,0,12,22,1,0
Variant 1,Low,Bug,Website,6,2,0.0,0,12,21,0,0
Variant 1,Medium,Feature Request,Email,6,2,0.0,0,12,3,1,0
Variant 3,Low,Feature Request,Phone,8,4,1.0,0,32,8,1,0
Variant 3,Medium,Incident,Email,8,5,1.0,0,40,4,1,0
Variant 3,Medium,Feature Request,Email,8,4,1.0,0,32,19,0,0
Variant 11,Medium,Performance Issue,Website,6,3,0.0,0,18,5,0,0
Variant 10,High,Bug,App,6,4,1.0,1,24,19,0,0
Variant 9,Medium,Performance Issue,Website,10,5,1.0,0,50,13,0,0
Variant 10,High,Service Request,Email,6,4,1.0,1,24,12,0,0
Variant 1,Medium,Maintenance,Website,6,2,0.0,0,12,5,1,0
Variant 3,High,Performance Issue,Website,8,6,1.0,0,48,19,1,1
Variant 3,High,Performance Issue,Email,8,5,1.0,0,40,14,1,0
Variant 1,Low,Bug,Website,6,2,0.0,0,12,22,0,0
Variant 4,Medium,Performance Issue,Email,7,4,1.0,0,28,12,1,0
Variant 11,Low,Incident,Email,6,3,0.0,0,18,14,0,0
Variant 1,Medium,Bug,Website,6,2,0.0,0,12,11,0,0
Variant 6,Low,Bug,App,10,6,2.0,0,60,0,0,0
Variant 1,Medium,Bug,App,6,2,0.0,0,12,14,0,0
Variant 4,Low,Service Request,Website,7,5,1.0,0,35,7,0,0
Variant 1,Medium,Feature Request,Website,6,3,0.0,0,18,9,0,0
Variant 3,Low,Feature Request,Email,8,4,1.0,0,32,6,0,0
Variant 3,Medium,Performance Issue,Email,8,5,1.0,0,40,16,0,0
Variant 3,High,Incident,Email,8,4,1.0,0,32,13,1,0
Variant 12,Medium,Bug,Website,6,3,0.0,0,18,21,0,0
Variant 7,High,Bug,Email,15,7,3.0,0,105,4,0,1
Variant 3,Medium,Performance Issue,Email,8,3,1.0,0,24,0,0,0
Variant 4,Low,Incident,Email,7,4,1.0,0,28,6,1,0
Variant 3,High,Maintenance,Website,8,4,1.0,0,32,8,0,0
Variant 1,Medium,Technical Issue,Website,6,2,0.0,0,12,15,1,0
Variant 3,Medium,Performance Issue,Phone,8,4,1.0,0,32,7,1,0
Variant 1,Medium,Service Request,App,6,2,0.0,0,12,6,0,0
Variant 6,High,Performance Issue,Website,10,5,2.0,0,50,1,0,0
Variant 3,Medium,Incident,Website,8,6,1.0,0,48,17,0,0
Variant 3,Medium,Performance Issue,Email,8,4,1.0,0,32,16,0,0
Variant 1,High,Feature Request,Email,6,2,0.0,0,12,14,0,0
Variant 1,Medium,Incident,App,6,3,0.0,0,18,2,1,0
Variant 3,Medium,Performance Issue,Website,8,4,1.0,0,32,4,0,0
Variant 3,Low,Performance Issue,Website,8,5,1.0,0,40,23,0,0
Variant 3,Low,Incident,Website,8,5,1.0,0,40,17,0,0
Variant 3,Low,Feature Request,Website,8,4,1.0,0,32,2,0,0
Variant 3,Medium,Performance Issue,Email,8,4,1.0,0,32,20,1,0
Variant 1,Medium,Incident,Email,6,2,0.0,0,12,4,0,0
Variant 3,High,Feature Request,Email,8,5,1.0,0,40,7,0,1
Variant 4,Low,Performance Issue,Website,7,5,1.0,0,35,7,0,0
Variant 1,High,Bug,Website,6,2,0.0,0,12,13,0,0
Variant 1,Medium,Bug,Website,6,2,0.0,0,12,14,1,0
Variant 3,Low,Maintenance,Email,8,4,1.0,0,32,13,0,0
Variant 4,Low,Performance Issue,Website,7,4,1.0,0,28,9,0,0
Variant 3,Medium,Performance Issue,Website,8,3,1.0,0,24,23,0,0
Variant 3,Low,Performance Issue,Email,8,4,1.0,0,32,10,0,0
Variant 3,High,Service Request,Email,8,3,1.0,0,24,0,0,0
Variant 3,High,Service Request,Website,8,6,1.0,0,48,6,0,0
Variant 3,Medium,Performance Issue,Email,8,6,1.0,0,48,18,1,0
Variant 3,High,Technical Issue,Website,8,4,1.0,0,32,2,0,0
Variant 3,Low,Feature Request,Website,8,3,1.0,0,24,12,1,0
Variant 7,High,Bug,Email,15,7,3.0,0,105,5,0,1
Variant 3,Medium,Performance Issue,Website,8,5,1.0,0,40,2,0,0
Variant 3,Medium,Feature Request,Phone,8,5,1.0,0,40,6,0,0
Variant 9,High,Service Request,Email,10,5,1.0,0,50,18,1,1
Variant 1,Medium,Feature Request,Website,6,2,0.0,0,12,8,0,0
Variant 8,High,Maintenance,Website,10,3,0.0,0,30,10,0,1
Variant 1,High,Service Request,Phone,6,3,0.0,0,18,8,0,0
Variant 3,Low,Performance Issue,Website,8,4,1.0,0,32,0,0,0
Variant 1,High,Bug,Website,6,2,0.0,0,12,10,1,0
Variant 3,Medium,Performance Issue,Website,8,5,1.0,0,40,16,0,0
Variant 11,High,Maintenance,Website,6,3,0.0,0,18,11,0,0
Variant 11,Low,Incident,Email,6,3,0.0,0,18,20,0,0
Variant 4,Medium,Feature Request,Website,7,4,1.0,0,28,23,0,0
Variant 11,Low,Bug,Email,6,3,0.0,0,18,1,1,0
Variant 4,Medium,Service Request,App,7,3,1.0,0,21,16,0,0
Variant 3,High,Performance Issue,Email,8,4,1.0,0,32,19,1,0
Variant 1,Medium,Maintenance,Email,6,2,0.0,0,12,2,1,0
Variant 12,Medium,Technical Issue,Website,6,3,0.0,0,18,19,0,0
Variant 3,Medium,Incident,Email,8,4,1.0,0,32,11,0,0
Variant 3,High,Performance Issue,Email,8,4,1.0,0,32,0,0,0
Variant 5,Medium,Performance Issue,Email,12,5,1.0,1,60,0,1,0
Variant 8,Medium,Bug,Website,10,3,0.0,0,30,2,1,0
Variant 3,Medium,Feature Request,Website,8,5,1.0,0,40,11,0,0
Variant 3,Medium,Incident,Website,8,5,1.0,0,40,9,0,0
Variant 1,Medium,Technical Issue,Website,6,3,0.0,0,18,21,1,0
Variant 3,High,Feature Request,Website,8,4,1.0,0,32,13,0,0
Variant 7,Medium,Bug,Email,15,7,3.0,0,105,8,1,0
Variant 1,Medium,Performance Issue,Website,6,3,0.0,0,18,21,1,0
Variant 1,Medium,Performance Issue,Website,6,2,0.0,0,12,22,0,0
Variant 4,Medium,Feature Request,Phone,7,5,1.0,0,35,16,1,0
Variant 3,Low,Service Request,App,8,4,1.0,0,32,13,0,0
Variant 4,Low,Incident,Email,7,3,1.0,0,21,11,0,0
Variant 5,Medium,Incident,App,12,5,1.0,1,60,2,0,0
Variant 3,Medium,Performance Issue,Website,8,5,1.0,0,40,20,1,0
Variant 8,Low,Feature Request,Website,10,3,0.0,0,30,14,1,0
Variant 3,Low,Performance Issue,Website,8,6,1.0,0,48,8,0,0
Variant 3,Medium,Feature Request,Website,8,4,1.0,0,32,22,0,0
Variant 3,Medium,Incident,Phone,8,4,1.0,0,32,23,1,0
Variant 3,Low,Feature Request,Website,8,4,1.0,0,32,23,0,0
Variant 4,Medium,Technical Issue,Website,7,5,1.0,0,35,2,0,0
Variant 3,High,Feature Request,Phone,8,4,1.0,0,32,4,0,0
Variant 3,Medium,Technical Issue,Email,8,4,1.0,0,32,9,1,0
Variant 3,Medium,Performance Issue,Email,8,3,1.0,0,24,22,1,0
Variant 3,Low,Incident,App,8,4,1.0,0,32,10,1,0
Variant 3,Low,Technical Issue,Email,8,5,1.0,0,40,16,0,0
Variant 3,Medium,Feature Request,App,8,4,1.0,0,32,3,0,0
Variant 3,Low,Technical Issue,Website,8,4,1.0,0,32,6,1,0
Variant 3,Medium,Performance Issue,Email,8,5,1.0,0,40,5,0,0
Variant 3,High,Performance Issue,Website,8,5,1.0,0,40,4,0,0
Variant 1,Medium,Feature Request,Website,6,2,0.0,0,12,18,0,0
Variant 1,Low,Bug,Email,6,3,0.0,0,18,2,1,0
Variant 3,High,Maintenance,Email,8,4,1.0,0,32,1,0,0
Variant 10,Medium,Performance Issue,Website,6,3,1.0,1,18,20,0,0
Variant 3,Medium,Incident,Phone,8,3,1.0,0,24,17,0,0
Variant 1,Medium,Bug,Email,6,2,0.0,0,12,11,1,0
Variant 3,Medium,Performance Issue,Website,8,5,1.0,0,40,17,0,0
Variant 3,Medium,Performance Issue,Email,8,6,1.0,0,48,20,1,0
Variant 3,Low,Incident,Website,8,4,1.0,0,32,3,0,0
Variant 12,Medium,Bug,Email,6,3,0.0,0,18,3,1,0
Variant 5,Medium,Feature Request,Email,12,5,1.0,1,60,13,0,0
Variant 1,Medium,Bug,Email,6,3,0.0,0,18,19,0,0
Variant 7,Medium,Bug,Website,15,7,3.0,0,105,2,0,0
Variant 3,Medium,Technical Issue,Website,8,4,1.0,0,32,23,0,0
Variant 3,Low,Performance Issue,Email,8,4,1.0,0,32,14,0,0
Variant 1,High,Feature Request,Email,6,3,0.0,0,18,18,0,0
Variant 13,High,Service Request,Website,11,5,1.0,0,55,9,0,1
Variant 9,Medium,Bug,Email,10,4,1.0,0,40,9,1,0
Variant 1,Low,Bug,Email,6,3,0.0,0,18,2,1,0
Variant 4,Low,Incident,Website,7,4,1.0,0,28,11,0,0
Variant 4,Medium,Incident,App,7,5,1.0,0,35,1,0,0
Variant 7,High,Bug,Website,15,8,3.0,0,120,23,1,1
Variant 2,Medium,Incident,Website,4,2,0.0,1,8,9,0,0
Variant 1,Medium,Maintenance,Website,6,2,0.0,0,12,10,1,0
Variant 11,Low,Feature Request,Website,6,3,0.0,0,18,14,0,0
Variant 2,Low,Performance Issue,Email,4,3,0.0,1,12,16,1,0
Variant 3,Medium,Performance Issue,Email,8,4,1.0,0,32,3,0,0
Variant 1,Medium,Performance Issue,Website,6,2,0.0,0,12,1,0,0
Variant 3,Medium,Performance Issue,Email,8,4,1.0,0,32,2,1,0
Variant 1,Low,Feature Request,Email,6,3,0.0,0,18,19,1,0
Variant 1,High,Feature Request,Email,6,3,0.0,0,18,4,1,0
Variant 3,Medium,Performance Issue,Email,8,4,1.0,0,32,3,1,0
Variant 1,Medium,Bug,Phone,6,2,0.0,0,12,4,1,0
Variant 1,Low,Performance Issue,Website,6,3,0.0,0,18,14,0,0
Variant 3,Low,Performance Issue,Email,8,5,1.0,0,40,10,1,0
Variant 3,High,Feature Request,Website,8,4,1.0,0,32,18,0,0
Variant 3,Medium,Feature Request,Email,8,5,1.0,0,40,3,0,0
Variant 1,Medium,Maintenance,Website,6,2,0.0,0,12,8,1,0
Variant 3,Medium,Performance Issue,Website,8,5,1.0,0,40,8,0,0
Variant 11,Low,Bug,Website,6,3,0.0,0,18,7,0,0
Variant 1,Low,Performance Issue,Website,6,2,0.0,0,12,21,0,0
Variant 5,High,Service Request,Email,12,6,1.0,1,72,5,0,1
Variant 1,Medium,Maintenance,Website,6,3,0.0,0,18,20,1,0
Variant 3,Low,Feature Request,Website,8,6,1.0,0,48,15,1,0
Variant 4,Medium,Incident,Website,7,4,1.0,0,28,20,0,0
Variant 4,Low,Technical Issue,Email,7,4,1.0,0,28,8,0,0
Variant 1,Medium,Bug,Phone,6,3,0.0,0,18,7,0,0
Variant 3,Medium,Performance Issue,Website,8,6,1.0,0,48,1,1,0
Variant 11,Medium,Feature Request,Email,6,3,0.0,0,18,12,0,0
Variant 3,Medium,Service Request,Email,8,5,1.0,0,40,4,0,0
Variant 1,Medium,Service Request,Website,6,3,0.0,0,18,0,1,0
Variant 1,High,Bug,Email,6,2,0.0,0,12,12,1,0
Variant 4,Medium,Bug,Website,7,4,1.0,0,28,13,0,0
Variant 4,Medium,Technical Issue,Website,7,4,1.0,0,28,1,1,0
Variant 3,Low,Performance Issue,Website,8,4,1.0,0,32,23,1,0
Variant 1,High,Feature Request,Website,6,3,0.0,0,18,2,0,0
Variant 3,Low,Incident,Email,8,5,1.0,0,40,18,0,0
Variant 3,Medium,Performance Issue,Website,8,4,1.0,0,32,21,1,0
Variant 1,Low,Feature Request,Website,6,3,0.0,0,18,20,0,0
Variant 3,High,Service Request,Email,8,5,1.0,0,40,1,0,0
Variant 13,Medium,Feature Request,Phone,11,5,1.0,0,55,5,1,0
Variant 4,Medium,Maintenance,Email,7,5,1.0,0,35,0,1,0
Variant 3,Medium,Performance Issue,Email,8,6,1.0,0,48,6,1,0
Variant 4,Low,Bug,Website,7,5,1.0,0,35,15,0,0
Variant 3,Medium,Performance Issue,Website,8,4,1.0,0,32,16,1,0
Variant 3,Medium,Technical Issue,Email,8,4,1.0,0,32,9,0,0
Variant 1,Low,Bug,Email,6,3,0.0,0,18,3,0,0
Variant 12,Low,Feature Request,Website,6,3,0.0,0,18,4,0,0
Variant 4,Low,Maintenance,Email,7,3,1.0,0,21,5,0,0
Variant 3,Medium,Service Request,Email,8,4,1.0,0,32,13,0,0
Variant 6,High,Feature Request,Website,10,6,2.0,0,60,1,0,0
Variant 1,Medium,Bug,Email,6,3,0.0,0,18,10,0,0
Variant 3,Medium,Performance Issue,Website,8,4,1.0,0,32,20,0,0
Variant 4,Medium,Performance Issue,Website,7,5,1.0,0,35,3,0,0
Variant 3,Medium,Feature Request,Website,8,4,1.0,0,32,8,1,0
Variant 1,High,Feature Request,Website,6,3,0.0,0,18,16,0,0
Variant 3,Low,Performance Issue,Website,8,4,1.0,0,32,10,0,0
Variant 3,High,Performance Issue,Email,8,5,1.0,0,40,0,0,1
Variant 1,High,Feature Request,App,6,3,0.0,0,18,15,1,0
Variant 4,Low,Performance Issue,Website,7,5,1.0,0,35,13,1,0
Variant 3,Medium,Feature Request,Website,8,5,1.0,0,40,6,0,0
Variant 1,Medium,Bug,Website,6,3,0.0,0,18,10,0,0
Variant 1,Medium,Service Request,Email,6,3,0.0,0,18,5,1,0
Variant 1,Medium,Service Request,Email,6,3,0.0,0,18,7,1,0
Variant 1,Medium,Bug,Website,6,3,0.0,0,18,9,0,0
Variant 1,High,Feature Request,Email,6,2,0.0,0,12,22,0,0
Variant 11,Medium,Maintenance,Email,6,3,0.0,0,18,5,1,0
Variant 3,Low,Performance Issue,Website,8,4,1.0,0,32,10,0,0
Variant 1,Medium,Feature Request,Email,6,3,0.0,0,18,7,0,0
Variant 3,Low,Performance Issue,Website,8,5,1.0,0,40,18,0,0
Variant 4,Low,Bug,Website,7,4,1.0,0,28,19,0,0
Variant 1,High,Incident,Website,6,3,0.0,0,18,0,1,0
Variant 2,Medium,Performance Issue,Website,4,3,0.0,1,12,14,0,0
Variant 3,Medium,Maintenance,App,8,5,1.0,0,40,5,0,0
Variant 3,Medium,Feature Request,Website,8,5,1.0,0,40,2,0,0
Variant 3,Low,Incident,Website,8,4,1.0,0,32,22,1,0
Variant 8,Medium,Feature Request,Email,10,3,0.0,0,30,2,0,0
Variant 3,Medium,Feature Request,Website,8,4,1.0,0,32,12,0,0
Variant 3,Medium,Incident,Website,8,4,1.0,0,32,18,0,0
Variant 1,High,Bug,Email,6,2,0.0,0,12,11,1,0
Variant 1,Medium,Bug,Email,6,3,0.0,0,18,11,0,0
Variant 3,Low,Technical Issue,Email,8,5,1.0,0,40,18,1,0
Variant 3,Medium,Feature Request,Website,8,4,1.0,0,32,15,0,0
Variant 3,Medium,Feature Request,Website,8,3,1.0,0,24,17,1,0
Variant 8,Medium,Performance Issue,Website,10,3,0.0,0,30,3,1,0
Variant 3,Low,Performance Issue,Email,8,3,1.0,0,24,21,1,0
Variant 1,Medium,Feature Request,Website,6,2,0.0,0,12,3,0,0
Variant 1,Medium,Bug,Email,6,3,0.0,0,18,0,0,0
Variant 11,Medium,Service Request,Email,6,2,0.0,0,12,17,0,0
Variant 3,Low,Service Request,App,8,6,1.0,0,48,14,1,0
Variant 1,Medium,Performance Issue,Website,6,2,0.0,0,12,21,0,0
Variant 5,Medium,Bug,Email,12,4,1.0,1,48,8,0,0
Variant 3,Low,Performance Issue,Email,8,5,1.0,0,40,15,0,0
Variant 3,Low,Incident,Phone,8,4,1.0,0,32,10,0,0
Variant 1,Medium,Service Request,Website,6,3,0.0,0,18,4,0,0
Variant 4,High,Feature Request,Website,7,5,1.0,0,35,6,0,0
Variant 1,Low,Bug,Email,6,3,0.0,0,18,21,0,0
Variant 3,Low,Performance Issue,Website,8,5,1.0,0,40,18,1,0
Variant 4,Medium,Incident,Website,7,5,1.0,0,35,21,1,0
Variant 12,High,Feature Request,Email,6,3,0.0,0,18,9,0,0
Variant 1,Medium,Bug,Email,6,3,0.0,0,18,3,0,0
Variant 1,Low,Performance Issue,Website,6,3,0.0,0,18,5,0,0
Variant 3,Low,Performance Issue,Website,8,3,1.0,0,24,8,0,0
Variant 2,Medium,Service Request,Website,4,2,0.0,1,8,21,0,0
Variant 1,Low,Feature Request,Email,6,3,0.0,0,18,6,0,0
Variant 3,Low,Incident,Website,8,3,1.0,0,24,13,0,0
Variant 3,High,Performance Issue,Email,8,6,1.0,0,48,7,1,1
Variant 2,Medium,Bug,Website,4,2,0.0,1,8,14,0,0
Variant 3,Medium,Performance Issue,Email,8,5,1.0,0,40,8,0,0
Variant 10,Medium,Performance Issue,Website,6,3,1.0,1,18,22,1,0
Variant 10,High,Feature Request,Website,6,3,1.0,1,18,1,0,0
Variant 4,Medium,Incident,Website,7,4,1.0,0,28,2,0,0
Variant 1,High,Performance Issue,Website,6,2,0.0,0,12,11,0,0
Variant 3,Medium,Performance Issue,Website,8,5,1.0,0,40,0,0,0
Variant 1,High,Maintenance,Website,6,3,0.0,0,18,2,0,0
Variant 3,Low,Feature Request,Email,8,5,1.0,0,40,16,1,0
Variant 4,Medium,Feature Request,Email,7,4,1.0,0,28,10,1,0
Variant 3,Low,Performance Issue,Website,8,4,1.0,0,32,7,1,0
Variant 1,Low,Technical Issue,Email,6,3,0.0,0,18,11,0,0
Variant 1,High,Bug,Website,6,2,0.0,0,12,14,1,0
Variant 3,Medium,Performance Issue,Website,8,4,1.0,0,32,10,1,0
Variant 3,High,Performance Issue,Website,8,5,1.0,0,40,22,0,0
Variant 3,Medium,Performance Issue,Email,8,3,1.0,0,24,12,0,0
Variant 3,High,Performance Issue,Email,8,4,1.0,0,32,8,0,0
Variant 3,Medium,Maintenance,Website,8,3,1.0,0,24,22,1,0
Variant 1,Medium,Feature Request,Email,6,3,0.0,0,18,23,1,0
Variant 5,High,Performance Issue,Email,12,5,1.0,1,60,0,0,1
Variant 3,High,Feature Request,Email,8,4,1.0,0,32,7,0,0
Variant 11,High,Incident,Website,6,3,0.0,0,18,21,0,0
Variant 1,Medium,Bug,Email,6,3,0.0,0,18,3,0,0
Variant 3,Medium,Performance Issue,Email,8,4,1.0,0,32,15,0,0
Variant 3,Medium,Incident,Email,8,5,1.0,0,40,13,0,0
Variant 3,Medium,Performance Issue,Website,8,4,1.0,0,32,9,0,0
Variant 3,Low,Feature Request,Email,8,4,1.0,0,32,23,0,0
Variant 3,Medium,Performance Issue,Website,8,5,1.0,0,40,17,1,0
Variant 3,High,Feature Request,Email,8,5,1.0,0,40,3,0,0
Variant 1,High,Bug,Email,6,3,0.0,0,18,18,0,0
Variant 1,Low,Service Request,Email,6,2,0.0,0,12,3,0,0
Variant 1,High,Bug,Email,6,3,0.0,0,18,6,0,0
Variant 3,Low,Feature Request,Website,8,3,1.0,0,24,19,0,0
Variant 3,High,Performance Issue,Website,8,3,1.0,0,24,23,0,0
Variant 1,High,Bug,Email,6,3,0.0,0,18,1,1,0
Variant 1,Medium,Incident,Website,6,2,0.0,0,12,13,0,0
Variant 1,Medium,Feature Request,Website,6,3,0.0,0,18,9,1,0
Variant 4,Low,Service Request,Email,7,6,1.0,0,42,14,0,0
Variant 3,Low,Service Request,Website,8,5,1.0,0,40,8,1,0
Variant 3,Medium,Performance Issue,Website,8,4,1.0,0,32,3,0,0
Variant 1,Low,Performance Issue,Website,6,3,0.0,0,18,23,0,0
Variant 1,Medium,Performance Issue,App,6,3,0.0,0,18,10,1,0
Variant 2,Medium,Service Request,Email,4,2,0.0,1,8,21,0,0
Variant 2,Medium,Maintenance,Website,4,2,0.0,1,8,15,0,0
Variant 6,Low,Bug,Website,10,6,2.0,0,60,6,0,0
Variant 3,Low,Feature Request,Website,8,5,1.0,0,40,12,0,0
Variant 11,High,Feature Request,Email,6,3,0.0,0,18,11,0,0
Variant 3,Medium,Incident,Email,8,5,1.0,0,40,12,0,0
Variant 1,Medium,Performance Issue,Website,6,2,0.0,0,12,5,1,0
Variant 3,High,Performance Issue,Website,8,5,1.0,0,40,3,0,0
Variant 3,Medium,Service Request,Website,8,5,1.0,0,40,16,1,0
Variant 5,Medium,Feature Request,Website,12,5,1.0,1,60,2,0,0
Variant 3,Low,Incident,Email,8,5,1.0,0,40,22,0,0
Variant 7,Medium,Bug,Email,15,7,3.0,0,105,8,1,0
Variant 3,Medium,Performance Issue,Email,8,4,1.0,0,32,9,0,0
Variant 1,Low,Performance Issue,App,6,2,0.0,0,12,12,0,0
Variant 3,High,Technical Issue,Email,8,4,1.0,0,32,6,0,0
Variant 4,High,Feature Request,Email,7,4,1.0,0,28,5,1,0
Variant 1,Medium,Maintenance,Email,6,3,0.0,0,18,22,0,0
Variant 3,Low,Performance Issue,Website,8,5,1.0,0,40,0,0,0
Variant 7,Medium,Bug,Email,15,7,3.0,0,105,13,1,1
Variant 6,Low,Bug,Website,10,7,2.0,0,70,10,1,0
Variant 1,High,Performance Issue,Email,6,3,0.0,0,18,5,0,0
Variant 3,Medium,Feature Request,Website,8,4,1.0,0,32,5,0,0
Variant 12,Medium,Bug,Email,6,4,0.0,0,24,0,0,0
Variant 1,Medium,Bug,Website,6,3,0.0,0,18,7,0,0
Variant 3,Low,Technical Issue,Website,8,4,1.0,0,32,4,0,0
Variant 7,Medium,Bug,Website,15,8,3.0,0,120,8,0,0
Variant 4,Low,Performance Issue,Website,7,5,1.0,0,35,16,1,0
Variant 4,Medium,Feature Request,Phone,7,5,1.0,0,35,7,0,0
Variant 7,Medium,Bug,Website,15,8,3.0,0,120,0,0,0
Variant 3,Medium,Service Request,Website,8,5,1.0,0,40,10,0,0
Variant 10,Medium,Bug,Website,6,3,1.0,1,18,8,0,0
Variant 5,High,Feature Request,Email,12,5,1.0,1,60,16,1,1
Variant 3,High,Feature Request,Website,8,5,1.0,0,40,22,0,0
Variant 3,Medium,Technical Issue,Email,8,5,1.0,0,40,17,0,0
Variant 4,Medium,Bug,Email,7,5,1.0,0,35,20,0,0
Variant 3,Medium,Performance Issue,Website,8,4,1.0,0,32,10,1,0
Variant 1,High,Feature Request,Phone,6,2,0.0,0,12,9,0,0
Variant 1,Medium,Incident,Email,6,3,0.0,0,18,18,1,0
Variant 1,Low,Feature Request,Email,6,3,0.0,0,18,13,0,0
Variant 3,Medium,Maintenance,Email,8,4,1.0,0,32,7,0,0
Variant 3,High,Incident,Email,8,4,1.0,0,32,3,0,0
Variant 1,Low,Feature Request,Website,6,3,0.0,0,18,15,0,0
Variant 1,High,Bug,Email,6,3,0.0,0,18,2,0,0
Variant 1,Medium,Performance Issue,Website,6,3,0.0,0,18,23,1,0
Variant 1,Medium,Bug,Website,6,3,0.0,0,18,0,1,0
Variant 1,Medium,Technical Issue,Email,6,2,0.0,0,12,22,0,0
Variant 10,Medium,Service Request,Email,6,3,1.0,1,18,18,1,0
Variant 1,Medium,Feature Request,Email,6,3,0.0,0,18,3,0,0
Variant 3,Medium,Incident,Email,8,6,1.0,0,48,10,0,0
Variant 1,Medium,Maintenance,Email,6,3,0.0,0,18,1,0,0
Variant 3,Medium,Performance Issue,Email,8,5,1.0,0,40,1,0,0
Variant 3,Medium,Feature Request,Email,8,5,1.0,0,40,13,1,0
Variant 4,Medium,Feature Request,Website,7,6,1.0,0,42,2,0,0
Variant 3,Medium,Performance Issue,Email,8,3,1.0,0,24,9,0,0
Variant 8,Low,Performance Issue,Website,10,3,0.0,0,30,23,0,0
Variant 3,Low,Performance Issue,Phone,8,5,1.0,0,40,16,0,0
Variant 1,High,Performance Issue,Website,6,3,0.0,0,18,18,1,0
Variant 3,High,Performance Issue,App,8,5,1.0,0,40,7,0,0
Variant 1,Medium,Service Request,Website,6,2,0.0,0,12,17,0,0
Variant 3,Medium,Performance Issue,Website,8,6,1.0,0,48,5,1,0
Variant 1,Medium,Bug,Website,6,3,0.0,0,18,3,0,0
Variant 6,Medium,Incident,Website,10,7,2.0,0,70,16,0,0
Variant 3,Medium,Maintenance,Email,8,5,1.0,0,40,9,0,0
Variant 3,High,Performance Issue,Website,8,5,1.0,0,40,0,1,0
Variant 3,Low,Service Request,Email,8,5,1.0,0,40,0,0,0
Variant 10,Medium,Performance Issue,Email,6,4,1.0,1,24,2,0,0
Variant 1,Medium,Performance Issue,Email,6,3,0.0,0,18,5,0,0
Variant 3,Low,Feature Request,Email,8,4,1.0,0,32,11,0,0
Variant 1,Low,Performance Issue,Website,6,3,0.0,0,18,12,0,0
Variant 8,Low,Feature Request,Phone,10,3,0.0,0,30,1,0,0
Variant 4,High,Service Request,Email,7,5,1.0,0,35,19,0,0
Variant 3,Medium,Feature Request,Email,8,5,1.0,0,40,5,0,0
Variant 5,Medium,Service Request,Website,12,5,1.0,1,60,0,1,0
Variant 1,High,Incident,Email,6,3,0.0,0,18,16,0,0
Variant 7,Medium,Bug,Website,15,8,3.0,0,120,1,0,0
Variant 3,Medium,Incident,Website,8,5,1.0,0,40,15,1,0
Variant 3,High,Performance Issue,Website,8,5,1.0,0,40,5,1,0
Variant 3,Low,Service Request,Email,8,6,1.0,0,48,2,1,0
Variant 3,Medium,Technical Issue,Email,8,3,1.0,0,24,6,0,0
Variant 8,Medium,Bug,App,10,3,0.0,0,30,17,0,0
Variant 1,Low,Service Request,Email,6,3,0.0,0,18,6,1,0
Variant 3,High,Performance Issue,Website,8,4,1.0,0,32,3,0,0
Variant 1,Medium,Bug,Email,6,3,0.0,0,18,2,1,0
Variant 3,Low,Feature Request,Email,8,5,1.0,0,40,23,1,0
Variant 3,Medium,Service Request,Website,8,5,1.0,0,40,11,0,0
Variant 1,Low,Performance Issue,Phone,6,3,0.0,0,18,22,0,0
Variant 1,Medium,Performance Issue,Email,6,3,0.0,0,18,12,1,0
Variant 4,Medium,Bug,Email,7,4,1.0,0,28,6,1,0
Variant 3,Medium,Performance Issue,Email,8,3,1.0,0,24,20,0,0
Variant 4,Low,Service Request,Email,7,5,1.0,0,35,20,0,0
Variant 1,Medium,Bug,Email,6,3,0.0,0,18,17,0,0
Variant 3,High,Feature Request,Email,8,3,1.0,0,24,18,0,0
Variant 3,Medium,Performance Issue,Website,8,4,1.0,0,32,23,0,0
Variant 3,Medium,Maintenance,Email,8,5,1.0,0,40,8,0,0
Variant 4,Low,Bug,Website,7,4,1.0,0,28,8,0,0
Variant 6,Medium,Feature Request,Website,10,7,2.0,0,70,20,0,0
Variant 3,Medium,Incident,Email,8,4,1.0,0,32,22,1,0
Variant 1,Medium,Incident,Website,6,2,0.0,0,12,18,0,0
Variant 1,Medium,Performance Issue,Email,6,2,0.0,0,12,22,0,0
Variant 3,Medium,Performance Issue,Website,8,5,1.0,0,40,3,0,0
Variant 3,Medium,Incident,Email,8,4,1.0,0,32,8,0,0
Variant 5,Medium,Incident,Website,12,6,1.0,1,72,3,0,0
Variant 1,Medium,Service Request,App,6,3,0.0,0,18,4,1,0
Variant 3,High,Performance Issue,Website,8,5,1.0,0,40,18,0,0
Variant 4,Medium,Incident,Email,7,4,1.0,0,28,21,0,0
Variant 3,Medium,Feature Request,App,8,4,1.0,0,32,21,1,0
Variant 3,Medium,Feature Request,Website,8,6,1.0,0,48,18,0,0
Variant 11,Medium,Performance Issue,Website,6,3,0.0,0,18,0,0,0
Variant 4,Medium,Technical Issue,Email,7,5,1.0,0,35,0,0,0
Variant 3,High,Performance Issue,Email,8,5,1.0,0,40,13,0,0
Variant 1,Low,Incident,Website,6,2,0.0,0,12,16,0,0
Variant 3,Medium,Performance Issue,Website,8,4,1.0,0,32,16,0,0
Variant 3,High,Performance Issue,Email,8,4,1.0,0,32,20,1,0
Variant 4,Medium,Feature Request,Email,7,5,1.0,0,35,8,0,0
Variant 8,Low,Performance Issue,Website,10,3,0.0,0,30,18,0,0
Variant 1,Medium,Performance Issue,Website,6,2,0.0,0,12,9,1,0
Variant 1,Medium,Bug,Website,6,3,0.0,0,18,12,0,0
Variant 4,Medium,Bug,Email,7,5,1.0,0,35,6,0,0
Variant 3,High,Performance Issue,Website,8,4,1.0,0,32,7,1,0
Variant 7,High,Bug,Email,15,8,3.0,0,120,10,1,1
Variant 4,Medium,Incident,Phone,7,4,1.0,0,28,23,1,0
Variant 3,Low,Service Request,Website,8,5,1.0,0,40,0,0,0
Variant 1,Medium,Technical Issue,Website,6,2,0.0,0,12,0,1,0
Variant 8,High,Incident,Website,10,3,0.0,0,30,5,0,1
Variant 9,Medium,Bug,Website,10,5,1.0,0,50,20,0,0
Variant 1,Medium,Feature Request,Phone,6,3,0.0,0,18,1,0,0
Variant 1,Medium,Maintenance,Website,6,2,0.0,0,12,7,0,0
Variant 3,Medium,Technical Issue,Phone,8,5,1.0,0,40,23,1,0
Variant 3,Low,Technical Issue,Website,8,5,1.0,0,40,23,0,0
Variant 1,Medium,Performance Issue,Website,6,3,0.0,0,18,21,0,0
Variant 3,Low,Incident,Email,8,5,1.0,0,40,22,0,0
Variant 3,Medium,Performance Issue,Website,8,4,1.0,0,32,21,0,0
Variant 3,Medium,Feature Request,Website,8,5,1.0,0,40,15,0,0
Variant 3,Medium,Performance Issue,Email,8,4,1.0,0,32,4,0,0
Variant 3,Medium,Feature Request,Email,8,5,1.0,0,40,13,0,0
Variant 3,High,Feature Request,Website,8,5,1.0,0,40,12,1,1
Variant 3,Medium,Feature Request,Email,8,4,1.0,0,32,11,0,0
Variant 3,High,Incident,Email,8,5,1.0,0,40,15,1,1
Variant 6,Medium,Bug,Website,10,5,2.0,0,50,20,0,0
Variant 3,Medium,Maintenance,Website,8,5,1.0,0,40,4,1,0
Variant 3,High,Performance Issue,Website,8,4,1.0,0,32,10,0,1
Variant 1,Low,Maintenance,Website,6,2,0.0,0,12,2,1,0
Variant 3,Medium,Technical Issue,Website,8,4,1.0,0,32,22,0,0
Variant 3,Low,Incident,Website,8,5,1.0,0,40,23,0,0
Variant 3,High,Performance Issue,Email,8,4,1.0,0,32,21,0,0
Variant 3,Medium,Performance Issue,App,8,5,1.0,0,40,7,0,0
Variant 1,Medium,Feature Request,Website,6,3,0.0,0,18,14,0,0
Variant 3,Medium,Feature Request,Email,8,4,1.0,0,32,12,0,0
Variant 3,Low,Incident,Website,8,5,1.0,0,40,1,0,0
Variant 3,Low,Incident,Website,8,4,1.0,0,32,15,0,0
Variant 1,Low,Maintenance,Website,6,2,0.0,0,12,4,1,0
Variant 2,Medium,Service Request,Email,4,2,0.0,1,8,17,0,0
Variant 1,Low,Feature Request,Email,6,3,0.0,0,18,16,1,0
Variant 4,Medium,Incident,Email,7,5,1.0,0,35,5,1,0
Variant 10,Low,Performance Issue,Website,6,3,1.0,1,18,23,0,0
Variant 1,High,Feature Request,Website,6,2,0.0,0,12,21,0,0
Variant 3,Medium,Service Request,Phone,8,5,1.0,0,40,20,0,0
Variant 13,High,Bug,Website,11,5,1.0,0,55,8,0,1
Variant 1,Low,Feature Request,Email,6,2,0.0,0,12,22,0,0
Variant 1,Low,Technical Issue,App,6,3,0.0,0,18,14,0,0
Variant 3,Low,Feature Request,Website,8,4,1.0,0,32,6,0,0
Variant 1,Low,Incident,App,6,3,0.0,0,18,5,0,0
Variant 7,Medium,Bug,Email,15,8,3.0,0,120,23,0,0
Variant 4,Medium,Feature Request,Website,7,5,1.0,0,35,3,1,0
Variant 1,High,Technical Issue,Website,6,3,0.0,0,18,16,0,0
Variant 4,Medium,Feature Request,Email,7,5,1.0,0,35,2,1,0
Variant 1,Medium,Bug,Email,6,3,0.0,0,18,6,0,0
Variant 3,Medium,Performance Issue,Website,8,5,1.0,0,40,13,0,0
Variant 3,Low,Performance Issue,Website,8,4,1.0,0,32,21,0,0
Variant 9,Medium,Bug,App,10,3,1.0,0,30,9,0,0
Variant 3,Medium,Feature Request,Website,8,5,1.0,0,40,17,0,0
Variant 8,Medium,Service Request,Website,10,3,0.0,0,30,10,0,0
Variant 2,Medium,Incident,Website,4,2,0.0,1,8,16,1,0
Variant 8,Medium,Feature Request,Website,10,3,0.0,0,30,22,0,0
Variant 3,Low,Performance Issue,Email,8,4,1.0,0,32,7,0,0
Variant 1,Medium,Performance Issue,Website,6,3,0.0,0,18,6,1,0
Variant 3,Medium,Incident,Website,8,5,1.0,0,40,16,0,0
Variant 3,Medium,Performance Issue,Website,8,4,1.0,0,32,19,0,0
Variant 1,High,Service Request,Email,6,3,0.0,0,18,21,0,0
Variant 1,Medium,Performance Issue,Website,6,2,0.0,0,12,8,0,0
Variant 1,Medium,Bug,Website,6,3,0.0,0,18,7,0,0
Variant 1,Medium,Incident,Email,6,3,0.0,0,18,7,1,0
Variant 11,Medium,Bug,Website,6,3,0.0,0,18,10,0,0
Variant 7,High,Bug,Email,15,9,3.0,0,135,20,1,1
Variant 3,High,Service Request,Website,8,4,1.0,0,32,7,0,0
Variant 3,High,Feature Request,Email,8,4,1.0,0,32,19,0,0
Variant 8,High,Service Request,Website,10,2,0.0,0,20,0,0,1
Variant 3,Medium,Performance Issue,Website,8,4,1.0,0,32,21,1,0
Variant 3,Medium,Performance Issue,Website,8,4,1.0,0,32,20,0,0
Variant 3,Medium,Technical Issue,Website,8,3,1.0,0,24,19,0,0
Variant 3,Low,Performance Issue,Website,8,4,1.0,0,32,20,0,0
Variant 1,Low,Incident,Website,6,3,0.0,0,18,7,1,0
Variant 1,Medium,Performance Issue,Email,6,3,0.0,0,18,21,1,0
Variant 3,Medium,Performance Issue,Website,8,5,1.0,0,40,9,0,0
Variant 1,Low,Feature Request,Website,6,3,0.0,0,18,2,0,0
Variant 1,High,Performance Issue,Email,6,2,0.0,0,12,20,0,0
Variant 12,High,Feature Request,Website,6,3,0.0,0,18,9,0,0
Variant 1,High,Performance Issue,Website,6,3,0.0,0,18,2,0,0
Variant 8,Medium,Feature Request,Website,10,3,0.0,0,30,14,0,0
Variant 3,Medium,Feature Request,Website,8,5,1.0,0,40,20,0,0
Variant 1,Low,Maintenance,Website,6,3,0.0,0,18,22,0,0
Variant 1,Medium,Performance Issue,Email,6,3,0.0,0,18,21,0,0
Variant 1,Medium,Feature Request,Website,6,2,0.0,0,12,22,1,0
Variant 3,Medium,Incident,App,8,4,1.0,0,32,0,0,0
Variant 1,High,Bug,Website,6,2,0.0,0,12,14,0,0
Variant 3,Low,Performance Issue,Website,8,4,1.0,0,32,9,0,0
Variant 3,Low,Performance Issue,Website,8,4,1.0,0,32,10,1,0
Variant 3,Medium,Incident,Email,8,3,1.0,0,24,20,0,0
Variant 1,Medium,Incident,Website,6,3,0.0,0,18,20,0,0
Variant 1,Medium,Feature Request,Website,6,3,0.0,0,18,12,0,0
Variant 1,Medium,Performance Issue,App,6,3,0.0,0,18,13,0,0
Variant 7,Medium,Bug,Email,15,8,3.0,0,120,1,0,0
Variant 4,Medium,Feature Request,Email,7,4,1.0,0,28,3,0,0
Variant 1,Medium,Feature Request,Website,6,3,0.0,0,18,22,0,0
Variant 1,Medium,Technical Issue,Website,6,2,0.0,0,12,14,1,0
Variant 3,Medium,Performance Issue,Website,8,4,1.0,0,32,8,0,0
Variant 3,Low,Incident,Website,8,5,1.0,0,40,10,0,0
Variant 1,Medium,Performance Issue,Website,6,3,0.0,0,18,23,1,0
Variant 3,Low,Incident,Website,8,4,1.0,0,32,21,0,0
Variant 3,High,Feature Request,Website,8,6,1.0,0,48,22,0,0
Variant 3,Medium,Incident,Email,8,3,1.0,0,24,2,0,0
Variant 3,Medium,Feature Request,Email,8,4,1.0,0,32,13,0,0
Variant 7,Medium,Bug,Email,15,8,3.0,0,120,22,0,0
Variant 3,Medium,Service Request,Email,8,4,1.0,0,32,13,1,0
Variant 8,Medium,Bug,Website,10,3,0.0,0,30,21,0,0
Variant 11,High,Performance Issue,Website,6,4,0.0,0,24,15,0,0
Variant 3,Medium,Service Request,Email,8,6,1.0,0,48,8,1,0
Variant 3,Medium,Performance Issue,Website,8,4,1.0,0,32,19,0,0
Variant 3,Medium,Performance Issue,Email,8,5,1.0,0,40,23,1,0
Variant 2,Medium,Performance Issue,Website,4,2,0.0,1,8,21,0,0
Variant 1,Medium,Performance Issue,Website,6,2,0.0,0,12,19,0,0
Variant 3,Low,Performance Issue,Email,8,5,1.0,0,40,13,0,0
Variant 3,Low,Performance Issue,Website,8,4,1.0,0,32,15,0,0
Variant 3,High,Service Request,Email,8,4,1.0,0,32,10,0,1
Variant 3,Medium,Feature Request,Email,8,3,1.0,0,24,18,1,0
Variant 3,Medium,Performance Issue,Website,8,5,1.0,0,40,15,0,0
Variant 3,High,Performance Issue,App,8,5,1.0,0,40,6,1,0
Variant 1,Medium,Performance Issue,Website,6,3,0.0,0,18,4,1,0
Variant 1,High,Incident,Email,6,3,0.0,0,18,2,0,0
Variant 1,Medium,Feature Request,Website,6,3,0.0,0,18,10,0,0
Variant 4,Low,Service Request,Email,7,3,1.0,0,21,17,0,0
Variant 1,Medium,Feature Request,Website,6,2,0.0,0,12,0,0,0
Variant 3,High,Service Request,Email,8,5,1.0,0,40,7,0,1
Variant 1,High,Incident,Website,6,3,0.0,0,18,4,0,0
Variant 6,Medium,Service Request,Email,10,6,2.0,0,60,12,0,0
Variant 1,Medium,Incident,Email,6,3,0.0,0,18,8,1,0
Variant 3,Low,Performance Issue,Website,8,4,1.0,0,32,17,0,0
Variant 3,Low,Performance Issue,Email,8,4,1.0,0,32,22,0,0
Variant 6,Medium,Service Request,Email,10,5,2.0,0,50,5,0,0
Variant 1,High,Feature Request,Phone,6,3,0.0,0,18,19,0,0
Variant 3,Medium,Feature Request,Website,8,4,1.0,0,32,13,0,0
Variant 11,Medium,Technical Issue,App,6,3,0.0,0,18,23,0,0
Variant 1,Low,Incident,Website,6,3,0.0,0,18,17,1,0
Variant 6,Medium,Bug,Website,10,6,2.0,0,60,2,1,0
Variant 4,Low,Bug,Website,7,4,1.0,0,28,20,1,0
Variant 1,High,Bug,Email,6,2,0.0,0,12,5,0,0
Variant 3,High,Technical Issue,Website,8,5,1.0,0,40,13,0,0
Variant 1,Medium,Bug,Website,6,3,0.0,0,18,4,1,0
Variant 3,Low,Performance Issue,Website,8,4,1.0,0,32,4,0,0
Variant 1,Low,Performance Issue,Email,6,2,0.0,0,12,22,0,0
Variant 3,Medium,Incident,Email,8,4,1.0,0,32,9,0,0
Variant 4,Medium,Bug,App,7,5,1.0,0,35,1,0,0
Variant 10,Low,Service Request,Website,6,4,1.0,1,24,3,0,0
Variant 1,Medium,Service Request,Email,6,3,0.0,0,18,20,0,0
Variant 1,Low,Bug,Email,6,2,0.0,0,12,0,0,0
Variant 1,Low,Bug,Email,6,3,0.0,0,18,20,0,0
Variant 3,Low,Maintenance,Email,8,5,1.0,0,40,6,0,0
Variant 3,Medium,Performance Issue,Website,8,5,1.0,0,40,11,0,0
Variant 1,Low,Performance Issue,Website,6,2,0.0,0,12,16,1,0
Variant 1,Medium,Incident,Email,6,2,0.0,0,12,9,0,0
Variant 3,Medium,Performance Issue,Email,8,4,1.0,0,32,15,0,0
Variant 1,Medium,Maintenance,Email,6,3,0.0,0,18,1,0,0
Variant 8,Medium,Maintenance,App,10,3,0.0,0,30,3,1,0
Variant 1,Low,Performance Issue,Website,6,2,0.0,0,12,20,1,0
Variant 1,Low,Bug,Website,6,3,0.0,0,18,17,0,0
Variant 3,Low,Service Request,Website,8,6,1.0,0,48,8,1,0
Variant 3,Medium,Performance Issue,Website,8,5,1.0,0,40,14,0,0
Variant 2,High,Bug,Email,4,3,0.0,1,12,3,0,0
Variant 1,Low,Technical Issue,Website,6,3,0.0,0,18,12,0,0
Variant 2,Medium,Bug,Phone,4,3,0.0,1,12,15,1,0
Variant 3,Medium,Feature Request,App,8,4,1.0,0,32,22,1,0
Variant 4,Medium,Incident,Website,7,3,1.0,0,21,1,0,0
Variant 1,Low,Performance Issue,Website,6,2,0.0,0,12,14,0,0
Variant 11,Low,Maintenance,Website,6,3,0.0,0,18,0,0,0
Variant 1,Medium,Technical Issue,Website,6,3,0.0,0,18,19,1,0
Variant 3,Medium,Performance Issue,Website,8,3,1.0,0,24,2,1,0
Variant 5,High,Bug,Website,12,5,1.0,1,60,2,1,0
Variant 7,Medium,Bug,Website,15,9,3.0,0,135,10,1,0
Variant 3,Medium,Performance Issue,Website,8,5,1.0,0,40,7,1,0
Variant 3,Low,Performance Issue,Website,8,3,1.0,0,24,13,0,0
Variant 3,Medium,Service Request,Website,8,4,1.0,0,32,19,0,0
Variant 3,Medium,Incident,Website,8,4,1.0,0,32,23,1,0
Variant 3,Medium,Performance Issue,Website,8,4,1.0,0,32,16,0,0
Variant 3,Medium,Service Request,App,8,3,1.0,0,24,9,0,0
Variant 2,Medium,Bug,Website,4,2,0.0,1,8,2,0,0
Variant 1,Medium,Feature Request,Email,6,2,0.0,0,12,7,0,0
Variant 1,Medium,Bug,Email,6,3,0.0,0,18,0,1,0
Variant 1,Medium,Incident,Website,6,3,0.0,0,18,21,0,0
Variant 3,High,Performance Issue,Website,8,5,1.0,0,40,4,1,0
Variant 3,Medium,Service Request,Email,8,5,1.0,0,40,13,0,0
Variant 1,Medium,Performance Issue,App,6,3,0.0,0,18,2,0,0
Variant 3,Medium,Performance Issue,Email,8,4,1.0,0,32,16,0,0
Variant 1,High,Feature Request,Website,6,2,0.0,0,12,2,0,0
Variant 1,Low,Feature Request,App,6,3,0.0,0,18,4,0,0
Variant 3,Medium,Performance Issue,Website,8,5,1.0,0,40,2,0,0
Variant 7,Medium,Bug,Website,15,7,3.0,0,105,0,0,0
Variant 11,Low,Service Request,Website,6,3,0.0,0,18,12,1,0
Variant 1,Medium,Maintenance,Email,6,3,0.0,0,18,14,0,0
Variant 3,Medium,Service Request,Email,8,5,1.0,0,40,1,1,0
Variant 4,Medium,Maintenance,Website,7,5,1.0,0,35,22,0,0
Variant 1,High,Incident,App,6,3,0.0,0,18,6,0,0
Variant 3,Low,Feature Request,Website,8,5,1.0,0,40,20,1,0
Variant 1,Medium,Incident,Website,6,3,0.0,0,18,15,1,0
Variant 3,Medium,Incident,Website,8,6,1.0,0,48,11,0,0
Variant 3,High,Performance Issue,Phone,8,4,1.0,0,32,12,0,0
Variant 1,Low,Maintenance,Website,6,3,0.0,0,18,12,1,0
Variant 11,Low,Service Request,Email,6,3,0.0,0,18,4,0,0
Variant 1,Medium,Bug,Email,6,3,0.0,0,18,21,0,0
Variant 9,Medium,Bug,Website,10,5,1.0,0,50,22,0,0
Variant 3,Low,Feature Request,Website,8,5,1.0,0,40,6,1,0
Variant 1,High,Incident,Website,6,3,0.0,0,18,8,0,0
Variant 1,Medium,Bug,Website,6,3,0.0,0,18,16,1,0
Variant 2,High,Bug,Website,4,2,0.0,1,8,1,1,0
Variant 3,Medium,Performance Issue,Email,8,3,1.0,0,24,21,0,0
Variant 1,Medium,Feature Request,Email,6,2,0.0,0,12,23,0,0
Variant 3,Medium,Performance Issue,Website,8,4,1.0,0,32,5,0,0
Variant 3,High,Feature Request,Website,8,3,1.0,0,24,20,0,0
Variant 3,High,Performance Issue,Website,8,5,1.0,0,40,23,1,0
Variant 3,Medium,Feature Request,Email,8,4,1.0,0,32,8,0,0
Variant 3,Low,Feature Request,Email,8,5,1.0,0,40,4,1,0
Variant 11,Medium,Bug,Website,6,2,0.0,0,12,14,0,0
Variant 1,Medium,Bug,Website,6,3,0.0,0,18,18,0,0
Variant 12,Medium,Performance Issue,Website,6,3,0.0,0,18,15,0,0
Variant 10,Low,Maintenance,Email,6,4,1.0,1,24,9,0,0
Variant 3,Medium,Feature Request,Website,8,3,1.0,0,24,10,0,0
Variant 3,Low,Performance Issue,Email,8,6,1.0,0,48,20,1,0
Variant 3,Medium,Feature Request,Email,8,5,1.0,0,40,4,0,0
Variant 1,High,Bug,Website,6,2,0.0,0,12,16,0,0
Variant 4,Medium,Incident,Website,7,6,1.0,0,42,14,1,0
Variant 3,High,Performance Issue,Website,8,5,1.0,0,40,2,0,0
Variant 3,High,Service Request,Email,8,4,1.0,0,32,13,0,0
Variant 1,High,Feature Request,Website,6,2,0.0,0,12,17,0,0
Variant 2,Medium,Feature Request,Website,4,2,0.0,1,8,15,0,0
Variant 1,Low,Bug,Website,6,3,0.0,0,18,12,0,0
Variant 1,Medium,Incident,Website,6,3,0.0,0,18,11,1,0
Variant 7,Medium,Bug,Website,15,7,3.0,0,105,11,1,0
Variant 4,Low,Maintenance,Email,7,5,1.0,0,35,1,0,0
Variant 3,Medium,Feature Request,Website,8,5,1.0,0,40,19,0,0
Variant 1,Low,Feature Request,Website,6,2,0.0,0,12,1,0,0
Variant 3,Low,Performance Issue,Email,8,4,1.0,0,32,21,0,0
Variant 1,Medium,Bug,Website,6,3,0.0,0,18,5,0,0
Variant 9,Medium,Performance Issue,Website,10,5,1.0,0,50,22,0,0
Variant 8,Medium,Bug,Website,10,3,0.0,0,30,3,1,0
Variant 3,Medium,Service Request,Email,8,4,1.0,0,32,12,1,0
Variant 1,Medium,Bug,Website,6,2,0.0,0,12,13,1,0
Variant 3,Medium,Incident,Phone,8,5,1.0,0,40,5,0,0
Variant 4,Low,Performance Issue,App,7,5,1.0,0,35,18,0,0
Variant 3,Medium,Incident,Website,8,5,1.0,0,40,23,0,0
Variant 3,Medium,Performance Issue,Email,8,4,1.0,0,32,16,1,0
Variant 1,Low,Incident,Website,6,3,0.0,0,18,17,0,0
Variant 1,High,Feature Request,Email,6,2,0.0,0,12,13,1,0
Variant 1,Low,Bug,Website,6,2,0.0,0,12,7,0,0
Variant 3,Low,Feature Request,Website,8,3,1.0,0,24,9,0,0
Variant 3,High,Service Request,Website,8,4,1.0,0,32,16,1,0
Variant 2,Medium,Feature Request,Email,4,3,0.0,1,12,2,0,0
Variant 4,Medium,Bug,Email,7,4,1.0,0,28,10,0,0
Variant 9,Medium,Maintenance,Website,10,5,1.0,0,50,18,1,0
Variant 3,Medium,Performance Issue,App,8,5,1.0,0,40,20,0,0
Variant 3,Medium,Technical Issue,Website,8,5,1.0,0,40,10,0,0
Variant 3,Low,Service Request,Website,8,4,1.0,0,32,2,0,0
Variant 1,Medium,Feature Request,Email,6,3,0.0,0,18,16,1,0
Variant 11,Medium,Bug,Email,6,3,0.0,0,18,21,0,0
Variant 12,Medium,Bug,Email,6,3,0.0,0,18,9,0,0
Variant 3,Medium,Technical Issue,Email,8,5,1.0,0,40,16,0,0
Variant 3,Low,Feature Request,Website,8,4,1.0,0,32,9,0,0
Variant 1,Medium,Bug,Website,6,3,0.0,0,18,10,0,0
Variant 3,High,Performance Issue,App,8,4,1.0,0,32,10,0,0
Variant 3,Low,Incident,Website,8,4,1.0,0,32,20,0,0
Variant 5,Medium,Bug,Website,12,4,1.0,1,48,12,0,0
Variant 4,Medium,Incident,Website,7,4,1.0,0,28,4,1,0
Variant 3,Medium,Performance Issue,Email,8,5,1.0,0,40,12,0,0
Variant 3,Medium,Performance Issue,App,8,4,1.0,0,32,16,0,0
Variant 5,Medium,Performance Issue,Website,12,5,1.0,1,60,17,0,0
Variant 11,High,Performance Issue,Website,6,3,0.0,0,18,12,1,0
Variant 1,Medium,Feature Request,Email,6,2,0.0,0,12,18,0,0
Variant 1,Medium,Service Request,Website,6,3,0.0,0,18,4,0,0
Variant 3,High,Feature Request,Website,8,4,1.0,0,32,2,0,0
Variant 3,Medium,Incident,Email,8,3,1.0,0,24,19,0,0
Variant 3,High,Performance Issue,Email,8,5,1.0,0,40,10,0,0
Variant 3,High,Performance Issue,Email,8,5,1.0,0,40,3,0,1
Variant 3,High,Incident,Email,8,4,1.0,0,32,1,1,0
Variant 3,Medium,Incident,Website,8,4,1.0,0,32,23,0,0
Variant 3,High,Performance Issue,Email,8,5,1.0,0,40,10,1,0
Variant 4,Medium,Feature Request,Website,7,3,1.0,0,21,10,0,0
Variant 3,High,Feature Request,Email,8,4,1.0,0,32,1,1,0
Variant 2,Medium,Feature Request,Email,4,3,0.0,1,12,13,0,0
Variant 3,Low,Performance Issue,Website,8,4,1.0,0,32,13,0,0
Variant 3,High,Performance Issue,Email,8,6,1.0,0,48,20,0,0
Variant 3,Medium,Technical Issue,Email,8,3,1.0,0,24,7,0,0
Variant 3,Medium,Performance Issue,Website,8,4,1.0,0,32,18,1,0
Variant 2,Medium,Bug,Website,4,3,0.0,1,12,6,0,0
Variant 2,Medium,Bug,Email,4,2,0.0,1,8,20,0,0
Variant 3,Low,Performance Issue,Website,8,3,1.0,0,24,17,1,0
Variant 3,Medium,Performance Issue,Website,8,5,1.0,0,40,3,1,0
Variant 3,Medium,Performance Issue,Website,8,4,1.0,0,32,0,0,0
Variant 1,Low,Bug,App,6,3,0.0,0,18,19,1,0
Variant 1,Medium,Performance Issue,App,6,2,0.0,0,12,8,0,0
Variant 5,Medium,Feature Request,App,12,5,1.0,1,60,17,0,0
Variant 3,Medium,Feature Request,Email,8,4,1.0,0,32,5,1,0
Variant 1,Medium,Feature Request,Email,6,3,0.0,0,18,21,0,0
Variant 1,Medium,Feature Request,Website,6,3,0.0,0,18,11,0,0
Variant 3,Medium,Feature Request,Website,8,4,1.0,0,32,12,0,0
Variant 9,Medium,Bug,Website,10,4,1.0,0,40,1,0,0
Variant 1,High,Performance Issue,Website,6,3,0.0,0,18,16,1,0
Variant 1,Medium,Incident,Website,6,2,0.0,0,12,14,0,0
Variant 3,High,Technical Issue,App,8,5,1.0,0,40,1,0,0
Variant 3,Low,Service Request,Email,8,5,1.0,0,40,11,0,0
Variant 3,High,Service Request,Email,8,4,1.0,0,32,15,0,0
Variant 7,Medium,Bug,Website,15,8,3.0,0,120,3,0,0
Variant 3,Medium,Performance Issue,Email,8,4,1.0,0,32,18,0,0
Variant 3,Low,Maintenance,Website,8,5,1.0,0,40,5,0,0
Variant 1,Medium,Bug,Website,6,2,0.0,0,12,8,0,0
Variant 3,Medium,Performance Issue,App,8,5,1.0,0,40,12,0,0
Variant 1,Medium,Performance Issue,Website,6,2,0.0,0,12,21,0,0
Variant 10,Medium,Bug,Email,6,4,1.0,1,24,18,0,0
Variant 3,Medium,Performance Issue,Email,8,4,1.0,0,32,21,0,0
Variant 8,Medium,Bug,Email,10,3,0.0,0,30,0,0,0
Variant 4,Medium,Maintenance,Email,7,3,1.0,0,21,4,0,0
Variant 3,Medium,Incident,Phone,8,5,1.0,0,40,12,1,0
Variant 11,High,Service Request,Website,6,3,0.0,0,18,14,0,0
Variant 1,Low,Incident,Website,6,2,0.0,0,12,23,1,0
Variant 1,Medium,Performance Issue,Email,6,3,0.0,0,18,17,0,0
Variant 3,Low,Performance Issue,Website,8,4,1.0,0,32,9,0,0
Variant 1,Medium,Feature Request,Email,6,3,0.0,0,18,18,0,0
Variant 2,High,Bug,Email,4,2,0.0,1,8,13,1,0
Variant 3,Low,Feature Request,Website,8,6,1.0,0,48,11,1,0
Variant 8,Medium,Performance Issue,Website,10,2,0.0,0,20,1,0,0
Variant 1,Medium,Performance Issue,Website,6,3,0.0,0,18,16,0,0
Variant 3,Medium,Incident,Website,8,4,1.0,0,32,0,0,0
Variant 6,Medium,Incident,App,10,8,2.0,0,80,18,0,0
Variant 4,Medium,Maintenance,Website,7,5,1.0,0,35,5,0,0
Variant 1,Low,Performance Issue,Website,6,2,0.0,0,12,16,0,0
Variant 1,Low,Incident,App,6,2,0.0,0,12,5,0,0
Variant 4,High,Feature Request,Email,7,5,1.0,0,35,14,1,0
Variant 3,Medium,Performance Issue,Email,8,4,1.0,0,32,8,0,0
Variant 8,Medium,Bug,Website,10,2,0.0,0,20,10,0,0
Variant 5,Medium,Service Request,Website,12,3,1.0,1,36,9,0,0
Variant 1,High,Bug,Website,6,2,0.0,0,12,17,0,0
Variant 3,High,Service Request,Website,8,3,1.0,0,24,14,0,0
Variant 11,Medium,Incident,Email,6,2,0.0,0,12,12,0,0
Variant 1,Medium,Technical Issue,Email,6,3,0.0,0,18,16,0,0
Variant 4,Low,Performance Issue,App,7,3,1.0,0,21,3,1,0
Variant 6,Medium,Feature Request,Website,10,6,2.0,0,60,17,0,0
Variant 3,Medium,Incident,Website,8,4,1.0,0,32,1,0,0
Variant 12,Medium,Incident,Website,6,3,0.0,0,18,11,0,0
Variant 3,Medium,Incident,Website,8,5,1.0,0,40,16,1,0
Variant 2,Medium,Incident,Website,4,2,0.0,1,8,4,0,0
Variant 2,Medium,Feature Request,Website,4,3,0.0,1,12,2,0,0
Variant 6,Medium,Feature Request,App,10,5,2.0,0,50,11,0,0
Variant 3,Medium,Feature Request,Website,8,5,1.0,0,40,6,0,0
Variant 4,High,Performance Issue,Website,7,5,1.0,0,35,18,0,0
Variant 1,Medium,Feature Request,Website,6,2,0.0,0,12,4,1,0
Variant 10,High,Service Request,Website,6,4,1.0,1,24,8,0,0
Variant 3,Medium,Performance Issue,Email,8,3,1.0,0,24,3,0,0
Variant 1,High,Incident,Website,6,2,0.0,0,12,12,0,0
Variant 4,High,Performance Issue,Website,7,4,1.0,0,28,13,0,0
Variant 4,Medium,Bug,Website,7,4,1.0,0,28,6,1,0
Variant 1,Low,Feature Request,Website,6,3,0.0,0,18,13,0,0
Variant 3,High,Performance Issue,App,8,3,1.0,0,24,4,1,0
Variant 1,Low,Incident,Email,6,3,0.0,0,18,8,1,0
Variant 1,Medium,Feature Request,Email,6,3,0.0,0,18,5,0,0
Variant 1,Low,Incident,Email,6,3,0.0,0,18,0,0,0
Variant 1,Medium,Service Request,Website,6,3,0.0,0,18,12,0,0
Variant 1,Low,Incident,Website,6,3,0.0,0,18,9,0,0
Variant 1,Low,Bug,Website,6,3,0.0,0,18,12,0,0
Variant 4,Medium,Performance Issue,Website,7,4,1.0,0,28,20,0,0
Variant 1,High,Feature Request,App,6,2,0.0,0,12,16,0,0
Variant 3,Low,Incident,Email,8,4,1.0,0,32,20,0,0
Variant 1,Low,Feature Request,Website,6,2,0.0,0,12,9,1,0
Variant 1,Medium,Feature Request,App,6,2,0.0,0,12,22,1,0
Variant 3,Low,Performance Issue,Website,8,4,1.0,0,32,5,0,0
Variant 1,Low,Bug,Website,6,2,0.0,0,12,12,1,0
Variant 3,Medium,Incident,Email,8,5,1.0,0,40,11,0,0
Variant 4,Medium,Incident,Email,7,4,1.0,0,28,8,0,0
Variant 3,High,Performance Issue,Website,8,5,1.0,0,40,11,0,0
Variant 7,Medium,Bug,Website,15,6,3.0,0,90,13,0,0
Variant 8,High,Bug,Website,10,2,0.0,0,20,17,0,1
Variant 3,High,Performance Issue,App,8,4,1.0,0,32,15,0,0
Variant 3,Medium,Incident,Website,8,4,1.0,0,32,3,0,0
Variant 1,Medium,Feature Request,Email,6,2,0.0,0,12,14,0,0
Variant 1,Low,Incident,Website,6,3,0.0,0,18,16,1,0
Variant 3,Medium,Performance Issue,Email,8,4,1.0,0,32,8,0,0
Variant 7,High,Bug,Email,15,6,3.0,0,90,4,1,1
Variant 1,Medium,Service Request,Website,6,3,0.0,0,18,11,0,0
Variant 5,Medium,Bug,Email,12,6,1.0,1,72,3,1,0
Variant 7,Medium,Bug,Website,15,9,3.0,0,135,5,0,0
Variant 6,Medium,Maintenance,Email,10,7,2.0,0,70,21,1,0
Variant 3,Medium,Performance Issue,Website,8,4,1.0,0,32,2,0,0
Variant 3,Low,Maintenance,Website,8,4,1.0,0,32,12,1,0
Variant 1,Medium,Incident,Website,6,3,0.0,0,18,15,0,0
Variant 1,Low,Feature Request,Email,6,3,0.0,0,18,20,1,0
Variant 8,Medium,Incident,Website,10,2,0.0,0,20,10,0,0
Variant 3,Medium,Performance Issue,Email,8,3,1.0,0,24,2,0,0
Variant 3,Medium,Feature Request,Website,8,4,1.0,0,32,15,0,0
Variant 8,Medium,Maintenance,Website,10,3,0.0,0,30,6,0,0
Variant 1,Low,Bug,Website,6,3,0.0,0,18,12,0,0
Variant 3,Low,Performance Issue,Website,8,4,1.0,0,32,17,0,0
Variant 3,Medium,Incident,Website,8,4,1.0,0,32,23,0,0
Variant 3,High,Performance Issue,Website,8,4,1.0,0,32,10,0,0
Variant 1,Medium,Feature Request,Email,6,2,0.0,0,12,1,0,0
Variant 5,Medium,Bug,Email,12,4,1.0,1,48,6,0,0
Variant 1,High,Bug,Email,6,2,0.0,0,12,14,0,0
Variant 3,Medium,Performance Issue,Email,8,6,1.0,0,48,9,0,0
Variant 3,Medium,Performance Issue,Website,8,4,1.0,0,32,2,0,0
Variant 3,Medium,Performance Issue,Email,8,6,1.0,0,48,22,0,0
Variant 4,Medium,Technical Issue,Website,7,3,1.0,0,21,5,0,0
Variant 8,Medium,Incident,Website,10,3,0.0,0,30,21,0,0
Variant 1,Low,Bug,Website,6,3,0.0,0,18,7,0,0
Variant 4,Low,Service Request,App,7,3,1.0,0,21,2,0,0
Variant 3,Low,Feature Request,Email,8,5,1.0,0,40,8,0,0
Variant 1,High,Service Request,Email,6,2,0.0,0,12,4,0,0
Variant 1,Low,Feature Request,Email,6,2,0.0,0,12,17,0,0
Variant 7,Medium,Bug,Website,15,8,3.0,0,120,10,0,0
Variant 10,Low,Feature Request,App,6,4,1.0,1,24,17,0,0
Variant 3,Low,Incident,Website,8,5,1.0,0,40,21,0,0
Variant 3,Low,Technical Issue,Website,8,4,1.0,0,32,2,0,0
Variant 3,Low,Feature Request,Email,8,4,1.0,0,32,6,0,0
Variant 1,Medium,Feature Request,App,6,3,0.0,0,18,10,0,0
Variant 3,Low,Performance Issue,Email,8,5,1.0,0,40,9,0,0
Variant 11,Medium,Bug,Email,6,3,0.0,0,18,9,0,0
Variant 4,Medium,Feature Request,Email,7,5,1.0,0,35,17,1,0
Variant 1,Low,Technical Issue,Email,6,3,0.0,0,18,16,0,0
Variant 1,Medium,Feature Request,Website,6,2,0.0,0,12,5,0,0
Variant 11,Medium,Incident,Email,6,3,0.0,0,18,4,1,0
Variant 4,Medium,Bug,App,7,5,1.0,0,35,8,0,0
Variant 3,Medium,Feature Request,Email,8,4,1.0,0,32,2,0,0
Variant 3,Medium,Service Request,Website,8,4,1.0,0,32,9,0,0
Variant 4,Medium,Service Request,Email,7,6,1.0,0,42,22,0,0
Variant 3,Low,Performance Issue,Email,8,5,1.0,0,40,17,0,0
Variant 4,High,Performance Issue,Email,7,5,1.0,0,35,15,0,0
Variant 3,Low,Performance Issue,Website,8,5,1.0,0,40,17,1,0
Variant 3,Low,Feature Request,Website,8,4,1.0,0,32,4,1,0
Variant 3,Medium,Feature Request,Website,8,6,1.0,0,48,10,0,0
Variant 3,High,Feature Request,Website,8,4,1.0,0,32,22,0,0
Variant 3,High,Incident,Email,8,5,1.0,0,40,15,0,0
Variant 3,Medium,Performance Issue,Email,8,4,1.0,0,32,15,0,0
Variant 9,Medium,Service Request,Website,10,3,1.0,0,30,16,0,0
Variant 3,Medium,Performance Issue,Website,8,5,1.0,0,40,9,0,0
Variant 3,Medium,Feature Request,Website,8,5,1.0,0,40,22,1,0
Variant 3,Medium,Feature Request,Email,8,4,1.0,0,32,2,1,0
Variant 5,Medium,Bug,Website,12,5,1.0,1,60,7,1,0
Variant 1,Medium,Bug,Website,6,2,0.0,0,12,5,0,0
Variant 8,Medium,Service Request,Email,10,2,0.0,0,20,23,1,0
Variant 3,Medium,Performance Issue,App,8,4,1.0,0,32,12,0,0
Variant 1,Medium,Feature Request,Website,6,2,0.0,0,12,0,0,0
Variant 3,Medium,Service Request,Website,8,4,1.0,0,32,17,0,0
Variant 10,Medium,Bug,Website,6,4,1.0,1,24,22,1,0
Variant 3,Low,Performance Issue,Website,8,5,1.0,0,40,15,0,0
Variant 3,Medium,Service Request,Website,8,4,1.0,0,32,20,0,0
Variant 11,Low,Incident,Website,6,4,0.0,0,24,13,0,0
Variant 3,Low,Performance Issue,Website,8,3,1.0,0,24,18,0,0
Variant 1,Low,Incident,Website,6,3,0.0,0,18,4,1,0
Variant 1,High,Feature Request,Website,6,3,0.0,0,18,21,0,0
Variant 5,High,Service Request,App,12,3,1.0,1,36,23,0,1
Variant 8,Medium,Technical Issue,Website,10,3,0.0,0,30,0,0,0
Variant 3,Medium,Feature Request,Website,8,5,1.0,0,40,20,1,0
Variant 3,High,Incident,Email,8,5,1.0,0,40,6,1,0
Variant 11,Medium,Bug,Email,6,3,0.0,0,18,14,0,0
Variant 1,Low,Feature Request,Email,6,3,0.0,0,18,16,0,0
Variant 1,Low,Service Request,Email,6,3,0.0,0,18,0,0,0
Variant 3,Medium,Service Request,Email,8,4,1.0,0,32,12,0,0
Variant 5,High,Bug,Website,12,6,1.0,1,72,17,1,1
Variant 3,Low,Feature Request,Website,8,4,1.0,0,32,10,0,0
Variant 6,Medium,Bug,Website,10,7,2.0,0,70,18,0,0
Variant 3,High,Performance Issue,Website,8,4,1.0,0,32,20,1,1
Variant 1,Medium,Service Request,Website,6,2,0.0,0,12,10,0,0
Variant 3,Medium,Incident,Website,8,5,1.0,0,40,19,1,0
Variant 4,Medium,Bug,Email,7,4,1.0,0,28,5,0,0
Variant 11,Low,Bug,Email,6,4,0.0,0,24,15,0,0
Variant 4,Medium,Service Request,Email,7,5,1.0,0,35,19,0,0
Variant 3,Low,Incident,Email,8,5,1.0,0,40,20,0,0
Variant 4,Medium,Performance Issue,Website,7,4,1.0,0,28,3,0,0
Variant 1,High,Bug,Email,6,3,0.0,0,18,16,0,0
Variant 3,Low,Service Request,Website,8,5,1.0,0,40,5,0,0
Variant 11,Medium,Feature Request,Email,6,3,0.0,0,18,13,1,0
Variant 9,Low,Bug,Website,10,4,1.0,0,40,21,1,0
Variant 10,Medium,Bug,Website,6,3,1.0,1,18,17,0,0
Variant 1,Medium,Feature Request,Website,6,3,0.0,0,18,22,0,0
Variant 3,Medium,Performance Issue,App,8,5,1.0,0,40,20,0,0
Variant 1,Medium,Maintenance,Website,6,3,0.0,0,18,22,0,0
Variant 1,Low,Service Request,Email,6,3,0.0,0,18,13,0,0
Variant 1,Low,Performance Issue,Email,6,2,0.0,0,12,3,0,0
Variant 3,Medium,Performance Issue,App,8,5,1.0,0,40,7,0,0
Variant 8,High,Feature Request,Website,10,2,0.0,0,20,6,1,0
Variant 3,Medium,Service Request,Phone,8,3,1.0,0,24,12,0,0
Variant 1,Medium,Service Request,Email,6,3,0.0,0,18,23,0,0
Variant 3,Medium,Feature Request,Email,8,5,1.0,0,40,7,0,0
Variant 1,Low,Service Request,Website,6,3,0.0,0,18,13,1,0
Variant 1,Low,Bug,Website,6,3,0.0,0,18,14,0,0
Variant 3,High,Performance Issue,Website,8,4,1.0,0,32,21,1,0
Variant 1,Medium,Bug,Email,6,3,0.0,0,18,10,1,0
Variant 3,Medium,Incident,Email,8,5,1.0,0,40,14,0,0
Variant 3,Medium,Service Request,Website,8,5,1.0,0,40,6,0,0
Variant 1,Medium,Performance Issue,Website,6,3,0.0,0,18,19,0,0
Variant 3,Medium,Service Request,Email,8,5,1.0,0,40,15,0,0
Variant 9,Low,Technical Issue,Email,10,3,1.0,0,30,17,0,0
Variant 4,Medium,Service Request,Website,7,4,1.0,0,28,10,0,0
Variant 1,Low,Performance Issue,Website,6,3,0.0,0,18,12,0,0
Variant 3,Low,Feature Request,Website,8,5,1.0,0,40,12,0,0
Variant 10,Low,Incident,Website,6,4,1.0,1,24,6,1,0
Variant 7,High,Bug,Phone,15,7,3.0,0,105,1,0,1
Variant 11,Medium,Bug,Email,6,3,0.0,0,18,7,0,0
Variant 4,Medium,Maintenance,Website,7,4,1.0,0,28,9,0,0
Variant 1,Low,Bug,Website,6,3,0.0,0,18,9,0,0
Variant 1,Medium,Bug,Website,6,3,0.0,0,18,0,0,0
Variant 3,Medium,Performance Issue,Website,8,3,1.0,0,24,21,0,0
Variant 4,Low,Service Request,Website,7,4,1.0,0,28,12,1,0
Variant 11,High,Technical Issue,Website,6,3,0.0,0,18,12,1,0
Variant 3,Medium,Performance Issue,Website,8,4,1.0,0,32,23,1,0
Variant 3,Low,Performance Issue,Website,8,4,1.0,0,32,5,0,0
Variant 1,Low,Bug,App,6,3,0.0,0,18,12,0,0
Variant 3,Medium,Service Request,Website,8,5,1.0,0,40,19,0,0
Variant 6,Medium,Bug,Email,10,8,2.0,0,80,10,1,0
Variant 1,High,Maintenance,Website,6,3,0.0,0,18,3,0,0
Variant 3,Medium,Performance Issue,Website,8,5,1.0,0,40,13,0,0
Variant 3,High,Feature Request,Website,8,5,1.0,0,40,7,0,0
Variant 3,Medium,Feature Request,Email,8,5,1.0,0,40,15,1,0
Variant 1,Medium,Technical Issue,Website,6,2,0.0,0,12,3,1,0
Variant 12,Medium,Bug,Website,6,3,0.0,0,18,14,0,0
Variant 10,Medium,Service Request,Website,6,4,1.0,1,24,17,0,0
Variant 1,Low,Performance Issue,Website,6,2,0.0,0,12,3,0,0
Variant 3,Low,Incident,Website,8,5,1.0,0,40,1,0,0
Variant 1,Medium,Feature Request,Website,6,2,0.0,0,12,8,1,0
Variant 12,Medium,Incident,Email,6,3,0.0,0,18,23,1,0
Variant 1,Medium,Bug,Website,6,3,0.0,0,18,13,0,0
Variant 13,Medium,Feature Request,Email,11,3,1.0,0,33,18,0,0
Variant 3,Medium,Feature Request,Website,8,6,1.0,0,48,16,1,0
Variant 6,Low,Incident,Email,10,7,2.0,0,70,13,0,0
Variant 4,High,Bug,Website,7,4,1.0,0,28,21,1,0
Variant 3,Medium,Performance Issue,Email,8,5,1.0,0,40,8,0,0
Variant 3,Low,Performance Issue,Website,8,5,1.0,0,40,3,0,0
Variant 8,Medium,Feature Request,Email,10,3,0.0,0,30,8,0,0
Variant 1,Medium,Maintenance,Email,6,3,0.0,0,18,21,1,0
Variant 1,High,Performance Issue,Email,6,3,0.0,0,18,16,0,0
Variant 4,Low,Performance Issue,Email,7,4,1.0,0,28,20,1,0
Variant 3,Medium,Incident,Website,8,4,1.0,0,32,6,0,0
Variant 1,Medium,Incident,Website,6,3,0.0,0,18,8,0,0
Variant 3,High,Service Request,Email,8,3,1.0,0,24,7,1,0
Variant 1,Low,Performance Issue,Email,6,3,0.0,0,18,2,1,0
Variant 12,Medium,Feature Request,Email,6,3,0.0,0,18,3,0,0
Variant 9,Low,Service Request,Website,10,5,1.0,0,50,8,1,0
Variant 3,Low,Feature Request,Email,8,4,1.0,0,32,12,0,0
Variant 3,Medium,Service Request,Website,8,4,1.0,0,32,0,1,0
Variant 3,Low,Performance Issue,Website,8,5,1.0,0,40,10,0,0
Variant 1,Medium,Incident,Website,6,3,0.0,0,18,19,0,0
Variant 1,High,Bug,Email,6,3,0.0,0,18,17,1,0
Variant 1,Medium,Feature Request,Email,6,3,0.0,0,18,15,0,0
Variant 4,Low,Feature Request,Website,7,5,1.0,0,35,18,1,0
Variant 3,High,Service Request,Email,8,4,1.0,0,32,1,0,0
Variant 1,Low,Feature Request,Website,6,3,0.0,0,18,11,1,0
Variant 3,Low,Feature Request,Email,8,4,1.0,0,32,19,0,0
Variant 1,Low,Incident,Website,6,2,0.0,0,12,9,1,0
Variant 3,Medium,Performance Issue,Email,8,4,1.0,0,32,12,1,0
Variant 2,High,Maintenance,Website,4,3,0.0,1,12,11,0,0
Variant 8,High,Performance Issue,Email,10,3,0.0,0,30,20,0,1
Variant 6,Medium,Feature Request,Website,10,6,2.0,0,60,19,0,0
Variant 1,Low,Performance Issue,Website,6,2,0.0,0,12,16,0,0
Variant 3,Medium,Performance Issue,Website,8,4,1.0,0,32,16,0,0
Variant 4,Medium,Technical Issue,Website,7,4,1.0,0,28,23,0,0
Variant 7,Medium,Bug,Website,15,8,3.0,0,120,16,1,0
Variant 1,Medium,Performance Issue,Website,6,3,0.0,0,18,17,0,0
Variant 1,Medium,Technical Issue,Website,6,3,0.0,0,18,13,0,0
Variant 1,High,Incident,Email,6,3,0.0,0,18,19,0,0
Variant 1,High,Technical Issue,Email,6,3,0.0,0,18,9,0,0
Variant 3,Medium,Performance Issue,Website,8,3,1.0,0,24,8,0,0
Variant 1,Low,Performance Issue,Website,6,3,0.0,0,18,14,0,0
Variant 13,Low,Bug,Website,11,5,1.0,0,55,3,0,0
Variant 1,Low,Feature Request,Email,6,3,0.0,0,18,16,0,0
Variant 3,Low,Feature Request,Email,8,5,1.0,0,40,14,1,0
Variant 8,Medium,Feature Request,Email,10,3,0.0,0,30,0,0,0
Variant 7,Medium,Bug,Email,15,8,3.0,0,120,15,0,0
Variant 3,Low,Incident,Website,8,4,1.0,0,32,2,0,0
Variant 3,Medium,Incident,Email,8,4,1.0,0,32,0,0,0
Variant 1,High,Maintenance,Website,6,3,0.0,0,18,13,0,0
Variant 3,Medium,Performance Issue,Website,8,4,1.0,0,32,5,1,0
Variant 1,Low,Bug,Website,6,3,0.0,0,18,1,0,0
Variant 3,High,Maintenance,Email,8,3,1.0,0,24,23,1,0
Variant 3,High,Maintenance,Email,8,4,1.0,0,32,19,0,0
Variant 3,Low,Incident,Website,8,4,1.0,0,32,18,0,0
Variant 3,Low,Feature Request,Website,8,5,1.0,0,40,21,1,0
Variant 1,Medium,Incident,Email,6,3,0.0,0,18,22,0,0
Variant 6,Medium,Bug,Email,10,5,2.0,0,50,11,0,0
Variant 1,Medium,Bug,Website,6,3,0.0,0,18,7,0,0
Variant 3,Medium,Performance Issue,Website,8,4,1.0,0,32,13,0,0
Variant 3,High,Technical Issue,Website,8,4,1.0,0,32,13,1,0
Variant 1,Medium,Bug,Email,6,3,0.0,0,18,16,0,0
Variant 1,Medium,Maintenance,App,6,2,0.0,0,12,23,1,0
Variant 1,Low,Bug,Website,6,2,0.0,0,12,20,0,0
Variant 3,Medium,Performance Issue,Website,8,5,1.0,0,40,9,0,0
Variant 1,Medium,Incident,Website,6,3,0.0,0,18,13,1,0
Variant 3,Medium,Maintenance,Website,8,5,1.0,0,40,4,1,0
Variant 1,Medium,Feature Request,Website,6,3,0.0,0,18,0,0,0
Variant 3,Medium,Performance Issue,Website,8,3,1.0,0,24,14,0,0
Variant 3,Medium,Performance Issue,Email,8,5,1.0,0,40,15,0,0
Variant 1,Medium,Feature Request,Email,6,3,0.0,0,18,9,0,0
Variant 12,Low,Performance Issue,Website,6,3,0.0,0,18,16,0,0
Variant 4,Low,Bug,App,7,4,1.0,0,28,9,0,0
Variant 3,Medium,Performance Issue,Email,8,6,1.0,0,48,3,1,0
Variant 1,Medium,Incident,Website,6,3,0.0,0,18,22,0,0
Variant 2,Medium,Performance Issue,Email,4,2,0.0,1,8,18,1,0
Variant 1,Medium,Bug,Website,6,3,0.0,0,18,2,0,0
Variant 1,Medium,Technical Issue,Website,6,3,0.0,0,18,21,1,0
Variant 10,Low,Bug,Website,6,4,1.0,1,24,11,0,0
Variant 3,Medium,Performance Issue,Email,8,5,1.0,0,40,22,0,0
Variant 12,Medium,Maintenance,Email,6,3,0.0,0,18,12,0,0
Variant 1,High,Incident,Website,6,2,0.0,0,12,4,0,0
Variant 3,Medium,Incident,App,8,5,1.0,0,40,8,0,0
Variant 11,Medium,Feature Request,Email,6,3,0.0,0,18,15,0,0
Variant 3,Low,Performance Issue,Email,8,5,1.0,0,40,23,1,0
Variant 1,Medium,Feature Request,Email,6,3,0.0,0,18,14,0,0
Variant 6,Medium,Bug,Phone,10,6,2.0,0,60,7,1,0
Variant 3,Medium,Performance Issue,Website,8,4,1.0,0,32,23,0,0
Variant 8,Low,Bug,Website,10,3,0.0,0,30,8,0,0
Variant 11,Low,Bug,Email,6,4,0.0,0,24,10,1,0
Variant 1,Medium,Service Request,App,6,3,0.0,0,18,14,0,0
Variant 3,Medium,Service Request,Email,8,4,1.0,0,32,20,1,0
Variant 3,Low,Service Request,Website,8,4,1.0,0,32,19,0,0
Variant 1,Medium,Maintenance,Email,6,3,0.0,0,18,4,1,0
Variant 1,Medium,Service Request,Website,6,3,0.0,0,18,13,0,0
Variant 13,Medium,Feature Request,Website,11,5,1.0,0,55,3,0,0
Variant 1,Low,Bug,Email,6,3,0.0,0,18,11,0,0
Variant 1,Medium,Incident,Email,6,3,0.0,0,18,2,0,0
Variant 5,Medium,Bug,Email,12,5,1.0,1,60,5,0,0
Variant 10,Medium,Bug,App,6,4,1.0,1,24,19,0,0
Variant 3,Low,Performance Issue,Website,8,5,1.0,0,40,18,0,0
Variant 5,Medium,Bug,Website,12,6,1.0,1,72,5,1,0
Variant 4,High,Maintenance,Website,7,4,1.0,0,28,7,0,1
Variant 8,Low,Performance Issue,Website,10,3,0.0,0,30,15,0,0
Variant 11,Low,Service Request,Website,6,3,0.0,0,18,21,1,0
Variant 1,High,Feature Request,Email,6,2,0.0,0,12,21,1,0
Variant 3,High,Service Request,Website,8,3,1.0,0,24,16,0,0
Variant 3,Medium,Incident,App,8,4,1.0,0,32,16,0,0
Variant 1,Low,Performance Issue,Email,6,3,0.0,0,18,13,0,0
Variant 1,Medium,Feature Request,Email,6,2,0.0,0,12,13,0,0
Variant 1,High,Maintenance,Website,6,3,0.0,0,18,1,0,0
Variant 7,High,Bug,Email,15,8,3.0,0,120,1,0,1
Variant 1,Low,Incident,Website,6,2,0.0,0,12,1,1,0
Variant 3,Medium,Incident,Email,8,4,1.0,0,32,10,1,0
Variant 4,Low,Feature Request,Email,7,5,1.0,0,35,8,0,0
Variant 1,Medium,Technical Issue,Website,6,3,0.0,0,18,14,0,0
Variant 1,Medium,Bug,Website,6,2,0.0,0,12,14,0,0
Variant 11,High,Feature Request,Website,6,3,0.0,0,18,16,0,0
Variant 3,Medium,Feature Request,Email,8,4,1.0,0,32,16,0,0
Variant 4,High,Bug,Website,7,5,1.0,0,35,11,0,0
Variant 3,Low,Performance Issue,Website,8,4,1.0,0,32,11,0,0
Variant 2,High,Service Request,Email,4,2,0.0,1,8,7,0,0
Variant 1,Low,Feature Request,Website,6,3,0.0,0,18,3,0,0
Variant 1,Medium,Incident,Website,6,3,0.0,0,18,8,1,0
Variant 3,Medium,Performance Issue,Website,8,5,1.0,0,40,0,0,0
Variant 3,Low,Feature Request,Email,8,3,1.0,0,24,20,0,0
Variant 4,Medium,Feature Request,Website,7,4,1.0,0,28,1,1,0
Variant 6,Medium,Bug,Email,10,5,2.0,0,50,8,0,0
Variant 1,Low,Performance Issue,Website,6,3,0.0,0,18,9,0,0
Variant 3,Low,Incident,Website,8,4,1.0,0,32,22,0,0
Variant 10,Medium,Bug,Email,6,3,1.0,1,18,9,0,0
Variant 2,Medium,Performance Issue,Website,4,3,0.0,1,12,21,0,0
Variant 1,Low,Incident,App,6,2,0.0,0,12,17,0,0
Variant 3,Medium,Performance Issue,Website,8,4,1.0,0,32,0,0,0
Variant 1,Medium,Feature Request,Website,6,3,0.0,0,18,17,1,0
Variant 4,Low,Feature Request,Website,7,3,1.0,0,21,2,0,0
Variant 1,Medium,Feature Request,App,6,3,0.0,0,18,16,0,0
Variant 3,High,Technical Issue,Website,8,4,1.0,0,32,17,0,1
Variant 3,Low,Performance Issue,Website,8,5,1.0,0,40,13,0,0
Variant 1,Medium,Feature Request,Email,6,3,0.0,0,18,19,1,0
Variant 4,Low,Performance Issue,Email,7,5,1.0,0,35,13,0,0
Variant 1,Low,Bug,Website,6,3,0.0,0,18,10,0,0
Variant 3,Low,Service Request,Website,8,4,1.0,0,32,14,0,0
Variant 3,Low,Performance Issue,Email,8,5,1.0,0,40,15,0,0
Variant 10,Low,Technical Issue,Website,6,4,1.0,1,24,13,0,0
Variant 11,Medium,Bug,Website,6,3,0.0,0,18,19,1,0
Variant 5,Medium,Bug,Website,12,6,1.0,1,72,4,0,0
Variant 2,Medium,Bug,Website,4,2,0.0,1,8,7,0,0
Variant 1,Medium,Feature Request,Website,6,3,0.0,0,18,7,1,0
Variant 3,High,Maintenance,Email,8,6,1.0,0,48,13,0,0
Variant 1,Medium,Bug,Email,6,3,0.0,0,18,2,0,0
Variant 3,Low,Performance Issue,Email,8,4,1.0,0,32,9,0,0
Variant 1,Medium,Bug,Email,6,3,0.0,0,18,9,0,0
Variant 5,Medium,Feature Request,Email,12,5,1.0,1,60,19,0,0
Variant 7,Medium,Bug,Email,15,7,3.0,0,105,21,0,1
Variant 3,Medium,Incident,Email,8,4,1.0,0,32,1,0,0
Variant 1,Medium,Bug,Website,6,2,0.0,0,12,22,0,0
Variant 4,Medium,Bug,Website,7,3,1.0,0,21,23,0,0
Variant 1,High,Service Request,Website,6,3,0.0,0,18,20,1,0
Variant 1,Medium,Bug,Email,6,2,0.0,0,12,0,0,0
Variant 1,Low,Service Request,Website,6,3,0.0,0,18,6,1,0
Variant 9,Medium,Performance Issue,Website,10,5,1.0,0,50,11,0,0
Variant 3,Low,Service Request,Website,8,6,1.0,0,48,14,1,0
Variant 1,Low,Feature Request,Phone,6,3,0.0,0,18,1,0,0
Variant 3,Medium,Technical Issue,Website,8,4,1.0,0,32,6,1,0
Variant 3,Medium,Service Request,Website,8,3,1.0,0,24,0,0,0
Variant 3,High,Performance Issue,Email,8,5,1.0,0,40,3,0,0
Variant 1,Medium,Bug,Phone,6,2,0.0,0,12,23,0,0
Variant 3,Medium,Maintenance,Email,8,4,1.0,0,32,17,0,0
Variant 10,Medium,Bug,Website,6,3,1.0,1,18,23,0,0
Variant 6,Medium,Performance Issue,Website,10,6,2.0,0,60,2,1,0
Variant 1,Low,Incident,Email,6,3,0.0,0,18,17,0,0
Variant 4,Low,Maintenance,Email,7,4,1.0,0,28,18,1,0
Variant 3,Low,Performance Issue,Email,8,5,1.0,0,40,23,1,0
Variant 3,High,Performance Issue,Website,8,5,1.0,0,40,22,0,0
Variant 7,High,Bug,Website,15,7,3.0,0,105,7,0,1
Variant 3,Medium,Incident,Email,8,4,1.0,0,32,21,1,0
Variant 3,Medium,Performance Issue,App,8,4,1.0,0,32,6,0,0
Variant 3,Medium,Performance Issue,Email,8,4,1.0,0,32,6,0,0
Variant 8,Medium,Maintenance,Website,10,3,0.0,0,30,0,0,0
Variant 5,Medium,Service Request,Phone,12,5,1.0,1,60,5,1,0
Variant 8,Medium,Bug,Email,10,3,0.0,0,30,18,0,0
Variant 1,Medium,Feature Request,Website,6,3,0.0,0,18,23,1,0
Variant 3,Medium,Performance Issue,Email,8,5,1.0,0,40,22,1,0
Variant 3,High,Feature Request,App,8,4,1.0,0,32,10,0,0
Variant 3,High,Performance Issue,Website,8,3,1.0,0,24,22,0,1
Variant 11,Medium,Feature Request,Website,6,3,0.0,0,18,21,0,0
Variant 1,High,Bug,Email,6,2,0.0,0,12,6,0,0
Variant 12,Low,Incident,Website,6,3,0.0,0,18,16,0,0
Variant 1,High,Bug,Website,6,2,0.0,0,12,9,0,0
Variant 3,Medium,Feature Request,Website,8,3,1.0,0,24,13,0,0
Variant 1,Low,Performance Issue,App,6,3,0.0,0,18,2,1,0
Variant 1,Medium,Bug,Website,6,3,0.0,0,18,15,1,0
Variant 1,High,Maintenance,Website,6,2,0.0,0,12,23,0,0
Variant 1,Medium,Feature Request,Website,6,3,0.0,0,18,9,1,0
Variant 1,Medium,Technical Issue,Email,6,3,0.0,0,18,20,0,0
Variant 3,Medium,Incident,App,8,4,1.0,0,32,15,0,0
Variant 5,Medium,Bug,Email,12,4,1.0,1,48,5,0,0
Variant 3,Medium,Feature Request,App,8,5,1.0,0,40,13,0,0
Variant 3,Medium,Technical Issue,Email,8,5,1.0,0,40,12,0,0
Variant 9,Medium,Maintenance,Website,10,5,1.0,0,50,23,0,0
Variant 3,Low,Incident,Email,8,4,1.0,0,32,2,1,0
Variant 4,High,Bug,Website,7,4,1.0,0,28,15,0,0
Variant 1,Low,Incident,Email,6,2,0.0,0,12,1,0,0
Variant 5,Low,Incident,Email,12,6,1.0,1,72,5,0,0
Variant 4,High,Incident,Website,7,5,1.0,0,35,19,0,0
Variant 3,Medium,Feature Request,Email,8,4,1.0,0,32,9,0,0
Variant 3,Medium,Incident,Website,8,5,1.0,0,40,7,0,0
Variant 4,Medium,Feature Request,Email,7,4,1.0,0,28,6,1,0
Variant 3,Medium,Service Request,Website,8,4,1.0,0,32,4,0,0
Variant 4,High,Incident,Email,7,4,1.0,0,28,19,0,0
Variant 1,Low,Technical Issue,Email,6,2,0.0,0,12,14,1,0
Variant 3,Medium,Incident,Website,8,4,1.0,0,32,22,0,0
Variant 4,Medium,Bug,Website,7,4,1.0,0,28,13,0,0
Variant 1,Low,Performance Issue,Website,6,3,0.0,0,18,21,1,0
Variant 1,Medium,Bug,Website,6,3,0.0,0,18,15,0,0
Variant 3,Medium,Performance Issue,Email,8,3,1.0,0,24,11,0,0
Variant 11,Medium,Technical Issue,Phone,6,2,0.0,0,12,16,0,0
Variant 1,High,Feature Request,Website,6,3,0.0,0,18,1,0,0
Variant 13,Medium,Bug,Email,11,5,1.0,0,55,17,1,0
Variant 7,Medium,Bug,Website,15,7,3.0,0,105,11,0,0
Variant 1,Medium,Bug,Email,6,3,0.0,0,18,4,1,0
Variant 3,Medium,Performance Issue,Website,8,4,1.0,0,32,6,0,0
Variant 9,High,Bug,Email,10,5,1.0,0,50,0,1,1
Variant 1,High,Bug,Website,6,3,0.0,0,18,3,0,0
Variant 3,Low,Performance Issue,Website,8,5,1.0,0,40,1,1,0
Variant 3,Low,Feature Request,Website,8,5,1.0,0,40,7,0,0
Variant 3,Low,Feature Request,App,8,4,1.0,0,32,6,0,0
Variant 1,Medium,Bug,Website,6,2,0.0,0,12,17,0,0
Variant 1,Low,Service Request,Email,6,2,0.0,0,12,3,1,0
Variant 3,Low,Performance Issue,Email,8,4,1.0,0,32,21,0,0
Variant 3,High,Performance Issue,Website,8,4,1.0,0,32,7,0,0
Variant 3,High,Service Request,Email,8,4,1.0,0,32,19,1,0
Variant 5,Medium,Incident,Email,12,6,1.0,1,72,23,0,0
Variant 3,Medium,Performance Issue,Phone,8,4,1.0,0,32,23,0,0
Variant 1,Medium,Performance Issue,Email,6,3,0.0,0,18,20,0,0
Variant 3,Low,Incident,Email,8,4,1.0,0,32,12,1,0
Variant 1,Medium,Maintenance,Email,6,3,0.0,0,18,3,0,0
Variant 5,Medium,Feature Request,Website,12,5,1.0,1,60,5,0,0
Variant 1,Low,Performance Issue,Website,6,2,0.0,0,12,19,1,0
Variant 3,Medium,Performance Issue,Email,8,5,1.0,0,40,22,0,0
Variant 1,Medium,Incident,Website,6,2,0.0,0,12,6,0,0
Variant 3,Medium,Incident,Email,8,4,1.0,0,32,15,1,0
Variant 3,Medium,Performance Issue,Email,8,5,1.0,0,40,19,0,0
Variant 3,Medium,Feature Request,Email,8,4,1.0,0,32,18,1,0
Variant 3,High,Incident,Website,8,3,1.0,0,24,19,0,0
Variant 3,Low,Feature Request,Email,8,4,1.0,0,32,9,0,0
Variant 3,Medium,Feature Request,Email,8,5,1.0,0,40,2,0,0
Variant 1,Medium,Feature Request,Email,6,3,0.0,0,18,16,0,0
Variant 1,Medium,Bug,App,6,3,0.0,0,18,14,0,0
Variant 3,Low,Performance Issue,Website,8,3,1.0,0,24,6,1,0
Variant 3,Medium,Incident,Website,8,6,1.0,0,48,0,1,0
Variant 3,High,Performance Issue,Phone,8,6,1.0,0,48,18,0,0
Variant 1,Medium,Bug,Email,6,3,0.0,0,18,1,1,0
Variant 3,Medium,Feature Request,Website,8,6,1.0,0,48,16,1,0
Variant 3,Low,Feature Request,Email,8,4,1.0,0,32,10,0,0
Variant 1,Medium,Maintenance,Email,6,3,0.0,0,18,1,0,0
Variant 3,Medium,Performance Issue,Phone,8,3,1.0,0,24,5,0,0
Variant 3,Medium,Service Request,Website,8,5,1.0,0,40,20,1,0
Variant 1,High,Performance Issue,Email,6,3,0.0,0,18,0,1,0
Variant 3,Medium,Service Request,Website,8,5,1.0,0,40,7,0,0
Variant 8,Low,Bug,Email,10,3,0.0,0,30,22,1,0
Variant 4,High,Bug,Website,7,5,1.0,0,35,4,0,0
Variant 3,Medium,Service Request,Website,8,4,1.0,0,32,14,0,0
Variant 13,Medium,Service Request,Email,11,5,1.0,0,55,13,0,0
Variant 9,Medium,Feature Request,Website,10,4,1.0,0,40,13,1,0
Variant 3,Medium,Maintenance,Website,8,5,1.0,0,40,0,0,0
Variant 10,High,Performance Issue,Website,6,4,1.0,1,24,20,1,0
Variant 3,Low,Incident,Website,8,4,1.0,0,32,4,1,0
Variant 1,Medium,Feature Request,Website,6,2,0.0,0,12,3,0,0
Variant 1,Medium,Feature Request,Website,6,3,0.0,0,18,23,1,0
Variant 1,Medium,Incident,Phone,6,3,0.0,0,18,10,0,0
Variant 1,Medium,Feature Request,Phone,6,2,0.0,0,12,9,0,0
Variant 3,High,Feature Request,Phone,8,4,1.0,0,32,17,0,0
Variant 3,Medium,Performance Issue,Website,8,5,1.0,0,40,23,1,0
Variant 3,Medium,Performance Issue,Email,8,4,1.0,0,32,14,1,0
Variant 3,Medium,Feature Request,Website,8,5,1.0,0,40,6,1,0
Variant 3,Medium,Maintenance,App,8,4,1.0,0,32,16,1,0
Variant 1,High,Technical Issue,App,6,3,0.0,0,18,13,0,0
Variant 3,High,Feature Request,Website,8,4,1.0,0,32,6,0,0
Variant 3,Low,Performance Issue,Website,8,5,1.0,0,40,12,1,0
Variant 13,High,Bug,Email,11,4,1.0,0,44,20,0,1
Variant 10,Medium,Incident,Website,6,4,1.0,1,24,14,1,0
Variant 1,Medium,Performance Issue,Email,6,2,0.0,0,12,9,1,0
Variant 3,Low,Performance Issue,Website,8,4,1.0,0,32,5,0,0
Variant 10,Medium,Technical Issue,Website,6,4,1.0,1,24,8,1,0
Variant 3,Medium,Performance Issue,Email,8,4,1.0,0,32,3,1,0
Variant 3,Medium,Performance Issue,Email,8,3,1.0,0,24,16,1,0
Variant 3,High,Feature Request,Email,8,5,1.0,0,40,22,0,0
Variant 3,Medium,Performance Issue,Website,8,5,1.0,0,40,19,0,0
Variant 10,Medium,Feature Request,Email,6,3,1.0,1,18,7,0,0
Variant 3,Low,Technical Issue,Website,8,5,1.0,0,40,9,1,0
Variant 3,Medium,Performance Issue,Website,8,4,1.0,0,32,7,1,0
Variant 3,Medium,Performance Issue,App,8,4,1.0,0,32,3,0,0
Variant 3,Low,Performance Issue,Website,8,3,1.0,0,24,7,0,0
Variant 8,Medium,Feature Request,Website,10,3,0.0,0,30,17,0,0
Variant 3,Medium,Maintenance,Email,8,4,1.0,0,32,2,0,0
Variant 4,Low,Incident,Website,7,5,1.0,0,35,8,0,0
Variant 1,Low,Bug,Website,6,3,0.0,0,18,20,0,0
Variant 1,Low,Bug,Email,6,3,0.0,0,18,16,1,0
Variant 3,Low,Performance Issue,Email,8,4,1.0,0,32,20,0,0
Variant 3,Medium,Incident,Website,8,4,1.0,0,32,13,0,0
Variant 1,Medium,Bug,Email,6,3,0.0,0,18,6,1,0
Variant 1,High,Performance Issue,Website,6,3,0.0,0,18,5,0,0
Variant 1,Medium,Feature Request,Website,6,2,0.0,0,12,7,0,0
Variant 3,Medium,Feature Request,Website,8,5,1.0,0,40,2,0,0
Variant 1,Medium,Bug,Website,6,3,0.0,0,18,2,1,0
Variant 6,Medium,Feature Request,Website,10,5,2.0,0,50,7,0,0
Variant 3,Low,Performance Issue,Website,8,4,1.0,0,32,22,0,0
Variant 4,Low,Bug,Email,7,5,1.0,0,35,4,0,0
Variant 5,High,Performance Issue,Website,12,4,1.0,1,48,18,0,1
Variant 3,High,Technical Issue,Website,8,5,1.0,0,40,0,0,0
Variant 1,Low,Bug,Email,6,2,0.0,0,12,18,0,0
Variant 1,Medium,Feature Request,Phone,6,3,0.0,0,18,16,0,0
Variant 6,Low,Incident,Email,10,6,2.0,0,60,10,0,0
Variant 1,Medium,Bug,Website,6,3,0.0,0,18,14,0,0
Variant 3,High,Feature Request,Website,8,5,1.0,0,40,16,1,0
Variant 4,Low,Performance Issue,Website,7,4,1.0,0,28,20,0,0
Variant 3,Medium,Performance Issue,Email,8,5,1.0,0,40,18,1,0
Variant 1,Medium,Bug,Website,6,3,0.0,0,18,7,0,0
Variant 3,Medium,Feature Request,Website,8,5,1.0,0,40,13,1,0
Variant 4,Low,Feature Request,Email,7,5,1.0,0,35,20,1,0
Variant 3,Medium,Feature Request,Email,8,4,1.0,0,32,12,0,0
Variant 3,Medium,Performance Issue,Website,8,5,1.0,0,40,21,0,0
Variant 3,Medium,Performance Issue,Website,8,4,1.0,0,32,15,0,0
Variant 1,Medium,Incident,Email,6,3,0.0,0,18,21,0,0
Variant 3,High,Service Request,Website,8,4,1.0,0,32,10,0,0
Variant 1,High,Bug,Website,6,3,0.0,0,18,13,0,0
Variant 1,Low,Service Request,Email,6,3,0.0,0,18,8,1,0
Variant 3,Medium,Performance Issue,Phone,8,4,1.0,0,32,8,0,0
Variant 3,Medium,Service Request,Website,8,4,1.0,0,32,2,1,0
Variant 1,Medium,Bug,App,6,2,0.0,0,12,9,0,0
Variant 1,High,Maintenance,Website,6,3,0.0,0,18,16,1,0
Variant 3,Medium,Feature Request,Website,8,4,1.0,0,32,21,0,0
Variant 1,Low,Service Request,Email,6,3,0.0,0,18,10,0,0
Variant 3,Low,Feature Request,Email,8,3,1.0,0,24,20,1,0
Variant 3,Medium,Performance Issue,Email,8,5,1.0,0,40,14,0,0
Variant 3,Low,Performance Issue,Website,8,5,1.0,0,40,10,1,0
Variant 3,High,Feature Request,Website,8,4,1.0,0,32,5,1,0
Variant 8,Medium,Technical Issue,Email,10,3,0.0,0,30,18,0,0
Variant 3,High,Performance Issue,Email,8,5,1.0,0,40,8,0,0
Variant 1,Medium,Bug,Website,6,3,0.0,0,18,13,1,0
Variant 3,Low,Feature Request,Email,8,3,1.0,0,24,23,0,0
Variant 1,Low,Technical Issue,Website,6,2,0.0,0,12,2,0,0
Variant 3,Medium,Incident,Email,8,4,1.0,0,32,19,1,0
Variant 1,Medium,Bug,Email,6,2,0.0,0,12,21,0,0
Variant 1,Medium,Service Request,Website,6,2,0.0,0,12,17,1,0
Variant 1,Low,Bug,Website,6,2,0.0,0,12,1,0,0
Variant 3,Low,Feature Request,Email,8,4,1.0,0,32,10,1,0
Variant 3,Low,Feature Request,Email,8,5,1.0,0,40,10,0,0
Variant 3,Low,Feature Request,Website,8,4,1.0,0,32,3,0,0
Variant 11,Medium,Technical Issue,Email,6,3,0.0,0,18,11,1,0
Variant 6,High,Maintenance,Email,10,5,2.0,0,50,3,1,0
Variant 3,Low,Performance Issue,Website,8,4,1.0,0,32,5,0,0
Variant 3,Medium,Performance Issue,Website,8,6,1.0,0,48,7,0,0
Variant 3,Medium,Performance Issue,Email,8,4,1.0,0,32,14,0,0
Variant 4,Low,Maintenance,Email,7,6,1.0,0,42,23,0,0
Variant 3,Medium,Feature Request,Email,8,5,1.0,0,40,19,1,0
Variant 6,Low,Bug,Website,10,6,2.0,0,60,9,0,0
Variant 8,Medium,Technical Issue,Website,10,3,0.0,0,30,10,0,0
Variant 1,Low,Bug,Website,6,3,0.0,0,18,6,1,0
Variant 3,Medium,Performance Issue,Website,8,5,1.0,0,40,0,0,0
Variant 1,Medium,Service Request,App,6,3,0.0,0,18,2,0,0
Variant 3,High,Technical Issue,Email,8,4,1.0,0,32,19,0,0
Variant 1,High,Performance Issue,Email,6,3,0.0,0,18,12,0,0
Variant 3,High,Feature Request,Website,8,4,1.0,0,32,16,0,0
Variant 3,Low,Performance Issue,Email,8,5,1.0,0,40,1,0,0
Variant 1,Medium,Feature Request,Website,6,3,0.0,0,18,10,1,0
Variant 5,Medium,Feature Request,Website,12,5,1.0,1,60,11,1,0
Variant 1,Medium,Incident,Website,6,3,0.0,0,18,20,0,0
Variant 3,Medium,Incident,Email,8,3,1.0,0,24,3,0,0
Variant 1,Medium,Incident,Email,6,2,0.0,0,12,4,0,0
Variant 5,High,Bug,Email,12,5,1.0,1,60,14,0,1
Variant 3,Medium,Performance Issue,Email,8,5,1.0,0,40,7,0,0
Variant 1,Low,Incident,Email,6,2,0.0,0,12,7,1,0
Variant 1,Medium,Feature Request,Email,6,3,0.0,0,18,9,0,0
Variant 9,Medium,Service Request,Website,10,4,1.0,0,40,6,1,0
Variant 1,High,Incident,Website,6,2,0.0,0,12,21,1,0
Variant 3,High,Technical Issue,Website,8,5,1.0,0,40,22,1,0
Variant 1,Low,Bug,App,6,3,0.0,0,18,17,0,0
Variant 1,Medium,Bug,Email,6,3,0.0,0,18,22,1,0
Variant 1,Medium,Bug,Website,6,3,0.0,0,18,1,1,0
Variant 11,Low,Feature Request,Email,6,4,0.0,0,24,23,0,0
Variant 8,Low,Feature Request,Website,10,3,0.0,0,30,20,0,0
Variant 1,Low,Incident,App,6,2,0.0,0,12,7,0,0
Variant 6,Medium,Performance Issue,Website,10,8,2.0,0,80,22,1,0
Variant 3,Low,Service Request,Email,8,4,1.0,0,32,7,0,0
Variant 3,Low,Feature Request,Email,8,4,1.0,0,32,20,0,0
Variant 3,Low,Performance Issue,Website,8,3,1.0,0,24,12,0,0
Variant 12,Medium,Service Request,Phone,6,3,0.0,0,18,13,1,0
Variant 13,Low,Bug,Website,11,5,1.0,0,55,1,0,0
Variant 9,Medium,Bug,Website,10,4,1.0,0,40,5,0,0
Variant 3,Low,Performance Issue,Website,8,6,1.0,0,48,5,0,0
Variant 1,Medium,Maintenance,Website,6,3,0.0,0,18,12,0,0
Variant 3,High,Performance Issue,Website,8,5,1.0,0,40,5,0,1
Variant 8,Low,Incident,Website,10,3,0.0,0,30,14,0,0
Variant 1,Medium,Bug,Email,6,3,0.0,0,18,10,0,0
Variant 1,High,Bug,Email,6,2,0.0,0,12,7,0,0
Variant 3,Low,Performance Issue,Website,8,5,1.0,0,40,18,0,0
Variant 1,Medium,Performance Issue,Phone,6,2,0.0,0,12,4,0,0
Variant 9,High,Bug,Website,10,5,1.0,0,50,0,0,1
Variant 3,High,Incident,Website,8,5,1.0,0,40,3,0,0
Variant 1,Medium,Performance Issue,Website,6,2,0.0,0,12,10,1,0
Variant 3,Low,Technical Issue,Email,8,5,1.0,0,40,5,0,0
Variant 8,Medium,Feature Request,Email,10,3,0.0,0,30,3,0,0
Variant 1,Medium,Incident,App,6,3,0.0,0,18,16,1,0
Variant 1,Medium,Performance Issue,Email,6,2,0.0,0,12,22,0,0
Variant 1,High,Incident,Website,6,3,0.0,0,18,21,0,0
Variant 4,Medium,Service Request,App,7,5,1.0,0,35,4,1,0
Variant 6,Medium,Bug,Website,10,7,2.0,0,70,18,0,0
Variant 8,High,Incident,Website,10,2,0.0,0,20,9,0,1
Variant 7,Medium,Bug,Website,15,5,3.0,0,75,5,0,0
Variant 1,Medium,Incident,Website,6,3,0.0,0,18,6,0,0
Variant 3,Low,Feature Request,Website,8,5,1.0,0,40,20,0,0
Variant 3,Medium,Performance Issue,Website,8,4,1.0,0,32,9,0,0
Variant 1,High,Feature Request,Email,6,2,0.0,0,12,5,1,0
Variant 3,Low,Performance Issue,Website,8,4,1.0,0,32,11,0,0
Variant 1,High,Performance Issue,Website,6,3,0.0,0,18,0,1,0
Variant 4,Low,Bug,Email,7,5,1.0,0,35,22,1,0
Variant 11,Medium,Bug,Website,6,4,0.0,0,24,11,1,0
Variant 3,Low,Maintenance,Email,8,6,1.0,0,48,21,0,0
Variant 1,Medium,Performance Issue,Website,6,2,0.0,0,12,8,0,0
Variant 1,Low,Bug,Email,6,3,0.0,0,18,17,0,0
Variant 3,Low,Performance Issue,Website,8,5,1.0,0,40,20,0,0
Variant 4,Low,Feature Request,Website,7,4,1.0,0,28,9,0,0
Variant 1,Low,Incident,Email,6,3,0.0,0,18,15,1,0
Variant 3,Medium,Feature Request,Email,8,4,1.0,0,32,14,0,0
Variant 4,Medium,Feature Request,Website,7,5,1.0,0,35,0,0,0
Variant 11,Medium,Feature Request,Email,6,3,0.0,0,18,6,0,0
Variant 3,Medium,Maintenance,Email,8,4,1.0,0,32,5,0,0
Variant 3,Low,Feature Request,Website,8,3,1.0,0,24,4,1,0
Variant 1,Medium,Performance Issue,Email,6,3,0.0,0,18,1,0,0
Variant 12,Medium,Incident,Website,6,3,0.0,0,18,14,1,0
Variant 3,Medium,Service Request,Email,8,4,1.0,0,32,20,1,0
Variant 6,High,Maintenance,Website,10,8,2.0,0,80,12,0,0
Variant 3,Low,Incident,Website,8,5,1.0,0,40,1,0,0
Variant 1,Low,Bug,Email,6,3,0.0,0,18,4,0,0
Variant 4,Low,Bug,Website,7,5,1.0,0,35,22,1,0
Variant 3,Medium,Performance Issue,Email,8,4,1.0,0,32,16,0,0
Variant 6,Low,Performance Issue,Website,10,6,2.0,0,60,8,0,0
Variant 6,Low,Bug,Email,10,7,2.0,0,70,12,1,0
Variant 3,Low,Incident,Website,8,4,1.0,0,32,21,0,0
Variant 1,Medium,Technical Issue,Website,6,3,0.0,0,18,14,1,0
Variant 1,Medium,Maintenance,Website,6,2,0.0,0,12,23,1,0
Variant 11,Medium,Bug,Email,6,3,0.0,0,18,17,1,0
Variant 1,Medium,Feature Request,Website,6,3,0.0,0,18,5,1,0
Variant 1,Medium,Bug,Email,6,2,0.0,0,12,15,1,0
Variant 3,Low,Service Request,Website,8,4,1.0,0,32,3,1,0
Variant 1,Medium,Bug,Email,6,2,0.0,0,12,17,0,0
Variant 3,Medium,Feature Request,Phone,8,5,1.0,0,40,22,0,0
Variant 3,Medium,Performance Issue,Email,8,4,1.0,0,32,12,0,0
Variant 1,Medium,Bug,Website,6,3,0.0,0,18,0,1,0
Variant 2,Medium,Bug,Email,4,3,0.0,1,12,2,0,0
Variant 8,Medium,Incident,Website,10,3,0.0,0,30,23,0,0
Variant 1,Medium,Service Request,Email,6,3,0.0,0,18,10,0,0
Variant 4,Low,Service Request,Email,7,4,1.0,0,28,15,0,0
Variant 4,Medium,Feature Request,Website,7,5,1.0,0,35,21,0,0
Variant 11,Medium,Performance Issue,Website,6,2,0.0,0,12,2,1,0
Variant 1,Low,Bug,Email,6,3,0.0,0,18,16,0,0
Variant 3,Medium,Feature Request,Website,8,5,1.0,0,40,8,0,0
Variant 1,Medium,Feature Request,Email,6,3,0.0,0,18,22,0,0
Variant 9,Medium,Bug,Email,10,5,1.0,0,50,6,0,0
Variant 6,High,Bug,App,10,8,2.0,0,80,13,0,1
Variant 1,Medium,Performance Issue,Website,6,3,0.0,0,18,6,1,0
Variant 2,Medium,Feature Request,Email,4,3,0.0,1,12,14,0,0
Variant 1,Low,Bug,Website,6,3,0.0,0,18,2,0,0
Variant 1,Medium,Performance Issue,App,6,2,0.0,0,12,23,1,0
Variant 12,Low,Incident,Website,6,3,0.0,0,18,18,1,0
Variant 3,Medium,Performance Issue,Website,8,3,1.0,0,24,15,0,0
Variant 1,Medium,Feature Request,App,6,3,0.0,0,18,7,0,0
Variant 3,Medium,Feature Request,Website,8,4,1.0,0,32,17,0,0
Variant 3,Medium,Performance Issue,Website,8,5,1.0,0,40,14,0,0
Variant 1,High,Maintenance,Email,6,3,0.0,0,18,7,0,0
Variant 3,Medium,Feature Request,Website,8,4,1.0,0,32,3,0,0
Variant 1,Low,Incident,Website,6,3,0.0,0,18,5,0,0
Variant 1,High,Incident,Website,6,2,0.0,0,12,4,0,0
Variant 3,Low,Performance Issue,Email,8,6,1.0,0,48,3,0,0
Variant 1,High,Performance Issue,Website,6,3,0.0,0,18,2,1,0
Variant 3,Medium,Performance Issue,Email,8,4,1.0,0,32,8,1,0
Variant 3,Medium,Technical Issue,Email,8,6,1.0,0,48,1,0,0
Variant 3,High,Feature Request,Website,8,6,1.0,0,48,12,0,0
Variant 3,Medium,Service Request,Email,8,4,1.0,0,32,1,0,0
Variant 2,Medium,Feature Request,Website,4,3,0.0,1,12,7,1,0
Variant 3,High,Maintenance,Email,8,5,1.0,0,40,3,0,0
Variant 3,Medium,Incident,Website,8,4,1.0,0,32,2,1,0
Variant 1,Low,Incident,Website,6,2,0.0,0,12,2,0,0
Variant 3,Medium,Maintenance,App,8,5,1.0,0,40,18,1,0
Variant 10,Low,Performance Issue,Website,6,3,1.0,1,18,17,1,0
Variant 3,Medium,Service Request,Email,8,4,1.0,0,32,7,0,0
Variant 3,Medium,Performance Issue,Website,8,5,1.0,0,40,2,1,0
Variant 8,Medium,Bug,Email,10,3,0.0,0,30,23,0,0
Variant 1,Medium,Feature Request,Website,6,3,0.0,0,18,23,1,0
Variant 1,Low,Maintenance,Website,6,3,0.0,0,18,20,0,0
Variant 1,Medium,Service Request,Website,6,3,0.0,0,18,23,1,0
Variant 3,Medium,Performance Issue,Phone,8,4,1.0,0,32,17,0,0
Variant 1,Low,Bug,Website,6,3,0.0,0,18,7,0,0
Variant 1,High,Technical Issue,Email,6,3,0.0,0,18,17,0,0
Variant 3,High,Feature Request,Website,8,6,1.0,0,48,18,0,0
Variant 1,Medium,Performance Issue,Website,6,2,0.0,0,12,16,0,0
Variant 3,Medium,Incident,Email,8,3,1.0,0,24,16,0,0
Variant 12,Medium,Performance Issue,Email,6,3,0.0,0,18,5,1,0
Variant 1,Medium,Bug,Website,6,3,0.0,0,18,21,0,0
Variant 1,Medium,Service Request,Website,6,3,0.0,0,18,6,0,0
Variant 7,Medium,Bug,Website,15,6,3.0,0,90,3,0,0
Variant 3,Low,Incident,Website,8,5,1.0,0,40,3,1,0
Variant 1,High,Bug,Phone,6,2,0.0,0,12,2,1,0
Variant 7,Medium,Bug,Email,15,6,3.0,0,90,15,1,0
Variant 3,High,Service Request,Website,8,5,1.0,0,40,14,0,0
Variant 3,High,Maintenance,Email,8,4,1.0,0,32,16,0,1
Variant 3,Low,Incident,Email,8,5,1.0,0,40,13,1,0
Variant 4,Medium,Feature Request,Email,7,5,1.0,0,35,7,0,0
Variant 3,Medium,Service Request,Email,8,5,1.0,0,40,10,0,0
Variant 13,High,Bug,Website,11,5,1.0,0,55,4,1,1
Variant 3,Medium,Service Request,Email,8,4,1.0,0,32,19,0,0
Variant 1,High,Performance Issue,Website,6,3,0.0,0,18,1,1,0
Variant 3,Medium,Feature Request,Website,8,6,1.0,0,48,10,0,0
Variant 3,High,Performance Issue,Website,8,4,1.0,0,32,7,0,0
Variant 3,Low,Incident,Website,8,6,1.0,0,48,17,1,0
Variant 1,Medium,Technical Issue,Email,6,3,0.0,0,18,12,0,0
Variant 6,Low,Feature Request,Website,10,8,2.0,0,80,22,0,0
Variant 1,Low,Feature Request,Website,6,2,0.0,0,12,3,1,0
Variant 1,Low,Technical Issue,Website,6,3,0.0,0,18,21,0,0
Variant 7,Medium,Bug,Email,15,9,3.0,0,135,0,0,1
Variant 1,Medium,Bug,Website,6,3,0.0,0,18,5,0,0
Variant 1,Medium,Performance Issue,Website,6,3,0.0,0,18,14,0,0
Variant 10,Low,Technical Issue,Email,6,3,1.0,1,18,16,1,0
Variant 1,Low,Feature Request,Email,6,2,0.0,0,12,9,1,0
Variant 10,Medium,Bug,Email,6,4,1.0,1,24,21,0,0
Variant 3,Medium,Feature Request,App,8,5,1.0,0,40,0,0,0
Variant 1,High,Feature Request,Phone,6,3,0.0,0,18,7,0,0
Variant 1,Low,Performance Issue,Email,6,2,0.0,0,12,21,0,0
Variant 1,Medium,Feature Request,Email,6,2,0.0,0,12,5,1,0
Variant 4,Medium,Bug,Email,7,5,1.0,0,35,8,0,0
Variant 1,Medium,Maintenance,Website,6,3,0.0,0,18,20,0,0
Variant 1,High,Bug,Website,6,3,0.0,0,18,2,0,0
Variant 4,Low,Bug,Website,7,6,1.0,0,42,20,0,0
Variant 1,Medium,Service Request,Website,6,3,0.0,0,18,18,0,0
Variant 1,Low,Feature Request,Email,6,2,0.0,0,12,5,0,0
Variant 3,Low,Performance Issue,Website,8,4,1.0,0,32,16,0,0
Variant 5,Medium,Bug,Website,12,6,1.0,1,72,3,0,0
Variant 1,Low,Bug,Email,6,3,0.0,0,18,20,0,0
Variant 3,Low,Performance Issue,Email,8,5,1.0,0,40,5,0,0
Variant 3,Low,Performance Issue,Email,8,5,1.0,0,40,4,1,0
Variant 3,Low,Maintenance,Email,8,5,1.0,0,40,11,0,0
Variant 3,Low,Feature Request,Website,8,5,1.0,0,40,10,1,0
Variant 3,Medium,Feature Request,Website,8,5,1.0,0,40,5,1,0
Variant 6,Medium,Technical Issue,Website,10,6,2.0,0,60,1,0,0
Variant 1,Low,Technical Issue,Website,6,3,0.0,0,18,5,0,0
Variant 1,High,Technical Issue,Email,6,3,0.0,0,18,2,1,0
Variant 3,High,Performance Issue,Email,8,4,1.0,0,32,0,0,0
Variant 1,Low,Bug,Website,6,3,0.0,0,18,11,0,0
Variant 4,Low,Incident,Email,7,4,1.0,0,28,0,0,0
Variant 4,Medium,Bug,Email,7,4,1.0,0,28,7,1,0
Variant 5,Low,Bug,Email,12,5,1.0,1,60,6,1,0
Variant 3,Low,Performance Issue,Website,8,5,1.0,0,40,9,0,0
Variant 3,High,Performance Issue,Email,8,4,1.0,0,32,13,1,0
Variant 4,Medium,Performance Issue,Email,7,5,1.0,0,35,18,0,0
Variant 3,Medium,Feature Request,Website,8,5,1.0,0,40,4,0,0
Variant 1,Medium,Feature Request,Website,6,3,0.0,0,18,4,1,0
Variant 11,Medium,Incident,Website,6,2,0.0,0,12,11,0,0
Variant 1,Medium,Performance Issue,Email,6,2,0.0,0,12,17,0,0
Variant 3,Medium,Feature Request,Email,8,5,1.0,0,40,6,1,0
Variant 3,Medium,Performance Issue,Website,8,3,1.0,0,24,6,0,0
Variant 8,Medium,Bug,Website,10,3,0.0,0,30,10,1,0
Variant 5,Medium,Bug,Email,12,5,1.0,1,60,4,0,0
Variant 1,Medium,Performance Issue,Email,6,2,0.0,0,12,21,0,0
Variant 3,High,Performance Issue,Website,8,4,1.0,0,32,6,0,1
Variant 9,Medium,Bug,Email,10,5,1.0,0,50,14,0,0
Variant 2,High,Incident,Website,4,2,0.0,1,8,14,0,0
Variant 3,Medium,Performance Issue,Website,8,4,1.0,0,32,6,0,0
Variant 8,Medium,Bug,Website,10,3,0.0,0,30,3,1,0
Variant 12,Medium,Feature Request,Email,6,3,0.0,0,18,2,1,0
Variant 3,Low,Incident,Website,8,5,1.0,0,40,1,0,0
Variant 1,High,Bug,Website,6,3,0.0,0,18,21,0,0
Variant 5,Medium,Performance Issue,Website,12,6,1.0,1,72,21,0,0
Variant 1,Low,Bug,Email,6,3,0.0,0,18,17,0,0
Variant 3,Low,Performance Issue,Email,8,4,1.0,0,32,8,0,0
Variant 3,Medium,Performance Issue,Email,8,4,1.0,0,32,14,0,0
Variant 1,Medium,Bug,Website,6,3,0.0,0,18,20,1,0
Variant 3,Medium,Performance Issue,Website,8,5,1.0,0,40,8,1,0
Variant 3,High,Feature Request,Phone,8,5,1.0,0,40,4,1,0
Variant 3,Medium,Performance Issue,App,8,5,1.0,0,40,10,0,0
Variant 3,Low,Maintenance,Website,8,5,1.0,0,40,8,0,0
Variant 5,High,Bug,Website,12,4,1.0,1,48,17,1,1
Variant 1,Medium,Bug,Website,6,3,0.0,0,18,12,0,0
Variant 1,Medium,Service Request,Email,6,3,0.0,0,18,3,0,0
Variant 10,High,Incident,Website,6,3,1.0,1,18,5,0,0
Variant 3,High,Feature Request,Email,8,5,1.0,0,40,19,1,0
Variant 1,Medium,Maintenance,App,6,2,0.0,0,12,11,1,0
Variant 3,Low,Performance Issue,Website,8,5,1.0,0,40,17,1,0
Variant 8,Medium,Incident,Website,10,3,0.0,0,30,17,0,0
Variant 1,Medium,Incident,Website,6,2,0.0,0,12,19,1,0
Variant 3,Medium,Performance Issue,Email,8,5,1.0,0,40,0,1,0
Variant 1,Medium,Bug,Email,6,3,0.0,0,18,23,1,0
Variant 8,High,Bug,Website,10,3,0.0,0,30,10,0,1
Variant 1,Low,Bug,Website,6,3,0.0,0,18,5,0,0
Variant 4,Low,Technical Issue,Website,7,3,1.0,0,21,3,1,0
Variant 3,Low,Performance Issue,Email,8,4,1.0,0,32,7,0,0
Variant 3,Medium,Performance Issue,Website,8,4,1.0,0,32,0,0,0
Variant 3,Low,Performance Issue,Website,8,6,1.0,0,48,16,1,0
Variant 1,Low,Service Request,Website,6,3,0.0,0,18,9,0,0
Variant 3,Medium,Performance Issue,Website,8,4,1.0,0,32,13,1,0
Variant 3,Medium,Performance Issue,App,8,4,1.0,0,32,8,1,0
Variant 4,High,Incident,Email,7,4,1.0,0,28,22,0,0
Variant 1,Low,Performance Issue,Website,6,3,0.0,0,18,13,0,0
Variant 1,Medium,Service Request,Email,6,2,0.0,0,12,17,1,0
Variant 1,High,Bug,Email,6,3,0.0,0,18,17,1,0
Variant 1,Low,Feature Request,Website,6,3,0.0,0,18,18,0,0
Variant 3,High,Incident,Website,8,3,1.0,0,24,6,1,0
Variant 1,Low,Technical Issue,Website,6,2,0.0,0,12,1,0,0
Variant 3,High,Performance Issue,Website,8,4,1.0,0,32,12,0,0
Variant 2,High,Performance Issue,App,4,2,0.0,1,8,19,0,0
Variant 3,Medium,Incident,Email,8,5,1.0,0,40,12,0,0
Variant 1,Medium,Feature Request,Email,6,2,0.0,0,12,4,1,0
Variant 6,High,Incident,Email,10,5,2.0,0,50,22,1,1
Variant 12,Medium,Bug,Website,6,3,0.0,0,18,16,1,0
Variant 1,Medium,Bug,Website,6,3,0.0,0,18,22,1,0
Variant 1,High,Feature Request,Email,6,2,0.0,0,12,0,1,0
Variant 2,High,Bug,Email,4,3,0.0,1,12,2,0,0
Variant 1,High,Bug,Email,6,3,0.0,0,18,1,0,0
Variant 6,Medium,Feature Request,Website,10,8,2.0,0,80,3,0,0
Variant 4,Medium,Bug,Email,7,5,1.0,0,35,20,0,0
Variant 3,Medium,Feature Request,Email,8,5,1.0,0,40,2,0,0
Variant 4,Medium,Performance Issue,Email,7,4,1.0,0,28,20,0,0
Variant 5,High,Incident,Website,12,4,1.0,1,48,0,1,1
Variant 4,High,Bug,Email,7,5,1.0,0,35,2,0,0
Variant 12,Low,Performance Issue,Email,6,3,0.0,0,18,22,0,0
Variant 1,Medium,Performance Issue,Email,6,3,0.0,0,18,1,0,0
Variant 1,High,Technical Issue,Email,6,2,0.0,0,12,13,0,0
Variant 3,Medium,Feature Request,Email,8,5,1.0,0,40,8,0,0
Variant 11,Low,Incident,Website,6,4,0.0,0,24,10,1,0
Variant 1,High,Bug,Website,6,3,0.0,0,18,5,1,0
Variant 3,Low,Incident,Email,8,5,1.0,0,40,16,1,0
Variant 7,High,Bug,Website,15,9,3.0,0,135,11,0,1
Variant 1,Medium,Service Request,Email,6,2,0.0,0,12,11,1,0
Variant 1,Low,Incident,Email,6,2,0.0,0,12,15,0,0
Variant 3,Low,Performance Issue,Email,8,5,1.0,0,40,4,1,0
Variant 1,Medium,Incident,Email,6,2,0.0,0,12,18,0,0
Variant 8,Medium,Bug,Website,10,3,0.0,0,30,14,0,0
Variant 1,Medium,Performance Issue,Website,6,3,0.0,0,18,0,0,0
Variant 3,High,Performance Issue,Website,8,4,1.0,0,32,22,1,0
Variant 3,Medium,Incident,Email,8,5,1.0,0,40,14,0,0
Variant 3,Medium,Technical Issue,Email,8,5,1.0,0,40,13,1,0
Variant 1,Medium,Feature Request,Email,6,2,0.0,0,12,19,0,0
Variant 5,Medium,Feature Request,Phone,12,4,1.0,1,48,0,0,0
Variant 3,Medium,Performance Issue,Website,8,6,1.0,0,48,4,1,0
Variant 1,Medium,Bug,Website,6,3,0.0,0,18,5,1,0
Variant 4,Low,Bug,Website,7,4,1.0,0,28,0,0,0
Variant 4,High,Service Request,Email,7,5,1.0,0,35,4,0,0
Variant 3,Low,Service Request,Website,8,5,1.0,0,40,2,0,0
Variant 3,Low,Performance Issue,Phone,8,5,1.0,0,40,10,0,0
Variant 1,Low,Service Request,Website,6,2,0.0,0,12,2,1,0
Variant 4,High,Incident,Website,7,4,1.0,0,28,12,0,0
Variant 3,Medium,Performance Issue,Email,8,4,1.0,0,32,10,0,0
Variant 1,Medium,Bug,Website,6,2,0.0,0,12,7,0,0
Variant 1,High,Bug,Email,6,3,0.0,0,18,18,0,0
Variant 3,Medium,Performance Issue,Email,8,5,1.0,0,40,2,0,0
Variant 1,High,Incident,Email,6,2,0.0,0,12,19,1,0
Variant 13,Medium,Performance Issue,Email,11,4,1.0,0,44,1,0,0
Variant 7,Medium,Bug,Website,15,8,3.0,0,120,11,0,0
Variant 3,Low,Feature Request,Email,8,6,1.0,0,48,23,1,0
Variant 3,Medium,Performance Issue,Phone,8,3,1.0,0,24,23,1,0
Variant 1,Low,Incident,Email,6,3,0.0,0,18,0,0,0
Variant 1,High,Maintenance,Email,6,2,0.0,0,12,2,0,0
Variant 4,High,Feature Request,Email,7,4,1.0,0,28,1,1,0
Variant 4,Medium,Service Request,Email,7,3,1.0,0,21,12,0,0
Variant 7,Medium,Bug,Phone,15,7,3.0,0,105,2,0,0
Variant 1,Low,Performance Issue,Email,6,2,0.0,0,12,3,0,0
Variant 3,Low,Performance Issue,Website,8,5,1.0,0,40,2,0,0
Variant 4,Medium,Performance Issue,Email,7,4,1.0,0,28,1,0,0
Variant 12,High,Bug,Email,6,3,0.0,0,18,12,0,0
Variant 1,High,Bug,Email,6,3,0.0,0,18,17,1,0
Variant 4,Medium,Feature Request,Website,7,4,1.0,0,28,22,1,0
Variant 3,Low,Feature Request,Email,8,4,1.0,0,32,21,1,0
Variant 1,High,Feature Request,Phone,6,3,0.0,0,18,21,0,0
Variant 4,Low,Incident,Email,7,4,1.0,0,28,14,0,0
Variant 3,High,Service Request,Phone,8,5,1.0,0,40,4,0,0
Variant 1,Low,Maintenance,Email,6,3,0.0,0,18,4,1,0
Variant 3,High,Performance Issue,Website,8,5,1.0,0,40,22,1,0
Variant 3,High,Feature Request,Email,8,4,1.0,0,32,22,0,0
Variant 3,Medium,Performance Issue,Website,8,5,1.0,0,40,9,1,0
Variant 1,Medium,Performance Issue,Website,6,3,0.0,0,18,21,0,0
Variant 3,Medium,Incident,Website,8,5,1.0,0,40,15,0,0
Variant 3,Medium,Performance Issue,Website,8,5,1.0,0,40,2,0,0
Variant 11,Medium,Service Request,App,6,2,0.0,0,12,18,0,0
Variant 1,Medium,Service Request,Website,6,2,0.0,0,12,6,1,0
Variant 3,High,Feature Request,Website,8,4,1.0,0,32,10,0,1
Variant 1,Medium,Performance Issue,Website,6,2,0.0,0,12,7,1,0
Variant 3,Medium,Performance Issue,Email,8,6,1.0,0,48,8,1,0
Variant 3,Low,Performance Issue,Email,8,4,1.0,0,32,14,1,0
Variant 5,Medium,Bug,Email,12,4,1.0,1,48,16,0,0
Variant 13,Medium,Feature Request,Website,11,5,1.0,0,55,22,0,0
Variant 1,Low,Bug,Email,6,2,0.0,0,12,18,0,0
Variant 8,Medium,Feature Request,Email,10,3,0.0,0,30,14,0,0
Variant 3,Medium,Performance Issue,Website,8,5,1.0,0,40,20,1,0
Variant 1,Medium,Performance Issue,Website,6,3,0.0,0,18,21,1,0
Variant 9,Low,Performance Issue,Website,10,4,1.0,0,40,14,0,0
Variant 3,Medium,Technical Issue,Website,8,4,1.0,0,32,13,0,0
Variant 6,Low,Performance Issue,Website,10,6,2.0,0,60,12,0,0
Variant 1,Low,Performance Issue,Email,6,3,0.0,0,18,8,1,0
Variant 1,Medium,Incident,Email,6,2,0.0,0,12,19,0,0
Variant 3,Medium,Incident,Website,8,5,1.0,0,40,2,1,0
Variant 3,High,Feature Request,Email,8,4,1.0,0,32,18,0,0
Variant 1,Medium,Service Request,Website,6,2,0.0,0,12,3,0,0
Variant 1,Medium,Bug,Website,6,3,0.0,0,18,13,0,0
Variant 1,High,Feature Request,Website,6,2,0.0,0,12,20,0,0
Variant 2,Low,Bug,Website,4,2,0.0,1,8,15,0,0
Variant 3,High,Incident,Website,8,4,1.0,0,32,10,0,0
Variant 9,Medium,Incident,Website,10,4,1.0,0,40,1,0,0
Variant 3,High,Service Request,Website,8,4,1.0,0,32,3,0,1
Variant 5,Medium,Incident,Email,12,6,1.0,1,72,14,0,0
Variant 3,Medium,Service Request,Email,8,5,1.0,0,40,7,1,0
Variant 3,Medium,Performance Issue,Website,8,5,1.0,0,40,0,0,0
Variant 8,Medium,Maintenance,Website,10,3,0.0,0,30,15,0,0
Variant 1,High,Incident,Website,6,3,0.0,0,18,16,0,0
Variant 3,Medium,Performance Issue,Website,8,3,1.0,0,24,14,0,0
Variant 1,Medium,Bug,Website,6,2,0.0,0,12,5,0,0
Variant 1,Low,Incident,Website,6,3,0.0,0,18,13,0,0
Variant 12,Medium,Feature Request,Email,6,3,0.0,0,18,6,1,0
Variant 3,Medium,Performance Issue,Website,8,5,1.0,0,40,16,0,0
Variant 2,Medium,Feature Request,Email,4,2,0.0,1,8,1,1,0
Variant 3,High,Maintenance,Email,8,4,1.0,0,32,2,0,1
Variant 3,Low,Performance Issue,Email,8,5,1.0,0,40,16,1,0
Variant 3,Medium,Maintenance,App,8,4,1.0,0,32,23,0,0
Variant 3,Low,Performance Issue,Email,8,4,1.0,0,32,23,0,0
Variant 7,High,Bug,Phone,15,7,3.0,0,105,2,1,1
Variant 1,Low,Bug,Website,6,3,0.0,0,18,0,0,0
Variant 3,Medium,Feature Request,Website,8,5,1.0,0,40,22,1,0
Variant 10,High,Feature Request,Email,6,4,1.0,1,24,21,0,0
Variant 1,Low,Bug,Website,6,2,0.0,0,12,11,0,0
Variant 1,Medium,Performance Issue,Website,6,3,0.0,0,18,18,1,0
Variant 1,Low,Feature Request,Website,6,3,0.0,0,18,1,0,0
Variant 1,Low,Incident,Email,6,2,0.0,0,12,12,1,0
Variant 1,Low,Bug,Website,6,3,0.0,0,18,13,0,0
Variant 1,Medium,Service Request,Email,6,3,0.0,0,18,17,0,0
Variant 1,Medium,Performance Issue,Website,6,2,0.0,0,12,1,1,0
Variant 3,High,Performance Issue,Website,8,4,1.0,0,32,2,0,0
Variant 1,Medium,Feature Request,Website,6,2,0.0,0,12,18,0,0
Variant 8,Medium,Maintenance,Website,10,3,0.0,0,30,15,0,0
Variant 10,Low,Incident,Email,6,3,1.0,1,18,19,0,0
Variant 3,High,Incident,Website,8,3,1.0,0,24,12,0,0
Variant 11,Low,Service Request,Website,6,3,0.0,0,18,0,0,0
Variant 6,Low,Feature Request,Email,10,6,2.0,0,60,23,0,0
Variant 3,Low,Feature Request,Email,8,3,1.0,0,24,20,1,0
Variant 3,Medium,Service Request,Email,8,4,1.0,0,32,12,1,0
Variant 1,High,Incident,Website,6,3,0.0,0,18,9,0,0
Variant 8,Low,Technical Issue,App,10,3,0.0,0,30,7,1,0
Variant 3,Medium,Performance Issue,Email,8,5,1.0,0,40,8,0,0
Variant 3,Medium,Service Request,Website,8,4,1.0,0,32,20,0,0
Variant 2,High,Maintenance,Email,4,3,0.0,1,12,10,1,0
Variant 1,Medium,Bug,Website,6,2,0.0,0,12,22,0,0
Variant 3,Low,Service Request,Website,8,3,1.0,0,24,2,0,0
Variant 3,Medium,Incident,Phone,8,5,1.0,0,40,19,0,0
Variant 9,Medium,Performance Issue,Email,10,4,1.0,0,40,3,0,0
Variant 5,High,Incident,Website,12,6,1.0,1,72,14,1,1
Variant 3,Medium,Incident,Website,8,4,1.0,0,32,3,0,0
Variant 10,Low,Feature Request,Website,6,3,1.0,1,18,2,1,0
Variant 5,Medium,Bug,Website,12,4,1.0,1,48,13,0,0
Variant 3,High,Performance Issue,Website,8,5,1.0,0,40,4,0,0
Variant 2,High,Performance Issue,Email,4,3,0.0,1,12,15,1,0
Variant 3,Medium,Performance Issue,Website,8,5,1.0,0,40,20,0,0
Variant 7,Medium,Bug,Email,15,7,3.0,0,105,21,1,0
Variant 2,High,Incident,Website,4,3,0.0,1,12,12,0,0
Variant 3,Medium,Maintenance,Email,8,5,1.0,0,40,23,0,0
Variant 1,Medium,Feature Request,App,6,2,0.0,0,12,14,0,0
Variant 9,Medium,Bug,Website,10,4,1.0,0,40,6,0,0
Variant 9,High,Performance Issue,Email,10,5,1.0,0,50,21,0,1
Variant 4,Low,Service Request,Email,7,4,1.0,0,28,23,0,0
Variant 1,Medium,Performance Issue,Website,6,3,0.0,0,18,0,0,0
Variant 3,Medium,Feature Request,Website,8,5,1.0,0,40,8,0,0
Variant 3,Low,Feature Request,App,8,4,1.0,0,32,21,0,0
Variant 1,High,Feature Request,Email,6,3,0.0,0,18,8,1,0
Variant 5,Medium,Bug,Email,12,5,1.0,1,60,7,1,0
Variant 3,Medium,Feature Request,Website,8,4,1.0,0,32,18,1,0
Variant 3,Medium,Performance Issue,Website,8,6,1.0,0,48,19,0,0
Variant 3,High,Feature Request,Email,8,4,1.0,0,32,1,0,0
Variant 3,High,Performance Issue,Email,8,4,1.0,0,32,21,0,1
Variant 4,Medium,Bug,Website,7,4,1.0,0,28,17,1,0
Variant 3,Medium,Incident,Email,8,4,1.0,0,32,3,0,0
Variant 11,Medium,Performance Issue,Website,6,3,0.0,0,18,9,0,0
Variant 1,Low,Incident,Email,6,3,0.0,0,18,7,0,0
Variant 1,Low,Technical Issue,Email,6,3,0.0,0,18,4,0,0
Variant 1,High,Feature Request,Website,6,3,0.0,0,18,1,0,0
Variant 7,Medium,Bug,Website,15,10,3.0,0,150,14,0,0
Variant 1,Medium,Feature Request,Website,6,3,0.0,0,18,4,0,0
Variant 3,Low,Performance Issue,Email,8,4,1.0,0,32,18,0,0
Variant 1,Medium,Bug,Email,6,3,0.0,0,18,14,0,0
Variant 4,Low,Performance Issue,Website,7,4,1.0,0,28,8,0,0
Variant 3,Low,Performance Issue,Website,8,4,1.0,0,32,21,1,0
Variant 1,Low,Bug,Email,6,3,0.0,0,18,11,0,0
Variant 3,Low,Performance Issue,Website,8,4,1.0,0,32,14,0,0
Variant 3,Medium,Feature Request,Website,8,4,1.0,0,32,4,1,0
Variant 9,Medium,Bug,Email,10,4,1.0,0,40,10,0,0
Variant 3,Medium,Performance Issue,App,8,4,1.0,0,32,21,0,0
Variant 1,Medium,Service Request,Website,6,2,0.0,0,12,19,0,0
Variant 3,Medium,Incident,Email,8,3,1.0,0,24,1,0,0
Variant 11,Low,Feature Request,Email,6,3,0.0,0,18,14,0,0
Variant 5,Medium,Service Request,Website,12,5,1.0,1,60,13,1,0
Variant 1,Medium,Service Request,Website,6,3,0.0,0,18,17,0,0
Variant 1,Medium,Incident,Website,6,3,0.0,0,18,22,0,0
Variant 1,Medium,Feature Request,Email,6,3,0.0,0,18,11,0,0
Variant 3,Low,Service Request,Website,8,4,1.0,0,32,4,1,0
Variant 3,Medium,Performance Issue,Phone,8,5,1.0,0,40,20,1,0
Variant 3,Medium,Service Request,Website,8,5,1.0,0,40,20,0,0
Variant 3,Medium,Performance Issue,Email,8,3,1.0,0,24,21,0,0
Variant 3,Medium,Performance Issue,Email,8,5,1.0,0,40,19,0,0
Variant 5,Medium,Bug,Email,12,4,1.0,1,48,10,0,0
Variant 3,Low,Feature Request,Email,8,5,1.0,0,40,6,0,0
Variant 1,High,Incident,Website,6,3,0.0,0,18,4,0,0
Variant 3,Medium,Performance Issue,Website,8,4,1.0,0,32,10,0,0
Variant 3,Low,Feature Request,Email,8,4,1.0,0,32,10,0,0
Variant 3,Medium,Performance Issue,Website,8,5,1.0,0,40,19,1,0
Variant 3,High,Feature Request,Email,8,4,1.0,0,32,19,1,0
Variant 1,Medium,Bug,Website,6,3,0.0,0,18,22,0,0
Variant 8,Medium,Incident,Email,10,2,0.0,0,20,17,0,0
Variant 13,Medium,Technical Issue,Email,11,4,1.0,0,44,8,0,0
Variant 3,High,Feature Request,Email,8,4,1.0,0,32,0,0,0
Variant 11,Low,Feature Request,Website,6,3,0.0,0,18,8,0,0
Variant 6,Low,Feature Request,Email,10,6,2.0,0,60,8,1,0
Variant 3,Medium,Feature Request,Email,8,5,1.0,0,40,5,0,0
Variant 1,High,Incident,Website,6,3,0.0,0,18,16,0,0
Variant 3,Medium,Maintenance,Website,8,4,1.0,0,32,1,1,0
Variant 1,Low,Feature Request,Website,6,3,0.0,0,18,6,0,0
Variant 3,Low,Performance Issue,Website,8,5,1.0,0,40,10,0,0
Variant 3,Medium,Feature Request,Email,8,5,1.0,0,40,22,1,0
Variant 3,Low,Service Request,Website,8,6,1.0,0,48,23,0,0
Variant 1,Low,Feature Request,Email,6,3,0.0,0,18,18,0,0
Variant 3,Low,Feature Request,Website,8,4,1.0,0,32,5,0,0
Variant 10,High,Feature Request,Website,6,4,1.0,1,24,20,0,0
Variant 3,High,Feature Request,Email,8,5,1.0,0,40,12,0,0
Variant 1,Medium,Feature Request,Email,6,3,0.0,0,18,23,0,0
Variant 3,Medium,Performance Issue,Website,8,4,1.0,0,32,4,0,0
Variant 5,Medium,Incident,Email,12,4,1.0,1,48,7,1,0
Variant 1,Low,Performance Issue,App,6,3,0.0,0,18,9,0,0
Variant 3,Low,Maintenance,Phone,8,5,1.0,0,40,4,1,0
Variant 3,Low,Performance Issue,Website,8,3,1.0,0,24,6,0,0
Variant 4,Medium,Performance Issue,App,7,5,1.0,0,35,19,1,0
Variant 1,Medium,Bug,Website,6,2,0.0,0,12,6,0,0
Variant 3,Low,Performance Issue,Website,8,5,1.0,0,40,17,0,0
Variant 9,Low,Maintenance,Website,10,5,1.0,0,50,6,0,0
Variant 3,Medium,Performance Issue,Website,8,4,1.0,0,32,23,0,0
Variant 1,Medium,Feature Request,Website,6,2,0.0,0,12,4,1,0
Variant 1,Medium,Incident,Website,6,3,0.0,0,18,13,0,0
Variant 1,High,Technical Issue,Website,6,2,0.0,0,12,20,0,0
Variant 3,Medium,Service Request,Website,8,5,1.0,0,40,21,1,0
Variant 3,Low,Service Request,Website,8,4,1.0,0,32,2,0,0
Variant 3,Medium,Service Request,Email,8,6,1.0,0,48,0,0,0
Variant 10,Medium,Bug,Email,6,4,1.0,1,24,3,1,0
Variant 3,High,Performance Issue,Email,8,5,1.0,0,40,12,0,0
Variant 1,High,Feature Request,Email,6,3,0.0,0,18,0,0,0
Variant 1,Medium,Service Request,Website,6,3,0.0,0,18,21,1,0
Variant 6,High,Feature Request,Email,10,5,2.0,0,50,1,0,0
Variant 1,Medium,Feature Request,Email,6,2,0.0,0,12,9,0,0
Variant 3,Medium,Feature Request,Email,8,5,1.0,0,40,19,0,0
Variant 4,Low,Bug,Website,7,5,1.0,0,35,18,0,0
Variant 1,Low,Incident,Website,6,3,0.0,0,18,12,1,0
Variant 1,Low,Service Request,Email,6,2,0.0,0,12,13,0,0
Variant 4,Medium,Performance Issue,Website,7,5,1.0,0,35,2,0,0
Variant 4,Medium,Feature Request,Website,7,4,1.0,0,28,1,0,0
Variant 3,Low,Performance Issue,Email,8,4,1.0,0,32,19,1,0
Variant 4,Low,Incident,Email,7,5,1.0,0,35,23,0,0
Variant 3,High,Service Request,Email,8,5,1.0,0,40,22,0,0
Variant 1,Medium,Feature Request,Website,6,3,0.0,0,18,3,0,0
Variant 3,Low,Incident,Website,8,4,1.0,0,32,3,0,0
Variant 4,High,Performance Issue,Website,7,3,1.0,0,21,3,0,0
Variant 3,High,Incident,Website,8,6,1.0,0,48,9,0,0
Variant 1,Low,Bug,Website,6,3,0.0,0,18,8,0,0
Variant 10,Medium,Bug,Website,6,4,1.0,1,24,23,1,0
Variant 1,Medium,Performance Issue,Email,6,3,0.0,0,18,2,1,0
Variant 1,Low,Bug,Website,6,2,0.0,0,12,3,0,0
Variant 11,Medium,Bug,Website,6,3,0.0,0,18,18,0,0
Variant 2,Medium,Feature Request,Website,4,2,0.0,1,8,21,0,0
Variant 1,Medium,Incident,Email,6,3,0.0,0,18,14,0,0
Variant 1,Medium,Bug,Email,6,2,0.0,0,12,12,0,0
Variant 5,Medium,Performance Issue,Email,12,6,1.0,1,72,10,0,0
Variant 1,Low,Feature Request,Email,6,3,0.0,0,18,14,0,0
Variant 3,Medium,Performance Issue,Website,8,4,1.0,0,32,5,1,0
Variant 9,Medium,Performance Issue,Email,10,3,1.0,0,30,13,1,0
Variant 1,Low,Technical Issue,Website,6,2,0.0,0,12,18,0,0
Variant 3,Low,Feature Request,Website,8,4,1.0,0,32,14,0,0
Variant 3,Medium,Incident,Website,8,5,1.0,0,40,7,1,0
Variant 1,High,Bug,Email,6,2,0.0,0,12,12,1,0
Variant 2,Low,Service Request,Website,4,3,0.0,1,12,23,0,0
Variant 3,Low,Performance Issue,Website,8,4,1.0,0,32,17,0,0
Variant 1,Medium,Performance Issue,Email,6,3,0.0,0,18,0,0,0
Variant 4,High,Bug,Email,7,6,1.0,0,42,3,0,0
Variant 1,Medium,Bug,Website,6,2,0.0,0,12,13,0,0
Variant 8,Medium,Performance Issue,Email,10,3,0.0,0,30,6,0,0
Variant 1,High,Feature Request,Website,6,2,0.0,0,12,11,0,0
Variant 3,Low,Feature Request,Website,8,5,1.0,0,40,11,1,0
Variant 5,Medium,Bug,Website,12,4,1.0,1,48,10,0,0
Variant 3,Low,Maintenance,Website,8,5,1.0,0,40,4,1,0
Variant 11,Medium,Incident,Website,6,3,0.0,0,18,21,0,0
Variant 13,Medium,Performance Issue,Website,11,4,1.0,0,44,17,1,0
Variant 3,Medium,Feature Request,Website,8,5,1.0,0,40,15,1,0
Variant 1,Medium,Service Request,Email,6,3,0.0,0,18,15,0,0
Variant 3,Medium,Feature Request,Website,8,3,1.0,0,24,20,0,0
Variant 3,High,Incident,Email,8,6,1.0,0,48,0,0,0
Variant 1,High,Bug,Email,6,3,0.0,0,18,13,1,0
Variant 1,Medium,Service Request,Email,6,3,0.0,0,18,18,0,0
Variant 11,High,Feature Request,Website,6,3,0.0,0,18,5,0,0
Variant 3,High,Performance Issue,Website,8,4,1.0,0,32,5,1,0
Variant 2,Medium,Service Request,Email,4,3,0.0,1,12,8,0,0
Variant 3,Low,Incident,Phone,8,5,1.0,0,40,18,1,0
Variant 3,Medium,Performance Issue,Website,8,4,1.0,0,32,12,0,0
Variant 4,Medium,Service Request,Phone,7,5,1.0,0,35,3,0,0
Variant 3,High,Feature Request,Website,8,4,1.0,0,32,1,0,0
Variant 1,Low,Performance Issue,Website,6,3,0.0,0,18,17,0,0
Variant 1,High,Technical Issue,Email,6,3,0.0,0,18,23,0,0
Variant 1,Low,Feature Request,App,6,3,0.0,0,18,18,0,0
Variant 1,Low,Incident,Phone,6,2,0.0,0,12,18,0,0
Variant 4,Medium,Service Request,Website,7,4,1.0,0,28,13,0,0
Variant 4,Medium,Feature Request,Website,7,5,1.0,0,35,2,0,0
Variant 1,High,Performance Issue,Email,6,3,0.0,0,18,11,1,0
Variant 1,Low,Feature Request,Email,6,2,0.0,0,12,1,0,0
Variant 3,Low,Performance Issue,Email,8,4,1.0,0,32,6,0,0
Variant 8,High,Incident,Website,10,3,0.0,0,30,10,0,1
Variant 3,High,Feature Request,Email,8,5,1.0,0,40,6,0,1
Variant 1,Medium,Technical Issue,Website,6,3,0.0,0,18,6,0,0
Variant 1,Medium,Performance Issue,Website,6,3,0.0,0,18,14,1,0
Variant 3,Medium,Performance Issue,Email,8,4,1.0,0,32,22,1,0
Variant 3,Low,Performance Issue,Website,8,4,1.0,0,32,13,0,0
Variant 3,High,Service Request,Email,8,5,1.0,0,40,11,1,1
Variant 3,Medium,Maintenance,Email,8,6,1.0,0,48,17,0,0
Variant 10,Medium,Bug,Website,6,3,1.0,1,18,23,0,0
Variant 3,Low,Feature Request,Website,8,5,1.0,0,40,20,1,0
Variant 1,Medium,Maintenance,Website,6,2,0.0,0,12,19,0,0
Variant 1,High,Maintenance,Website,6,3,0.0,0,18,15,1,0
Variant 4,High,Bug,App,7,6,1.0,0,42,21,0,0
Variant 3,Medium,Incident,Website,8,4,1.0,0,32,6,0,0
Variant 3,Low,Performance Issue,Email,8,6,1.0,0,48,20,0,0
Variant 1,Low,Performance Issue,Website,6,3,0.0,0,18,5,1,0
Variant 3,Medium,Maintenance,Email,8,5,1.0,0,40,0,0,0
Variant 3,Low,Performance Issue,Website,8,4,1.0,0,32,0,1,0
Variant 3,High,Performance Issue,Website,8,5,1.0,0,40,23,0,0
Variant 3,High,Performance Issue,Email,8,4,1.0,0,32,12,0,1
Variant 6,Low,Performance Issue,Website,10,6,2.0,0,60,3,0,0
Variant 5,High,Feature Request,Email,12,4,1.0,1,48,0,1,1
Variant 3,High,Maintenance,Phone,8,4,1.0,0,32,9,0,0
Variant 1,Medium,Bug,Website,6,2,0.0,0,12,19,0,0
Variant 5,Low,Bug,Website,12,4,1.0,1,48,11,0,0
Variant 10,Medium,Bug,Email,6,3,1.0,1,18,2,1,0
Variant 3,Medium,Feature Request,Email,8,4,1.0,0,32,5,0,0
Variant 6,Low,Bug,Email,10,7,2.0,0,70,0,0,0
Variant 5,Medium,Bug,Email,12,4,1.0,1,48,4,0,0
Variant 1,Medium,Feature Request,Email,6,2,0.0,0,12,2,0,0
Variant 7,High,Bug,Website,15,9,3.0,0,135,1,1,1
Variant 9,Medium,Feature Request,Email,10,4,1.0,0,40,6,0,0
Variant 10,Low,Maintenance,App,6,3,1.0,1,18,15,0,0
Variant 1,High,Incident,Website,6,3,0.0,0,18,16,0,0
Variant 1,Medium,Service Request,Website,6,3,0.0,0,18,14,0,0
Variant 3,High,Performance Issue,Website,8,5,1.0,0,40,21,0,1
Variant 3,Low,Feature Request,Email,8,4,1.0,0,32,13,0,0
Variant 3,High,Performance Issue,App,8,4,1.0,0,32,10,0,0
Variant 1,High,Service Request,Email,6,2,0.0,0,12,5,0,0
Variant 1,High,Bug,Website,6,3,0.0,0,18,11,1,0
Variant 1,Low,Bug,Email,6,3,0.0,0,18,16,0,0
Variant 2,Medium,Maintenance,Website,4,2,0.0,1,8,2,1,0
Variant 1,High,Bug,Website,6,2,0.0,0,12,18,0,0
Variant 1,High,Performance Issue,Website,6,3,0.0,0,18,2,0,0
Variant 3,High,Feature Request,Website,8,4,1.0,0,32,3,0,0
Variant 7,High,Bug,Website,15,7,3.0,0,105,5,1,1
Variant 3,Low,Maintenance,Website,8,4,1.0,0,32,23,0,0
Variant 2,Medium,Service Request,Email,4,2,0.0,1,8,19,0,0
Variant 1,Low,Feature Request,Website,6,3,0.0,0,18,21,0,0
Variant 1,Medium,Performance Issue,Website,6,2,0.0,0,12,0,0,0
Variant 3,Medium,Performance Issue,Email,8,5,1.0,0,40,9,0,0
Variant 3,Low,Maintenance,Email,8,4,1.0,0,32,20,1,0
Variant 1,Low,Feature Request,Website,6,3,0.0,0,18,16,0,0
Variant 1,Medium,Feature Request,App,6,3,0.0,0,18,20,1,0
Variant 1,High,Bug,Website,6,2,0.0,0,12,20,0,0
Variant 3,Medium,Performance Issue,Email,8,5,1.0,0,40,11,1,0
Variant 11,High,Bug,App,6,3,0.0,0,18,23,1,0
Variant 3,Low,Performance Issue,Website,8,4,1.0,0,32,18,0,0
Variant 11,Low,Bug,Email,6,4,0.0,0,24,21,0,0
Variant 1,High,Bug,Phone,6,3,0.0,0,18,15,0,0
Variant 3,High,Maintenance,Website,8,4,1.0,0,32,15,1,0
Variant 3,High,Performance Issue,Email,8,5,1.0,0,40,14,1,0
Variant 3,Medium,Maintenance,Website,8,5,1.0,0,40,14,0,0
Variant 1,Medium,Bug,Website,6,3,0.0,0,18,5,0,0
Variant 10,Medium,Performance Issue,Website,6,3,1.0,1,18,10,1,0
Variant 1,High,Bug,Website,6,3,0.0,0,18,20,0,0
Variant 1,Medium,Bug,Website,6,3,0.0,0,18,5,0,0
Variant 1,Medium,Feature Request,Email,6,3,0.0,0,18,12,1,0
Variant 1,Medium,Bug,Email,6,3,0.0,0,18,23,0,0
Variant 1,Medium,Performance Issue,Website,6,3,0.0,0,18,0,1,0
Variant 3,High,Performance Issue,Website,8,3,1.0,0,24,0,1,0
Variant 1,Medium,Bug,Website,6,3,0.0,0,18,21,0,0
Variant 8,Medium,Incident,Email,10,3,0.0,0,30,18,0,0
Variant 5,Medium,Incident,Website,12,6,1.0,1,72,2,0,0
Variant 6,Medium,Feature Request,Email,10,7,2.0,0,70,23,1,0
Variant 3,Low,Feature Request,Website,8,3,1.0,0,24,1,0,0
Variant 3,High,Incident,Website,8,4,1.0,0,32,5,0,1
Variant 3,Medium,Performance Issue,Email,8,4,1.0,0,32,5,0,0
Variant 7,Medium,Bug,Website,15,6,3.0,0,90,14,1,0
Variant 3,Low,Performance Issue,Website,8,3,1.0,0,24,9,1,0
Variant 1,Medium,Service Request,Email,6,3,0.0,0,18,2,1,0
Variant 3,Medium,Performance Issue,Website,8,4,1.0,0,32,21,0,0
Variant 1,Low,Bug,Website,6,2,0.0,0,12,13,1,0
Variant 9,Medium,Bug,Website,10,5,1.0,0,50,8,0,0
Variant 6,Medium,Bug,Email,10,8,2.0,0,80,7,1,0
Variant 5,Medium,Bug,Website,12,6,1.0,1,72,9,0,0
Variant 1,Medium,Bug,Email,6,3,0.0,0,18,18,0,0
Variant 8,Medium,Feature Request,Website,10,2,0.0,0,20,22,0,0
Variant 1,Medium,Technical Issue,Email,6,3,0.0,0,18,11,0,0
Variant 3,Medium,Performance Issue,Phone,8,4,1.0,0,32,3,0,0
Variant 3,Medium,Incident,Website,8,5,1.0,0,40,6,0,0
Variant 1,Low,Feature Request,Website,6,2,0.0,0,12,15,0,0
Variant 3,Low,Feature Request,App,8,4,1.0,0,32,9,0,0
Variant 5,Medium,Bug,Email,12,4,1.0,1,48,14,1,0
Variant 7,High,Bug,Website,15,7,3.0,0,105,14,0,1
Variant 3,High,Feature Request,Email,8,4,1.0,0,32,7,0,0
Variant 4,Low,Bug,Email,7,4,1.0,0,28,5,0,0
Variant 3,Low,Performance Issue,Website,8,4,1.0,0,32,0,0,0
Variant 1,High,Bug,Email,6,2,0.0,0,12,6,0,0
Variant 1,High,Technical Issue,Email,6,3,0.0,0,18,5,0,0
Variant 1,Medium,Bug,Phone,6,3,0.0,0,18,2,0,0
Variant 3,Medium,Technical Issue,Email,8,5,1.0,0,40,9,1,0
Variant 3,Medium,Incident,Website,8,5,1.0,0,40,0,0,0
Variant 1,Low,Bug,Email,6,2,0.0,0,12,3,1,0
Variant 3,Low,Feature Request,Email,8,5,1.0,0,40,19,0,0
Variant 3,Low,Incident,Email,8,4,1.0,0,32,16,0,0
Variant 3,High,Incident,Website,8,4,1.0,0,32,0,1,0
Variant 12,Medium,Performance Issue,Email,6,3,0.0,0,18,23,0,0
Variant 3,Low,Incident,Email,8,3,1.0,0,24,19,0,0
Variant 3,Medium,Feature Request,Website,8,4,1.0,0,32,8,1,0
Variant 5,Low,Performance Issue,Website,12,4,1.0,1,48,23,0,0
Variant 4,Medium,Performance Issue,Website,7,5,1.0,0,35,6,0,0
Variant 1,High,Bug,Website,6,3,0.0,0,18,16,0,0
Variant 3,Low,Incident,App,8,5,1.0,0,40,1,0,0
Variant 1,High,Maintenance,Email,6,3,0.0,0,18,19,1,0
Variant 1,Medium,Performance Issue,Email,6,2,0.0,0,12,22,0,0
Variant 3,Medium,Feature Request,Website,8,3,1.0,0,24,15,0,0
Variant 3,Medium,Performance Issue,Website,8,4,1.0,0,32,13,0,0
Variant 1,Low,Performance Issue,Website,6,3,0.0,0,18,19,1,0
Variant 10,High,Feature Request,Email,6,3,1.0,1,18,17,1,0
Variant 4,Low,Maintenance,Website,7,5,1.0,0,35,7,0,0
Variant 1,Medium,Incident,Email,6,3,0.0,0,18,13,0,0
Variant 1,Medium,Maintenance,Website,6,3,0.0,0,18,12,1,0
Variant 1,Low,Service Request,Website,6,3,0.0,0,18,17,0,0
Variant 4,Medium,Technical Issue,Email,7,3,1.0,0,21,23,1,0
Variant 3,Low,Feature Request,Email,8,4,1.0,0,32,20,0,0
Variant 1,Low,Bug,Email,6,3,0.0,0,18,19,0,0
Variant 1,Medium,Incident,Email,6,2,0.0,0,12,11,0,0
Variant 5,Medium,Feature Request,Email,12,4,1.0,1,48,12,0,0
Variant 3,Low,Feature Request,Website,8,5,1.0,0,40,12,0,0
Variant 1,Medium,Performance Issue,Phone,6,2,0.0,0,12,11,1,0
Variant 2,Medium,Performance Issue,Website,4,3,0.0,1,12,10,0,0
Variant 1,High,Bug,Website,6,3,0.0,0,18,12,0,0
Variant 3,Medium,Feature Request,Website,8,3,1.0,0,24,16,1,0
Variant 1,Medium,Feature Request,Website,6,3,0.0,0,18,11,0,0
Variant 1,Medium,Feature Request,Email,6,3,0.0,0,18,20,0,0
Variant 3,High,Technical Issue,Email,8,5,1.0,0,40,11,0,0
Variant 3,Low,Feature Request,Website,8,4,1.0,0,32,4,0,0
Variant 5,Medium,Incident,Website,12,5,1.0,1,60,14,0,0
Variant 10,Low,Feature Request,Website,6,4,1.0,1,24,6,0,0
Variant 3,Medium,Performance Issue,Website,8,5,1.0,0,40,4,0,0
Variant 4,Medium,Technical Issue,Website,7,5,1.0,0,35,21,0,0
Variant 3,Medium,Feature Request,Website,8,5,1.0,0,40,19,0,0
Variant 1,Medium,Technical Issue,Email,6,3,0.0,0,18,18,0,0
Variant 5,Medium,Service Request,Website,12,5,1.0,1,60,22,0,0
Variant 1,Medium,Performance Issue,App,6,3,0.0,0,18,3,0,0
Variant 3,Medium,Incident,Website,8,5,1.0,0,40,6,1,0
Variant 3,Medium,Feature Request,Website,8,4,1.0,0,32,8,0,0
Variant 4,High,Feature Request,Email,7,5,1.0,0,35,9,1,0
Variant 3,Medium,Performance Issue,Email,8,5,1.0,0,40,11,0,0
Variant 1,High,Bug,Website,6,3,0.0,0,18,7,1,0
Variant 3,High,Performance Issue,Email,8,4,1.0,0,32,23,1,1
Variant 13,Medium,Feature Request,Email,11,4,1.0,0,44,17,0,0
Variant 7,Medium,Bug,Email,15,6,3.0,0,90,23,0,0
Variant 1,Low,Feature Request,Website,6,3,0.0,0,18,23,1,0
Variant 9,Medium,Bug,App,10,4,1.0,0,40,10,0,0
Variant 3,Low,Incident,Email,8,4,1.0,0,32,4,1,0
Variant 4,High,Service Request,Website,7,4,1.0,0,28,17,0,0
Variant 3,Medium,Performance Issue,Website,8,5,1.0,0,40,9,0,0
Variant 1,High,Feature Request,Website,6,2,0.0,0,12,15,0,0
Variant 3,High,Service Request,Website,8,5,1.0,0,40,23,1,0
Variant 3,Medium,Performance Issue,Website,8,5,1.0,0,40,14,1,0
Variant 1,Medium,Incident,Email,6,3,0.0,0,18,16,0,0
Variant 3,Low,Incident,Website,8,5,1.0,0,40,16,0,0
Variant 4,Medium,Feature Request,Email,7,4,1.0,0,28,14,1,0
Variant 1,Medium,Technical Issue,Website,6,3,0.0,0,18,7,0,0
Variant 5,High,Performance Issue,Website,12,5,1.0,1,60,9,1,1
Variant 3,Low,Performance Issue,Website,8,6,1.0,0,48,12,0,0
Variant 1,Low,Incident,Website,6,3,0.0,0,18,9,0,0
Variant 3,Low,Incident,Website,8,5,1.0,0,40,6,1,0
Variant 6,Low,Bug,Website,10,7,2.0,0,70,7,1,0
Variant 1,Medium,Performance Issue,Website,6,2,0.0,0,12,21,0,0
Variant 3,Low,Performance Issue,Website,8,4,1.0,0,32,6,0,0
Variant 1,Medium,Incident,Website,6,3,0.0,0,18,5,0,0
Variant 4,High,Performance Issue,Website,7,4,1.0,0,28,22,0,0
Variant 3,Medium,Feature Request,Email,8,3,1.0,0,24,23,0,0
Variant 10,Medium,Bug,Website,6,3,1.0,1,18,11,1,0
Variant 3,Medium,Feature Request,Website,8,4,1.0,0,32,12,0,0
Variant 1,Medium,Bug,Website,6,3,0.0,0,18,5,0,0
Variant 12,Medium,Feature Request,Email,6,3,0.0,0,18,20,0,0
Variant 1,Medium,Feature Request,Email,6,3,0.0,0,18,9,1,0
Variant 1,Low,Bug,Website,6,3,0.0,0,18,6,1,0
Variant 3,Medium,Feature Request,Email,8,4,1.0,0,32,15,1,0
Variant 3,Low,Performance Issue,Email,8,5,1.0,0,40,1,1,0
Variant 1,Medium,Maintenance,Website,6,2,0.0,0,12,9,0,0
Variant 3,Medium,Performance Issue,Website,8,4,1.0,0,32,9,1,0
Variant 13,High,Service Request,Email,11,4,1.0,0,44,7,0,1
Variant 1,Medium,Performance Issue,Email,6,2,0.0,0,12,19,0,0
Variant 3,High,Incident,Email,8,4,1.0,0,32,19,1,0
Variant 10,Low,Incident,Website,6,3,1.0,1,18,22,0,0
Variant 4,Medium,Maintenance,Website,7,5,1.0,0,35,1,0,0
Variant 1,Low,Bug,Website,6,2,0.0,0,12,4,1,0
Variant 3,Medium,Performance Issue,Website,8,4,1.0,0,32,7,1,0
Variant 1,High,Service Request,Website,6,3,0.0,0,18,19,0,0
Variant 3,Low,Performance Issue,Website,8,5,1.0,0,40,17,1,0
Variant 3,Medium,Performance Issue,Email,8,5,1.0,0,40,7,0,0
Variant 7,High,Bug,Email,15,8,3.0,0,120,16,0,1
Variant 1,Medium,Feature Request,Website,6,3,0.0,0,18,21,0,0
Variant 1,Medium,Performance Issue,Email,6,3,0.0,0,18,22,0,0
Variant 3,Medium,Feature Request,Website,8,4,1.0,0,32,13,0,0
Variant 3,Medium,Incident,Email,8,4,1.0,0,32,4,0,0
Variant 1,Low,Incident,Website,6,2,0.0,0,12,8,0,0
Variant 3,High,Feature Request,App,8,4,1.0,0,32,12,0,0
Variant 1,Medium,Incident,Email,6,2,0.0,0,12,0,0,0
Variant 1,Medium,Bug,Email,6,2,0.0,0,12,22,1,0
Variant 3,Medium,Performance Issue,Website,8,3,1.0,0,24,11,1,0
Variant 1,High,Feature Request,Email,6,2,0.0,0,12,2,1,0
Variant 3,Medium,Performance Issue,Website,8,5,1.0,0,40,5,0,0
Variant 3,Medium,Feature Request,App,8,4,1.0,0,32,8,1,0
Variant 1,Low,Bug,Email,6,3,0.0,0,18,0,0,0
Variant 3,Low,Performance Issue,Email,8,5,1.0,0,40,14,0,0
Variant 3,Medium,Performance Issue,Website,8,5,1.0,0,40,0,0,0
Variant 1,Medium,Performance Issue,Website,6,2,0.0,0,12,16,0,0
Variant 3,Low,Feature Request,Website,8,5,1.0,0,40,23,0,0
Variant 3,Medium,Incident,Email,8,5,1.0,0,40,7,0,0
Variant 3,Medium,Performance Issue,Email,8,4,1.0,0,32,1,1,0
Variant 1,Low,Performance Issue,Email,6,2,0.0,0,12,20,0,0
Variant 3,Low,Incident,Website,8,5,1.0,0,40,0,0,0
Variant 3,Low,Performance Issue,Email,8,6,1.0,0,48,0,0,0
Variant 3,Medium,Incident,Website,8,3,1.0,0,24,18,1,0
Variant 4,Low,Performance Issue,Email,7,5,1.0,0,35,8,0,0
Variant 8,Medium,Incident,Website,10,3,0.0,0,30,18,0,0
Variant 1,Medium,Service Request,App,6,3,0.0,0,18,18,0,0
Variant 8,Medium,Feature Request,Email,10,3,0.0,0,30,18,0,0
Variant 8,Medium,Performance Issue,Website,10,3,0.0,0,30,20,0,0
Variant 1,Low,Incident,Phone,6,2,0.0,0,12,12,0,0
Variant 1,Medium,Bug,Website,6,3,0.0,0,18,12,0,0
Variant 3,Medium,Performance Issue,Email,8,6,1.0,0,48,0,0,0
Variant 3,Medium,Performance Issue,Website,8,5,1.0,0,40,2,0,0
Variant 1,Medium,Technical Issue,Website,6,2,0.0,0,12,1,0,0
Variant 3,Medium,Incident,Phone,8,5,1.0,0,40,11,0,0
Variant 1,High,Maintenance,Email,6,2,0.0,0,12,5,0,0
Variant 3,Medium,Performance Issue,Website,8,5,1.0,0,40,10,0,0
Variant 3,Medium,Performance Issue,Website,8,4,1.0,0,32,3,1,0
Variant 1,High,Bug,Website,6,3,0.0,0,18,9,1,0
Variant 5,Medium,Performance Issue,Website,12,4,1.0,1,48,4,0,0
Variant 3,Low,Performance Issue,Website,8,4,1.0,0,32,5,0,0
Variant 3,Medium,Feature Request,Website,8,3,1.0,0,24,8,0,0
Variant 6,Medium,Maintenance,Email,10,6,2.0,0,60,11,1,0
Variant 9,Medium,Bug,Website,10,5,1.0,0,50,6,0,0
Variant 3,Medium,Feature Request,Email,8,5,1.0,0,40,19,0,0
Variant 4,Medium,Incident,Email,7,4,1.0,0,28,16,0,0
Variant 1,Medium,Service Request,Email,6,3,0.0,0,18,9,0,0
Variant 3,High,Maintenance,Website,8,3,1.0,0,24,21,0,0
Variant 3,Low,Performance Issue,Website,8,5,1.0,0,40,19,0,0
Variant 8,Medium,Performance Issue,Website,10,3,0.0,0,30,6,0,0
Variant 6,Medium,Maintenance,Website,10,7,2.0,0,70,14,1,0
Variant 1,Low,Feature Request,Website,6,3,0.0,0,18,3,1,0
Variant 1,Low,Incident,Website,6,3,0.0,0,18,8,0,0
Variant 3,Medium,Performance Issue,Website,8,4,1.0,0,32,10,0,0
Variant 1,Low,Service Request,Email,6,3,0.0,0,18,22,0,0
Variant 3,Medium,Feature Request,Website,8,5,1.0,0,40,15,0,0
Variant 3,High,Incident,Website,8,5,1.0,0,40,6,1,0
Variant 3,Medium,Performance Issue,Website,8,4,1.0,0,32,6,0,0
Variant 3,Medium,Technical Issue,Website,8,4,1.0,0,32,21,0,0
Variant 3,Low,Service Request,Website,8,4,1.0,0,32,22,0,0
Variant 3,High,Maintenance,Email,8,4,1.0,0,32,14,0,0
Variant 8,High,Service Request,Website,10,3,0.0,0,30,4,0,1
Variant 4,High,Service Request,Website,7,5,1.0,0,35,21,1,0
Variant 3,Medium,Feature Request,Website,8,3,1.0,0,24,1,0,0
Variant 3,Low,Performance Issue,Email,8,5,1.0,0,40,20,0,0
Variant 7,Medium,Bug,Website,15,7,3.0,0,105,14,0,0
Variant 3,Medium,Performance Issue,Email,8,5,1.0,0,40,16,0,0
Variant 1,Medium,Incident,Website,6,2,0.0,0,12,22,0,0
Variant 3,Low,Feature Request,Website,8,4,1.0,0,32,21,0,0
Variant 12,Low,Incident,Website,6,3,0.0,0,18,8,0,0
Variant 3,Medium,Performance Issue,App,8,4,1.0,0,32,17,0,0
Variant 1,Medium,Service Request,Website,6,2,0.0,0,12,10,0,0
Variant 3,Medium,Performance Issue,Website,8,5,1.0,0,40,11,0,0
Variant 4,Medium,Incident,Email,7,4,1.0,0,28,13,0,0
Variant 1,Low,Technical Issue,Website,6,3,0.0,0,18,2,0,0
Variant 3,Medium,Feature Request,Website,8,5,1.0,0,40,2,1,0
Variant 3,Medium,Performance Issue,Website,8,5,1.0,0,40,20,0,0
Variant 5,Medium,Incident,Email,12,4,1.0,1,48,2,0,0
Variant 1,Low,Bug,Email,6,3,0.0,0,18,17,1,0
Variant 1,High,Bug,Website,6,3,0.0,0,18,0,0,0
Variant 3,Medium,Performance Issue,Email,8,5,1.0,0,40,1,1,0
Variant 2,High,Bug,Email,4,2,0.0,1,8,15,0,0
Variant 3,High,Performance Issue,Website,8,4,1.0,0,32,16,0,0
Variant 1,High,Bug,Website,6,3,0.0,0,18,4,0,0
Variant 1,Low,Incident,Email,6,3,0.0,0,18,5,0,0
Variant 1,Medium,Service Request,Website,6,2,0.0,0,12,0,1,0
Variant 3,High,Incident,Website,8,5,1.0,0,40,15,1,0
Variant 1,Low,Bug,Email,6,2,0.0,0,12,23,0,0
Variant 1,Low,Service Request,Email,6,2,0.0,0,12,21,0,0
Variant 4,Medium,Feature Request,Website,7,4,1.0,0,28,8,0,0
Variant 5,High,Bug,Website,12,6,1.0,1,72,6,0,1
Variant 3,Low,Feature Request,Website,8,3,1.0,0,24,4,0,0
Variant 1,Medium,Bug,Website,6,3,0.0,0,18,8,1,0
Variant 1,Low,Bug,Email,6,3,0.0,0,18,4,1,0
Variant 9,Medium,Incident,Email,10,5,1.0,0,50,22,0,0
Variant 5,Medium,Feature Request,Email,12,6,1.0,1,72,22,1,0
Variant 8,High,Maintenance,Website,10,3,0.0,0,30,8,0,1
Variant 1,Low,Bug,Website,6,3,0.0,0,18,9,0,0
Variant 1,Medium,Bug,Phone,6,2,0.0,0,12,4,0,0
Variant 3,Low,Performance Issue,Website,8,6,1.0,0,48,13,1,0
Variant 1,Low,Bug,Website,6,3,0.0,0,18,16,0,0
Variant 4,Medium,Bug,Website,7,4,1.0,0,28,1,0,0
Variant 4,High,Feature Request,Email,7,3,1.0,0,21,2,0,0
Variant 7,Medium,Bug,App,15,8,3.0,0,120,15,0,0
Variant 4,Medium,Incident,Website,7,4,1.0,0,28,2,0,0
Variant 3,High,Performance Issue,Phone,8,4,1.0,0,32,6,0,0
Variant 1,Low,Feature Request,Website,6,2,0.0,0,12,14,1,0
Variant 3,Medium,Feature Request,Website,8,4,1.0,0,32,17,0,0
Variant 1,Medium,Service Request,Email,6,3,0.0,0,18,9,0,0
Variant 2,Medium,Feature Request,Email,4,3,0.0,1,12,21,0,0
Variant 1,Medium,Service Request,App,6,3,0.0,0,18,8,0,0
Variant 3,Low,Performance Issue,Website,8,3,1.0,0,24,15,0,0
Variant 3,Low,Performance Issue,Phone,8,5,1.0,0,40,18,0,0
Variant 1,Medium,Bug,Website,6,3,0.0,0,18,18,0,0
Variant 3,Low,Service Request,Email,8,5,1.0,0,40,13,0,0
Variant 1,Low,Incident,Email,6,3,0.0,0,18,15,0,0
Variant 3,Medium,Incident,Website,8,5,1.0,0,40,8,1,0
Variant 4,Medium,Feature Request,Website,7,4,1.0,0,28,21,0,0
Variant 1,Medium,Service Request,Website,6,3,0.0,0,18,16,1,0
Variant 1,Medium,Feature Request,Website,6,3,0.0,0,18,19,0,0
Variant 3,Medium,Feature Request,Email,8,5,1.0,0,40,16,0,0
Variant 3,Low,Incident,Email,8,4,1.0,0,32,15,0,0
Variant 5,High,Bug,Website,12,5,1.0,1,60,20,0,1
Variant 3,Low,Performance Issue,App,8,5,1.0,0,40,17,0,0
Variant 4,Low,Feature Request,Email,7,5,1.0,0,35,14,0,0
Variant 3,Medium,Performance Issue,Email,8,5,1.0,0,40,11,1,0
Variant 1,Medium,Bug,Email,6,3,0.0,0,18,20,1,0
Variant 7,High,Bug,Website,15,7,3.0,0,105,4,0,1
Variant 3,Low,Maintenance,Website,8,5,1.0,0,40,9,0,0
Variant 3,Medium,Incident,Website,8,5,1.0,0,40,10,0,0
Variant 3,Low,Maintenance,Email,8,3,1.0,0,24,16,0,0
Variant 3,Medium,Performance Issue,Website,8,4,1.0,0,32,2,0,0
Variant 2,High,Bug,Website,4,2,0.0,1,8,6,0,0
Variant 3,High,Technical Issue,Email,8,3,1.0,0,24,16,1,0
Variant 1,Low,Bug,Phone,6,3,0.0,0,18,0,1,0
Variant 2,Low,Bug,Website,4,3,0.0,1,12,12,0,0
Variant 3,Low,Feature Request,Email,8,6,1.0,0,48,22,0,0
Variant 3,High,Performance Issue,Website,8,5,1.0,0,40,21,0,1
Variant 3,Medium,Technical Issue,Email,8,4,1.0,0,32,1,1,0
Variant 3,Low,Performance Issue,Website,8,4,1.0,0,32,13,0,0
Variant 3,High,Incident,Website,8,6,1.0,0,48,3,0,0
Variant 3,High,Performance Issue,Email,8,4,1.0,0,32,19,0,0
Variant 3,Medium,Performance Issue,Email,8,4,1.0,0,32,22,1,0
Variant 1,High,Bug,Website,6,2,0.0,0,12,18,1,0
Variant 9,Medium,Incident,Email,10,5,1.0,0,50,22,0,0
Variant 3,Low,Performance Issue,Website,8,4,1.0,0,32,17,1,0
Variant 1,Medium,Bug,Website,6,2,0.0,0,12,3,0,0
Variant 1,High,Incident,Email,6,3,0.0,0,18,6,0,0
Variant 4,Medium,Incident,Website,7,5,1.0,0,35,6,0,0
Variant 3,Medium,Incident,Email,8,4,1.0,0,32,2,1,0
Variant 4,Low,Bug,Website,7,4,1.0,0,28,20,0,0
Variant 3,Medium,Service Request,Website,8,4,1.0,0,32,4,0,0
Variant 3,Medium,Incident,Email,8,5,1.0,0,40,4,1,0
Variant 3,Medium,Technical Issue,Website,8,4,1.0,0,32,5,0,0
Variant 1,High,Performance Issue,Email,6,3,0.0,0,18,23,0,0
Variant 3,Medium,Feature Request,Email,8,5,1.0,0,40,21,0,0
Variant 4,Medium,Feature Request,Email,7,4,1.0,0,28,0,0,0
Variant 11,High,Service Request,Email,6,3,0.0,0,18,1,0,0
Variant 5,Medium,Feature Request,Website,12,3,1.0,1,36,13,0,0
Variant 3,Medium,Service Request,Email,8,4,1.0,0,32,13,0,0
Variant 1,Medium,Bug,Website,6,3,0.0,0,18,10,1,0
Variant 1,High,Incident,Website,6,3,0.0,0,18,6,0,0
Variant 3,Low,Maintenance,Website,8,5,1.0,0,40,7,0,0
Variant 3,Low,Performance Issue,Email,8,5,1.0,0,40,20,1,0
Variant 2,High,Feature Request,Website,4,3,0.0,1,12,12,1,0
Variant 1,Medium,Performance Issue,Website,6,3,0.0,0,18,3,0,0
Variant 3,Medium,Technical Issue,Website,8,4,1.0,0,32,22,0,0
Variant 3,Low,Performance Issue,Email,8,5,1.0,0,40,16,1,0
Variant 3,High,Performance Issue,Website,8,5,1.0,0,40,8,0,0
Variant 1,Low,Service Request,Email,6,2,0.0,0,12,7,0,0
Variant 4,Medium,Incident,Email,7,6,1.0,0,42,4,0,0
Variant 3,High,Performance Issue,Website,8,3,1.0,0,24,8,0,0
Variant 4,High,Incident,Website,7,5,1.0,0,35,2,0,0
Variant 3,Low,Service Request,Email,8,5,1.0,0,40,13,0,0
Variant 3,Medium,Feature Request,Website,8,4,1.0,0,32,5,1,0
Variant 7,High,Bug,Website,15,5,3.0,0,75,16,0,1
Variant 3,High,Performance Issue,Website,8,5,1.0,0,40,7,0,1
Variant 3,Medium,Incident,Email,8,5,1.0,0,40,17,1,0
Variant 3,Low,Performance Issue,Website,8,4,1.0,0,32,19,1,0
Variant 6,Medium,Performance Issue,Email,10,6,2.0,0,60,6,1,0
Variant 1,Low,Bug,Website,6,2,0.0,0,12,7,1,0
Variant 2,Medium,Technical Issue,Website,4,3,0.0,1,12,23,0,0
Variant 8,Low,Performance Issue,Email,10,3,0.0,0,30,2,0,0
Variant 1,Medium,Performance Issue,Website,6,2,0.0,0,12,20,0,0
Variant 11,Low,Bug,Website,6,2,0.0,0,12,19,0,0
Variant 3,Low,Performance Issue,App,8,4,1.0,0,32,12,1,0
Variant 13,Medium,Bug,Website,11,4,1.0,0,44,11,1,0
Variant 8,Medium,Bug,Website,10,3,0.0,0,30,1,1,0
Variant 3,Low,Service Request,Website,8,4,1.0,0,32,14,1,0
Variant 3,Low,Performance Issue,Website,8,4,1.0,0,32,19,0,0
Variant 3,Low,Service Request,Website,8,5,1.0,0,40,11,0,0
Variant 1,Medium,Feature Request,Website,6,3,0.0,0,18,12,1,0
Variant 3,Low,Performance Issue,Email,8,4,1.0,0,32,6,1,0
Variant 1,Medium,Bug,Email,6,3,0.0,0,18,17,1,0
Variant 11,Medium,Bug,Email,6,3,0.0,0,18,12,0,0
Variant 1,Medium,Feature Request,Email,6,2,0.0,0,12,15,1,0
Variant 1,Medium,Bug,Email,6,2,0.0,0,12,1,0,0
Variant 3,Medium,Feature Request,App,8,3,1.0,0,24,2,0,0
Variant 3,Low,Performance Issue,Email,8,5,1.0,0,40,22,0,0
Variant 1,Low,Performance Issue,Website,6,3,0.0,0,18,2,1,0
Variant 1,Low,Bug,Email,6,3,0.0,0,18,7,0,0
Variant 3,Medium,Technical Issue,Website,8,5,1.0,0,40,22,0,0
Variant 3,Medium,Performance Issue,Website,8,4,1.0,0,32,1,0,0
Variant 4,Low,Feature Request,Website,7,5,1.0,0,35,18,0,0
Variant 1,Medium,Bug,Phone,6,3,0.0,0,18,8,0,0
Variant 1,Medium,Performance Issue,Website,6,2,0.0,0,12,10,0,0
Variant 3,High,Feature Request,Email,8,4,1.0,0,32,9,1,0
Variant 3,Low,Performance Issue,Website,8,6,1.0,0,48,23,1,0
Variant 3,Low,Technical Issue,Website,8,5,1.0,0,40,6,0,0
Variant 1,Low,Maintenance,Email,6,2,0.0,0,12,9,0,0
Variant 3,High,Technical Issue,Email,8,4,1.0,0,32,14,0,0
Variant 8,Medium,Service Request,Website,10,3,0.0,0,30,12,0,0
Variant 1,Low,Bug,App,6,3,0.0,0,18,19,1,0
Variant 5,Medium,Performance Issue,Website,12,4,1.0,1,48,17,1,0
Variant 3,Low,Service Request,Website,8,4,1.0,0,32,18,0,0
Variant 3,Low,Performance Issue,Email,8,5,1.0,0,40,13,1,0
Variant 12,Medium,Bug,App,6,4,0.0,0,24,8,0,0
Variant 3,High,Performance Issue,Website,8,4,1.0,0,32,14,0,0
Variant 3,Low,Maintenance,Website,8,5,1.0,0,40,16,0,0
Variant 1,Medium,Feature Request,Website,6,3,0.0,0,18,3,1,0
Variant 6,Low,Incident,Email,10,6,2.0,0,60,21,0,0
Variant 2,Low,Incident,Website,4,2,0.0,1,8,22,1,0
Variant 3,High,Feature Request,Website,8,5,1.0,0,40,23,0,0
Variant 4,High,Maintenance,Email,7,5,1.0,0,35,19,0,0
Variant 3,Medium,Performance Issue,App,8,3,1.0,0,24,0,1,0
Variant 3,High,Service Request,Email,8,4,1.0,0,32,0,1,0
Variant 1,High,Bug,Website,6,3,0.0,0,18,23,0,0
Variant 1,Medium,Technical Issue,Website,6,2,0.0,0,12,7,0,0
Variant 1,Medium,Feature Request,Website,6,3,0.0,0,18,23,1,0
Variant 1,Medium,Performance Issue,App,6,3,0.0,0,18,8,1,0
Variant 4,High,Service Request,Website,7,4,1.0,0,28,16,0,0
Variant 4,High,Incident,Email,7,4,1.0,0,28,15,1,0
Variant 1,Medium,Bug,Website,6,3,0.0,0,18,4,0,0
Variant 3,Medium,Performance Issue,Phone,8,6,1.0,0,48,2,0,0
Variant 1,High,Service Request,Website,6,2,0.0,0,12,17,0,0
Variant 3,High,Feature Request,Website,8,5,1.0,0,40,16,1,1
Variant 1,High,Feature Request,Website,6,3,0.0,0,18,21,0,0
Variant 1,Low,Incident,Email,6,2,0.0,0,12,19,0,0
Variant 3,High,Performance Issue,Website,8,5,1.0,0,40,16,0,0
Variant 3,Low,Feature Request,Website,8,5,1.0,0,40,4,1,0
Variant 5,Low,Feature Request,Website,12,6,1.0,1,72,13,0,0
Variant 3,High,Performance Issue,Website,8,4,1.0,0,32,5,0,0
Variant 3,Medium,Service Request,App,8,6,1.0,0,48,23,1,0
Variant 1,High,Performance Issue,Website,6,2,0.0,0,12,22,0,0
Variant 11,High,Performance Issue,Website,6,3,0.0,0,18,18,1,0
Variant 8,Medium,Technical Issue,Website,10,3,0.0,0,30,17,1,0
Variant 13,Medium,Performance Issue,Website,11,4,1.0,0,44,9,0,0
Variant 10,Medium,Incident,Phone,6,3,1.0,1,18,3,0,0
Variant 3,Low,Performance Issue,Website,8,3,1.0,0,24,19,0,0
Variant 3,Low,Performance Issue,Email,8,5,1.0,0,40,19,1,0
Variant 3,Medium,Incident,Website,8,5,1.0,0,40,20,0,0
Variant 1,Medium,Technical Issue,Website,6,3,0.0,0,18,9,1,0
Variant 3,High,Service Request,Email,8,4,1.0,0,32,13,0,0
Variant 1,High,Bug,Email,6,2,0.0,0,12,21,0,0
Variant 3,Medium,Incident,Email,8,3,1.0,0,24,2,0,0
Variant 1,High,Feature Request,Website,6,2,0.0,0,12,16,0,0
Variant 3,High,Performance Issue,Email,8,4,1.0,0,32,6,1,0
Variant 1,Medium,Performance Issue,Email,6,2,0.0,0,12,12,0,0
Variant 3,Low,Performance Issue,Website,8,4,1.0,0,32,5,0,0
Variant 4,Low,Incident,Website,7,5,1.0,0,35,11,1,0
Variant 7,High,Bug,Website,15,8,3.0,0,120,7,0,1
Variant 10,Low,Bug,Website,6,4,1.0,1,24,6,1,0
Variant 3,Medium,Service Request,Website,8,3,1.0,0,24,16,0,0
Variant 1,Medium,Incident,Website,6,3,0.0,0,18,19,0,0
Variant 4,High,Incident,Website,7,4,1.0,0,28,22,1,0
Variant 7,High,Bug,Email,15,8,3.0,0,120,10,0,1
Variant 3,Low,Feature Request,Phone,8,4,1.0,0,32,6,1,0
Variant 3,Low,Technical Issue,Email,8,5,1.0,0,40,8,0,0
Variant 1,High,Bug,Email,6,3,0.0,0,18,1,0,0
Variant 3,Medium,Incident,Email,8,5,1.0,0,40,20,0,0
Variant 1,High,Service Request,Website,6,3,0.0,0,18,17,0,0
Variant 4,Medium,Bug,Email,7,4,1.0,0,28,3,1,0
Variant 6,High,Incident,App,10,6,2.0,0,60,13,0,1
Variant 3,High,Performance Issue,Website,8,5,1.0,0,40,19,0,0
Variant 11,Low,Service Request,Website,6,4,0.0,0,24,23,0,0
Variant 1,High,Feature Request,Website,6,3,0.0,0,18,19,0,0
Variant 3,High,Service Request,Email,8,4,1.0,0,32,21,1,0
Variant 1,Low,Technical Issue,Website,6,2,0.0,0,12,0,0,0
Variant 1,High,Bug,Website,6,3,0.0,0,18,6,0,0
Variant 4,Low,Incident,Email,7,5,1.0,0,35,12,1,0
Variant 3,Low,Feature Request,Email,8,5,1.0,0,40,16,0,0
Variant 3,High,Maintenance,Website,8,5,1.0,0,40,1,0,0
Variant 9,Medium,Incident,Website,10,5,1.0,0,50,2,0,0
Variant 1,Medium,Performance Issue,Website,6,3,0.0,0,18,9,0,0
Variant 1,High,Performance Issue,App,6,3,0.0,0,18,23,0,0
Variant 7,Medium,Bug,Email,15,8,3.0,0,120,11,0,1
Variant 3,Low,Technical Issue,Website,8,3,1.0,0,24,4,0,0
Variant 3,Medium,Feature Request,Email,8,5,1.0,0,40,8,0,0
Variant 3,Medium,Feature Request,Website,8,4,1.0,0,32,16,0,0
Variant 1,Low,Feature Request,Website,6,3,0.0,0,18,15,1,0
Variant 2,Medium,Bug,Website,4,2,0.0,1,8,18,0,0
Variant 1,Low,Performance Issue,Website,6,3,0.0,0,18,8,0,0
Variant 1,Medium,Incident,Website,6,2,0.0,0,12,10,0,0
Variant 7,Medium,Bug,Email,15,7,3.0,0,105,23,0,0
Variant 6,Low,Feature Request,Email,10,8,2.0,0,80,10,0,0
Variant 3,Medium,Feature Request,Website,8,5,1.0,0,40,23,0,0
Variant 7,High,Bug,Website,15,8,3.0,0,120,16,0,1
Variant 4,Medium,Incident,Website,7,5,1.0,0,35,4,1,0
Variant 1,High,Service Request,Email,6,3,0.0,0,18,5,0,0
Variant 3,Low,Technical Issue,Email,8,4,1.0,0,32,4,1,0
Variant 1,Medium,Bug,Phone,6,3,0.0,0,18,1,0,0
Variant 3,Medium,Maintenance,Website,8,4,1.0,0,32,8,0,0
Variant 1,High,Feature Request,Email,6,3,0.0,0,18,6,1,0
Variant 4,Medium,Incident,Email,7,3,1.0,0,21,3,0,0
Variant 3,Medium,Service Request,Website,8,4,1.0,0,32,2,1,0
Variant 9,High,Performance Issue,Website,10,5,1.0,0,50,15,0,1
Variant 1,Medium,Feature Request,Website,6,3,0.0,0,18,6,0,0
Variant 6,High,Maintenance,Phone,10,8,2.0,0,80,19,0,0
Variant 3,Low,Technical Issue,Email,8,5,1.0,0,40,20,0,0
Variant 1,High,Bug,Phone,6,3,0.0,0,18,11,0,0
Variant 3,Medium,Feature Request,Email,8,3,1.0,0,24,19,0,0
Variant 3,High,Feature Request,App,8,5,1.0,0,40,7,0,0
Variant 3,Medium,Feature Request,Website,8,5,1.0,0,40,2,1,0
Variant 3,High,Incident,Website,8,4,1.0,0,32,3,0,0
Variant 3,Medium,Performance Issue,Website,8,6,1.0,0,48,0,0,0
Variant 13,Medium,Service Request,Website,11,5,1.0,0,55,12,0,0
Variant 3,Medium,Technical Issue,Website,8,5,1.0,0,40,1,0,0
Variant 10,High,Performance Issue,Email,6,3,1.0,1,18,3,1,0
Variant 7,Medium,Bug,Email,15,7,3.0,0,105,22,1,0
Variant 8,High,Feature Request,Website,10,3,0.0,0,30,1,0,0
Variant 3,Medium,Feature Request,Website,8,4,1.0,0,32,4,0,0
Variant 4,Medium,Bug,Email,7,5,1.0,0,35,11,0,0
Variant 1,Low,Bug,Website,6,2,0.0,0,12,3,0,0
Variant 6,Medium,Incident,App,10,5,2.0,0,50,16,1,0
Variant 1,Low,Performance Issue,Email,6,2,0.0,0,12,1,0,0
Variant 3,Low,Performance Issue,Email,8,4,1.0,0,32,8,0,0
Variant 1,Medium,Performance Issue,Email,6,2,0.0,0,12,16,1,0
Variant 3,Low,Incident,Email,8,4,1.0,0,32,21,1,0
Variant 3,High,Performance Issue,Website,8,6,1.0,0,48,22,0,0
Variant 4,High,Incident,Website,7,4,1.0,0,28,16,1,0
Variant 1,Low,Incident,Website,6,2,0.0,0,12,3,0,0
Variant 1,Low,Incident,Email,6,2,0.0,0,12,10,0,0
Variant 1,Medium,Feature Request,Website,6,3,0.0,0,18,2,0,0
Variant 3,Medium,Performance Issue,Website,8,5,1.0,0,40,15,0,0
Variant 3,Low,Performance Issue,Website,8,4,1.0,0,32,16,1,0
Variant 3,Medium,Performance Issue,Phone,8,5,1.0,0,40,0,0,0
Variant 3,Medium,Feature Request,Email,8,4,1.0,0,32,18,0,0
Variant 1,Medium,Feature Request,Website,6,3,0.0,0,18,16,0,0
Variant 3,Low,Feature Request,Website,8,6,1.0,0,48,18,1,0
Variant 6,Medium,Performance Issue,App,10,7,2.0,0,70,19,0,0
Variant 8,Medium,Maintenance,Website,10,3,0.0,0,30,10,0,0
Variant 3,Low,Feature Request,Email,8,4,1.0,0,32,5,0,0
Variant 3,Medium,Service Request,App,8,4,1.0,0,32,20,1,0
Variant 1,Low,Performance Issue,Phone,6,3,0.0,0,18,11,0,0
Variant 3,Medium,Feature Request,Email,8,4,1.0,0,32,2,0,0
Variant 3,Medium,Performance Issue,Website,8,5,1.0,0,40,10,1,0
Variant 3,Medium,Performance Issue,Email,8,5,1.0,0,40,4,0,0
Variant 1,High,Incident,Website,6,3,0.0,0,18,2,0,0
Variant 4,Medium,Incident,Website,7,4,1.0,0,28,20,0,0
Variant 3,Low,Performance Issue,Email,8,3,1.0,0,24,7,0,0
Variant 1,Medium,Technical Issue,Email,6,2,0.0,0,12,17,0,0
Variant 3,Medium,Performance Issue,Email,8,4,1.0,0,32,5,0,0
Variant 4,Medium,Performance Issue,Website,7,4,1.0,0,28,23,0,0
Variant 5,Medium,Feature Request,Email,12,5,1.0,1,60,12,0,0
Variant 3,Medium,Performance Issue,Email,8,4,1.0,0,32,11,1,0
Variant 4,Low,Incident,Email,7,5,1.0,0,35,15,0,0
Variant 3,Medium,Performance Issue,Website,8,5,1.0,0,40,20,0,0
Variant 11,Low,Bug,Website,6,2,0.0,0,12,14,1,0
Variant 3,Medium,Incident,Website,8,3,1.0,0,24,8,1,0
Variant 4,Medium,Feature Request,Website,7,5,1.0,0,35,19,0,0
Variant 1,High,Feature Request,Website,6,3,0.0,0,18,3,0,0
Variant 1,Medium,Feature Request,Website,6,2,0.0,0,12,8,0,0
Variant 3,Medium,Performance Issue,Website,8,5,1.0,0,40,0,0,0
Variant 1,Low,Bug,Website,6,3,0.0,0,18,2,0,0
Variant 1,Low,Maintenance,Email,6,3,0.0,0,18,6,0,0
Variant 6,Low,Incident,Email,10,5,2.0,0,50,23,0,0
Variant 1,Medium,Feature Request,App,6,3,0.0,0,18,16,0,0
Variant 1,Low,Technical Issue,Email,6,3,0.0,0,18,5,1,0
Variant 1,Medium,Feature Request,Website,6,2,0.0,0,12,7,0,0
Variant 3,High,Feature Request,Website,8,5,1.0,0,40,15,0,0
Variant 5,Medium,Feature Request,Website,12,5,1.0,1,60,15,0,0
Variant 3,Low,Feature Request,Email,8,6,1.0,0,48,3,0,0
Variant 3,Medium,Performance Issue,Website,8,5,1.0,0,40,14,0,0
Variant 3,Medium,Performance Issue,Website,8,4,1.0,0,32,0,0,0
Variant 3,High,Performance Issue,Website,8,5,1.0,0,40,13,0,0
Variant 1,Low,Maintenance,App,6,3,0.0,0,18,6,1,0
Variant 1,Medium,Feature Request,Email,6,2,0.0,0,12,19,0,0
Variant 1,Medium,Bug,Website,6,3,0.0,0,18,1,0,0
Variant 3,Medium,Performance Issue,Website,8,5,1.0,0,40,18,1,0
Variant 3,Low,Performance Issue,Email,8,4,1.0,0,32,21,0,0
Variant 3,Medium,Performance Issue,Website,8,4,1.0,0,32,10,0,0
Variant 1,Medium,Feature Request,Email,6,3,0.0,0,18,22,1,0
Variant 4,Low,Bug,Email,7,3,1.0,0,21,5,1,0
Variant 13,High,Bug,Website,11,5,1.0,0,55,13,0,1
Variant 6,Medium,Bug,Website,10,5,2.0,0,50,18,1,0
Variant 5,High,Incident,Website,12,4,1.0,1,48,10,1,1
Variant 3,Medium,Feature Request,Website,8,5,1.0,0,40,22,1,0
Variant 1,Low,Technical Issue,Website,6,3,0.0,0,18,11,1,0
Variant 1,High,Bug,App,6,2,0.0,0,12,2,1,0
Variant 1,Low,Bug,Email,6,2,0.0,0,12,9,1,0
Variant 3,Medium,Maintenance,Website,8,5,1.0,0,40,3,1,0
Variant 3,Low,Performance Issue,Email,8,5,1.0,0,40,10,0,0
Variant 10,Low,Feature Request,Email,6,3,1.0,1,18,9,0,0
Variant 7,Medium,Bug,Email,15,7,3.0,0,105,8,1,0
Variant 3,Medium,Incident,Website,8,5,1.0,0,40,6,0,0
Variant 1,Low,Bug,Website,6,2,0.0,0,12,12,1,0
Variant 6,Low,Incident,Website,10,7,2.0,0,70,6,1,0
Variant 8,Medium,Feature Request,App,10,3,0.0,0,30,22,0,0
Variant 3,Medium,Feature Request,Website,8,5,1.0,0,40,3,1,0
Variant 1,Medium,Feature Request,Email,6,2,0.0,0,12,11,0,0
Variant 3,Low,Performance Issue,Email,8,3,1.0,0,24,4,0,0
Variant 5,Low,Incident,Phone,12,6,1.0,1,72,2,0,0
Variant 3,High,Service Request,App,8,3,1.0,0,24,6,0,0
Variant 1,High,Feature Request,Website,6,3,0.0,0,18,20,0,0
Variant 3,Low,Performance Issue,Website,8,4,1.0,0,32,3,1,0
Variant 3,Low,Service Request,Email,8,4,1.0,0,32,0,0,0
Variant 1,Low,Service Request,Phone,6,2,0.0,0,12,19,1,0
Variant 1,High,Incident,Email,6,3,0.0,0,18,18,0,0
Variant 3,High,Feature Request,Phone,8,3,1.0,0,24,17,1,0
Variant 1,Medium,Performance Issue,Email,6,3,0.0,0,18,5,1,0
Variant 3,Medium,Feature Request,Website,8,4,1.0,0,32,12,1,0
Variant 6,Low,Incident,Website,10,7,2.0,0,70,23,1,0
Variant 4,Low,Bug,Email,7,4,1.0,0,28,16,1,0
Variant 1,Low,Bug,Email,6,2,0.0,0,12,4,0,0
Variant 1,Medium,Technical Issue,Website,6,3,0.0,0,18,20,0,0
Variant 3,Medium,Incident,Website,8,4,1.0,0,32,23,1,0
Variant 3,Medium,Performance Issue,Website,8,4,1.0,0,32,10,0,0
Variant 3,Medium,Performance Issue,Website,8,5,1.0,0,40,17,0,0
Variant 3,Medium,Incident,Website,8,5,1.0,0,40,19,0,0
Variant 1,Low,Performance Issue,Website,6,3,0.0,0,18,9,1,0
Variant 5,Medium,Performance Issue,App,12,4,1.0,1,48,17,0,0
Variant 8,Low,Bug,Website,10,3,0.0,0,30,1,1,0
Variant 2,High,Incident,Website,4,3,0.0,1,12,15,0,0
Variant 3,Medium,Service Request,Website,8,4,1.0,0,32,20,0,0
Variant 7,Medium,Bug,Email,15,7,3.0,0,105,10,0,0
Variant 13,High,Technical Issue,Email,11,4,1.0,0,44,17,0,1
Variant 7,Medium,Bug,Email,15,9,3.0,0,135,21,1,0
Variant 3,Medium,Maintenance,Email,8,4,1.0,0,32,1,1,0
Variant 11,Medium,Bug,Email,6,3,0.0,0,18,5,0,0
Variant 3,Low,Performance Issue,Website,8,5,1.0,0,40,20,0,0
Variant 3,Medium,Feature Request,Website,8,4,1.0,0,32,18,1,0
Variant 8,Low,Incident,Email,10,3,0.0,0,30,11,0,0
Variant 4,Medium,Bug,App,7,4,1.0,0,28,16,0,0
Variant 2,Low,Bug,Website,4,2,0.0,1,8,12,0,0
Variant 1,High,Incident,Website,6,3,0.0,0,18,11,0,0
Variant 3,High,Performance Issue,Email,8,4,1.0,0,32,20,0,1
Variant 5,High,Feature Request,Website,12,5,1.0,1,60,15,1,1
Variant 3,Medium,Performance Issue,Website,8,5,1.0,0,40,7,0,0
Variant 1,Low,Technical Issue,Website,6,2,0.0,0,12,18,0,0
Variant 1,Medium,Bug,Email,6,3,0.0,0,18,17,1,0
Variant 3,Medium,Performance Issue,Email,8,4,1.0,0,32,0,0,0
Variant 7,Medium,Bug,Website,15,9,3.0,0,135,9,0,0
Variant 3,Medium,Technical Issue,Email,8,4,1.0,0,32,15,0,0
Variant 3,Medium,Performance Issue,Email,8,5,1.0,0,40,2,1,0
Variant 5,Medium,Technical Issue,Email,12,5,1.0,1,60,4,0,0
Variant 8,Low,Bug,App,10,3,0.0,0,30,5,0,0
Variant 8,Medium,Performance Issue,Website,10,3,0.0,0,30,2,0,0
Variant 3,High,Performance Issue,Website,8,5,1.0,0,40,23,0,1
Variant 1,Medium,Service Request,Email,6,2,0.0,0,12,11,0,0
Variant 1,Medium,Incident,Website,6,2,0.0,0,12,4,1,0
Variant 3,Low,Service Request,Email,8,4,1.0,0,32,2,0,0
Variant 3,Medium,Incident,App,8,4,1.0,0,32,11,0,0
Variant 3,High,Performance Issue,Website,8,4,1.0,0,32,23,0,0
Variant 4,High,Performance Issue,Website,7,4,1.0,0,28,14,0,0
Variant 3,Medium,Maintenance,Email,8,3,1.0,0,24,7,0,0
Variant 5,Medium,Feature Request,Website,12,4,1.0,1,48,8,1,0
Variant 3,Low,Performance Issue,Email,8,4,1.0,0,32,12,0,0
Variant 3,High,Feature Request,Website,8,3,1.0,0,24,21,0,0
Variant 3,High,Feature Request,Email,8,5,1.0,0,40,18,1,0
Variant 1,Low,Technical Issue,Website,6,3,0.0,0,18,11,0,0
Variant 3,Medium,Performance Issue,Website,8,4,1.0,0,32,9,1,0
Variant 3,High,Feature Request,Email,8,5,1.0,0,40,9,1,1
Variant 3,Medium,Incident,Email,8,5,1.0,0,40,5,0,0
Variant 4,Medium,Technical Issue,Website,7,3,1.0,0,21,1,0,0
Variant 11,High,Incident,Email,6,3,0.0,0,18,16,0,0
Variant 1,Medium,Incident,Email,6,3,0.0,0,18,0,0,0
Variant 3,Low,Performance Issue,Website,8,4,1.0,0,32,19,0,0
Variant 3,High,Incident,Website,8,5,1.0,0,40,17,0,0
Variant 1,Medium,Bug,Email,6,3,0.0,0,18,6,0,0
Variant 1,Medium,Bug,Email,6,3,0.0,0,18,9,0,0
Variant 3,High,Service Request,Email,8,4,1.0,0,32,3,0,0
Variant 11,High,Performance Issue,Website,6,3,0.0,0,18,23,0,0
Variant 3,High,Performance Issue,Website,8,5,1.0,0,40,5,1,0
Variant 7,High,Bug,Website,15,8,3.0,0,120,9,0,0
Variant 3,High,Performance Issue,Website,8,3,1.0,0,24,7,1,0
Variant 3,Medium,Incident,Website,8,4,1.0,0,32,4,1,0
Variant 1,Medium,Maintenance,Website,6,3,0.0,0,18,13,0,0
Variant 3,Low,Performance Issue,Website,8,5,1.0,0,40,18,0,0
Variant 1,High,Service Request,Website,6,3,0.0,0,18,14,0,0
Variant 9,Medium,Bug,Website,10,4,1.0,0,40,5,0,0
Variant 1,Medium,Technical Issue,App,6,2,0.0,0,12,7,0,0
Variant 3,Low,Service Request,Email,8,4,1.0,0,32,3,1,0
Variant 1,Medium,Incident,Website,6,3,0.0,0,18,13,0,0
Variant 3,High,Performance Issue,Website,8,3,1.0,0,24,5,0,0
Variant 3,Medium,Feature Request,Website,8,4,1.0,0,32,3,0,0
Variant 3,High,Incident,Website,8,5,1.0,0,40,2,0,0
Variant 3,High,Incident,Email,8,5,1.0,0,40,11,1,0
Variant 1,Medium,Bug,Email,6,3,0.0,0,18,17,0,0
Variant 3,Medium,Service Request,Email,8,5,1.0,0,40,18,0,0
Variant 1,Medium,Performance Issue,Email,6,3,0.0,0,18,6,0,0
Variant 3,High,Maintenance,App,8,5,1.0,0,40,10,0,0
Variant 4,Low,Bug,Email,7,4,1.0,0,28,20,0,0
Variant 4,Low,Incident,Email,7,5,1.0,0,35,22,1,0
Variant 3,Low,Feature Request,App,8,4,1.0,0,32,5,1,0
Variant 1,Low,Bug,Email,6,2,0.0,0,12,22,0,0
Variant 1,Medium,Incident,Website,6,3,0.0,0,18,2,1,0
Variant 1,High,Performance Issue,Email,6,3,0.0,0,18,6,0,0
Variant 3,High,Maintenance,Website,8,5,1.0,0,40,10,0,0
Variant 13,Medium,Performance Issue,App,11,6,1.0,0,66,2,0,0
Variant 1,Low,Bug,Website,6,2,0.0,0,12,2,0,0
Variant 7,High,Bug,Website,15,10,3.0,0,150,2,0,1
Variant 5,Medium,Bug,Email,12,4,1.0,1,48,16,1,0
Variant 3,Medium,Performance Issue,Email,8,4,1.0,0,32,3,0,0
Variant 11,High,Feature Request,Website,6,3,0.0,0,18,12,0,0
Variant 1,Medium,Feature Request,Email,6,3,0.0,0,18,2,0,0
Variant 4,Medium,Technical Issue,Website,7,4,1.0,0,28,6,0,0
Variant 1,Medium,Service Request,Website,6,3,0.0,0,18,12,0,0
Variant 4,High,Feature Request,Website,7,5,1.0,0,35,14,1,0
Variant 1,Medium,Technical Issue,Website,6,3,0.0,0,18,7,0,0
Variant 1,Medium,Performance Issue,Email,6,3,0.0,0,18,10,0,0
Variant 1,Medium,Performance Issue,Email,6,2,0.0,0,12,14,0,0
Variant 4,Medium,Feature Request,Website,7,5,1.0,0,35,18,0,0
Variant 4,High,Performance Issue,Website,7,5,1.0,0,35,11,0,0
Variant 3,Medium,Performance Issue,Website,8,6,1.0,0,48,3,0,0
Variant 12,Medium,Feature Request,Email,6,3,0.0,0,18,8,0,0
Variant 1,Low,Feature Request,Website,6,2,0.0,0,12,6,0,0
Variant 3,Medium,Performance Issue,App,8,5,1.0,0,40,4,1,0
Variant 3,Low,Performance Issue,App,8,6,1.0,0,48,2,1,0
Variant 1,Medium,Bug,Email,6,3,0.0,0,18,0,0,0
Variant 5,Medium,Technical Issue,Website,12,5,1.0,1,60,16,0,0
Variant 1,High,Bug,Website,6,3,0.0,0,18,18,1,0
Variant 1,High,Feature Request,Website,6,3,0.0,0,18,13,1,0
Variant 3,Low,Feature Request,Website,8,3,1.0,0,24,5,1,0
Variant 3,Medium,Performance Issue,Email,8,5,1.0,0,40,12,0,0
Variant 3,Medium,Performance Issue,Website,8,4,1.0,0,32,20,0,0
Variant 10,Medium,Feature Request,Website,6,4,1.0,1,24,7,0,0
Variant 8,Medium,Service Request,Email,10,3,0.0,0,30,1,0,0
Variant 3,Low,Performance Issue,Email,8,4,1.0,0,32,10,0,0
Variant 6,Low,Feature Request,Website,10,7,2.0,0,70,5,0,0
Variant 7,Medium,Bug,Website,15,9,3.0,0,135,9,0,0
Variant 3,Medium,Feature Request,App,8,4,1.0,0,32,19,1,0
Variant 3,High,Performance Issue,Website,8,5,1.0,0,40,1,0,0
Variant 4,Low,Feature Request,Website,7,4,1.0,0,28,14,0,0
Variant 6,Medium,Maintenance,Email,10,6,2.0,0,60,17,1,0
Variant 1,Medium,Feature Request,Website,6,2,0.0,0,12,11,0,0
Variant 11,Medium,Bug,Website,6,3,0.0,0,18,20,0,0
Variant 11,Medium,Feature Request,Email,6,4,0.0,0,24,8,0,0
Variant 3,Medium,Performance Issue,Website,8,6,1.0,0,48,23,0,0
Variant 3,Low,Incident,Email,8,4,1.0,0,32,0,0,0
Variant 3,Medium,Performance Issue,Email,8,3,1.0,0,24,13,0,0
Variant 9,Medium,Bug,App,10,4,1.0,0,40,1,0,0
Variant 5,High,Service Request,Website,12,5,1.0,1,60,17,1,1
Variant 1,High,Performance Issue,Website,6,3,0.0,0,18,12,0,0
Variant 3,Low,Performance Issue,App,8,5,1.0,0,40,9,0,0
Variant 4,Medium,Service Request,Website,7,5,1.0,0,35,20,0,0
Variant 7,Medium,Bug,Website,15,7,3.0,0,105,18,1,0
Variant 1,Low,Technical Issue,Website,6,2,0.0,0,12,4,0,0
Variant 4,Medium,Maintenance,Email,7,3,1.0,0,21,22,0,0
Variant 1,Medium,Bug,Website,6,3,0.0,0,18,10,0,0
Variant 5,Medium,Service Request,Website,12,5,1.0,1,60,10,0,0
Variant 3,Low,Feature Request,Email,8,4,1.0,0,32,16,0,0
Variant 1,Low,Incident,Website,6,3,0.0,0,18,8,0,0
Variant 3,Medium,Service Request,App,8,4,1.0,0,32,10,1,0
Variant 5,High,Bug,Website,12,6,1.0,1,72,1,1,1
Variant 3,High,Service Request,Email,8,4,1.0,0,32,7,1,0
Variant 11,Low,Service Request,Email,6,3,0.0,0,18,13,1,0
Variant 1,Medium,Bug,Website,6,3,0.0,0,18,2,1,0
Variant 1,Medium,Performance Issue,Email,6,3,0.0,0,18,17,0,0
Variant 3,Medium,Performance Issue,Email,8,5,1.0,0,40,10,0,0
Variant 11,Medium,Incident,Website,6,3,0.0,0,18,23,0,0
Variant 3,High,Performance Issue,Email,8,4,1.0,0,32,11,1,0
Variant 5,Medium,Bug,Email,12,4,1.0,1,48,1,0,0
Variant 1,Medium,Performance Issue,Website,6,2,0.0,0,12,10,0,0
Variant 6,Medium,Bug,Website,10,7,2.0,0,70,21,0,0
Variant 1,Low,Feature Request,Website,6,3,0.0,0,18,14,0,0
Variant 3,Low,Performance Issue,Website,8,4,1.0,0,32,1,0,0
Variant 1,High,Service Request,App,6,3,0.0,0,18,18,1,0
Variant 1,High,Feature Request,Website,6,3,0.0,0,18,5,0,0
Variant 10,Medium,Feature Request,App,6,3,1.0,1,18,21,1,0
Variant 3,Low,Maintenance,Email,8,5,1.0,0,40,22,0,0
Variant 4,Low,Performance Issue,Website,7,3,1.0,0,21,5,0,0
Variant 3,Low,Technical Issue,Website,8,4,1.0,0,32,2,1,0
Variant 11,High,Performance Issue,Website,6,3,0.0,0,18,1,0,0
Variant 3,High,Performance Issue,App,8,5,1.0,0,40,16,0,0
Variant 7,High,Bug,Email,15,8,3.0,0,120,20,0,1
Variant 2,Medium,Bug,Website,4,2,0.0,1,8,3,0,0
Variant 3,Medium,Performance Issue,Email,8,5,1.0,0,40,10,1,0
Variant 3,Low,Feature Request,Phone,8,3,1.0,0,24,18,1,0
Variant 3,High,Performance Issue,Website,8,5,1.0,0,40,18,0,0
Variant 3,High,Feature Request,Website,8,4,1.0,0,32,0,1,0
Variant 3,High,Performance Issue,Website,8,4,1.0,0,32,19,0,0
Variant 9,Medium,Bug,Website,10,5,1.0,0,50,22,0,0
Variant 3,High,Performance Issue,Website,8,4,1.0,0,32,23,0,0
Variant 1,High,Feature Request,Email,6,3,0.0,0,18,12,0,0
Variant 1,Low,Bug,Website,6,2,0.0,0,12,7,1,0
Variant 1,Medium,Bug,Website,6,2,0.0,0,12,10,1,0
Variant 1,Low,Bug,Email,6,3,0.0,0,18,22,0,0
Variant 10,Medium,Bug,App,6,3,1.0,1,18,8,1,0
Variant 3,Medium,Performance Issue,Website,8,3,1.0,0,24,6,0,0
Variant 3,Low,Performance Issue,Email,8,5,1.0,0,40,8,0,0
Variant 7,High,Bug,Email,15,10,3.0,0,150,15,0,1
Variant 3,Low,Performance Issue,Phone,8,4,1.0,0,32,23,0,0
Variant 1,Medium,Feature Request,Email,6,3,0.0,0,18,8,0,0
Variant 3,Medium,Feature Request,Website,8,4,1.0,0,32,20,0,0
Variant 1,High,Incident,Email,6,3,0.0,0,18,12,0,0
Variant 10,High,Incident,Website,6,3,1.0,1,18,13,0,0
Variant 3,Medium,Performance Issue,Email,8,5,1.0,0,40,6,0,0
Variant 1,High,Incident,Website,6,3,0.0,0,18,20,0,0
Variant 1,Low,Technical Issue,Website,6,3,0.0,0,18,23,0,0
Variant 3,Low,Maintenance,Email,8,5,1.0,0,40,5,0,0
Variant 3,Medium,Feature Request,Email,8,6,1.0,0,48,11,0,0
Variant 3,Medium,Performance Issue,Website,8,5,1.0,0,40,2,0,0
Variant 1,Medium,Bug,Website,6,3,0.0,0,18,17,0,0
Variant 3,High,Performance Issue,Website,8,3,1.0,0,24,15,0,0
Variant 3,Low,Performance Issue,Website,8,5,1.0,0,40,19,0,0
Variant 3,High,Maintenance,Website,8,4,1.0,0,32,21,0,0
Variant 3,Low,Incident,Email,8,5,1.0,0,40,11,0,0
Variant 3,Medium,Incident,Website,8,5,1.0,0,40,20,0,0
Variant 2,Medium,Feature Request,Email,4,2,0.0,1,8,9,0,0
Variant 3,Medium,Feature Request,Email,8,4,1.0,0,32,15,0,0
Variant 4,Medium,Service Request,Website,7,5,1.0,0,35,1,1,0
Variant 6,Medium,Maintenance,Website,10,5,2.0,0,50,22,0,0
Variant 1,High,Service Request,Website,6,3,0.0,0,18,18,0,0
Variant 1,High,Feature Request,Email,6,3,0.0,0,18,18,0,0
Variant 1,Medium,Incident,Email,6,3,0.0,0,18,19,0,0
Variant 1,Medium,Bug,Website,6,2,0.0,0,12,14,0,0
Variant 5,High,Service Request,Email,12,6,1.0,1,72,18,0,1
Variant 3,Medium,Performance Issue,Email,8,4,1.0,0,32,4,0,0
Variant 1,Low,Performance Issue,Email,6,3,0.0,0,18,14,0,0
Variant 3,Medium,Performance Issue,Website,8,5,1.0,0,40,7,1,0
Variant 1,Low,Bug,Website,6,2,0.0,0,12,20,0,0
Variant 13,Medium,Performance Issue,Website,11,4,1.0,0,44,6,0,0
Variant 3,Low,Feature Request,Website,8,5,1.0,0,40,18,1,0
Variant 10,Medium,Maintenance,Website,6,3,1.0,1,18,1,1,0
Variant 1,Medium,Incident,Email,6,3,0.0,0,18,22,0,0
Variant 3,Medium,Incident,Email,8,5,1.0,0,40,22,0,0
Variant 3,Low,Feature Request,Website,8,4,1.0,0,32,10,1,0
Variant 3,Medium,Maintenance,Website,8,5,1.0,0,40,18,0,0
Variant 3,Low,Maintenance,Website,8,5,1.0,0,40,19,0,0
Variant 1,Low,Bug,Website,6,3,0.0,0,18,0,1,0
Variant 1,Medium,Service Request,Website,6,3,0.0,0,18,18,0,0
Variant 1,High,Feature Request,Website,6,3,0.0,0,18,23,1,0
Variant 4,Low,Feature Request,Email,7,5,1.0,0,35,9,1,0
Variant 3,Medium,Performance Issue,Website,8,4,1.0,0,32,2,0,0
Variant 1,High,Feature Request,Website,6,3,0.0,0,18,5,1,0
Variant 3,Low,Service Request,Email,8,5,1.0,0,40,4,0,0
Variant 3,Medium,Performance Issue,App,8,4,1.0,0,32,8,1,0
Variant 8,Medium,Performance Issue,Website,10,2,0.0,0,20,7,0,0
Variant 1,Medium,Service Request,Website,6,3,0.0,0,18,10,0,0
Variant 1,Low,Bug,Website,6,2,0.0,0,12,3,1,0
Variant 3,Medium,Service Request,Website,8,5,1.0,0,40,7,0,0
Variant 3,Low,Performance Issue,Website,8,6,1.0,0,48,18,0,0
Variant 3,Medium,Feature Request,Email,8,4,1.0,0,32,20,0,0
Variant 1,Medium,Performance Issue,Website,6,2,0.0,0,12,14,0,0
Variant 3,Medium,Performance Issue,Email,8,3,1.0,0,24,22,0,0
Variant 1,Medium,Performance Issue,App,6,2,0.0,0,12,18,1,0
Variant 3,Medium,Service Request,Website,8,4,1.0,0,32,11,0,0
Variant 4,Medium,Incident,App,7,4,1.0,0,28,22,0,0
Variant 3,Low,Performance Issue,Website,8,5,1.0,0,40,10,0,0
Variant 1,Medium,Maintenance,Website,6,2,0.0,0,12,7,0,0
Variant 4,Low,Incident,Phone,7,5,1.0,0,35,2,0,0
Variant 4,Low,Feature Request,Website,7,4,1.0,0,28,14,0,0
Variant 3,Low,Feature Request,Website,8,5,1.0,0,40,18,0,0
Variant 1,Medium,Bug,Website,6,2,0.0,0,12,13,0,0
Variant 5,Medium,Bug,Email,12,4,1.0,1,48,22,1,0
Variant 3,Low,Feature Request,Website,8,4,1.0,0,32,3,0,0
Variant 4,Medium,Incident,App,7,6,1.0,0,42,20,0,0
Variant 8,High,Performance Issue,Email,10,3,0.0,0,30,22,0,1
Variant 4,Medium,Feature Request,Website,7,6,1.0,0,42,12,0,0
Variant 12,Medium,Performance Issue,Website,6,3,0.0,0,18,7,1,0
Variant 3,Low,Performance Issue,Email,8,4,1.0,0,32,6,0,0
Variant 4,Low,Bug,Email,7,4,1.0,0,28,5,1,0
Variant 11,Medium,Performance Issue,Email,6,3,0.0,0,18,6,0,0
Variant 1,Medium,Service Request,Email,6,3,0.0,0,18,21,0,0
Variant 3,Medium,Performance Issue,Email,8,4,1.0,0,32,4,1,0
Variant 3,Medium,Performance Issue,Website,8,5,1.0,0,40,23,1,0
Variant 3,Medium,Service Request,Email,8,6,1.0,0,48,11,0,0
Variant 4,Medium,Bug,Phone,7,5,1.0,0,35,16,0,0
Variant 10,Medium,Technical Issue,Website,6,3,1.0,1,18,2,0,0
Variant 3,Medium,Performance Issue,Website,8,4,1.0,0,32,14,0,0
Variant 1,High,Technical Issue,Email,6,3,0.0,0,18,10,1,0
Variant 1,Medium,Bug,Email,6,2,0.0,0,12,22,0,0
Variant 1,Medium,Incident,Website,6,3,0.0,0,18,10,0,0
Variant 3,Medium,Performance Issue,Website,8,3,1.0,0,24,22,1,0
Variant 3,Medium,Performance Issue,Email,8,6,1.0,0,48,10,0,0
Variant 1,Low,Service Request,Website,6,3,0.0,0,18,18,0,0
Variant 1,Medium,Bug,Website,6,3,0.0,0,18,1,0,0
Variant 3,Medium,Technical Issue,Website,8,4,1.0,0,32,21,0,0
Variant 1,Medium,Technical Issue,App,6,2,0.0,0,12,17,1,0
Variant 3,Low,Maintenance,Email,8,5,1.0,0,40,10,0,0
Variant 3,Medium,Feature Request,Email,8,6,1.0,0,48,1,0,0
Variant 5,Low,Performance Issue,Website,12,4,1.0,1,48,5,0,0
Variant 3,Low,Performance Issue,Email,8,5,1.0,0,40,8,0,0
Variant 10,High,Bug,Website,6,4,1.0,1,24,8,0,0
Variant 2,Medium,Incident,Website,4,3,0.0,1,12,21,0,0
Variant 1,Medium,Feature Request,Website,6,3,0.0,0,18,9,1,0
Variant 8,Medium,Performance Issue,Email,10,2,0.0,0,20,11,0,0
Variant 3,Low,Feature Request,App,8,4,1.0,0,32,16,1,0
Variant 1,Low,Technical Issue,Email,6,2,0.0,0,12,11,0,0
Variant 1,High,Bug,Email,6,3,0.0,0,18,17,0,0
Variant 4,Medium,Incident,Phone,7,4,1.0,0,28,17,0,0
Variant 3,Medium,Performance Issue,Email,8,5,1.0,0,40,8,1,0
Variant 1,Low,Incident,Website,6,3,0.0,0,18,15,0,0
Variant 3,Medium,Service Request,Website,8,4,1.0,0,32,0,1,0
Variant 7,High,Bug,Email,15,7,3.0,0,105,19,1,1
Variant 4,High,Maintenance,Website,7,4,1.0,0,28,10,0,0
Variant 1,Medium,Feature Request,Email,6,3,0.0,0,18,4,1,0
Variant 1,Low,Performance Issue,Email,6,3,0.0,0,18,7,0,0
Variant 1,Low,Service Request,Website,6,3,0.0,0,18,22,0,0
Variant 1,Low,Performance Issue,Website,6,3,0.0,0,18,17,0,0
Variant 1,Medium,Bug,Website,6,3,0.0,0,18,9,0,0
Variant 7,Medium,Bug,Website,15,6,3.0,0,90,2,0,0
Variant 1,Low,Feature Request,Website,6,3,0.0,0,18,7,1,0
Variant 3,Medium,Performance Issue,Website,8,5,1.0,0,40,19,1,0
Variant 11,Medium,Service Request,Email,6,3,0.0,0,18,19,0,0
Variant 6,Medium,Bug,Website,10,6,2.0,0,60,23,0,0
Variant 3,Low,Feature Request,Email,8,4,1.0,0,32,14,0,0
Variant 1,High,Performance Issue,Website,6,3,0.0,0,18,20,0,0
Variant 10,Medium,Performance Issue,Website,6,3,1.0,1,18,3,0,0
Variant 1,Medium,Performance Issue,Website,6,3,0.0,0,18,16,0,0
Variant 3,Medium,Technical Issue,Email,8,4,1.0,0,32,21,1,0
Variant 1,Low,Feature Request,Email,6,3,0.0,0,18,19,0,0
Variant 3,Low,Maintenance,Email,8,4,1.0,0,32,2,1,0
Variant 7,High,Bug,Email,15,8,3.0,0,120,23,0,1
Variant 3,Medium,Performance Issue,Website,8,6,1.0,0,48,4,0,0
Variant 1,Medium,Bug,Website,6,3,0.0,0,18,2,1,0
Variant 3,Low,Performance Issue,Email,8,5,1.0,0,40,15,0,0
Variant 3,Low,Performance Issue,Website,8,3,1.0,0,24,16,1,0
Variant 3,Low,Performance Issue,Website,8,4,1.0,0,32,17,0,0
Variant 1,Medium,Maintenance,Website,6,3,0.0,0,18,7,1,0
Variant 3,Medium,Performance Issue,Website,8,5,1.0,0,40,14,0,0
Variant 8,Medium,Feature Request,Website,10,3,0.0,0,30,15,0,0
Variant 3,High,Technical Issue,Email,8,4,1.0,0,32,21,0,1
Variant 4,Medium,Technical Issue,Email,7,4,1.0,0,28,11,0,0
Variant 1,Medium,Service Request,Phone,6,2,0.0,0,12,2,0,0
Variant 1,High,Bug,App,6,3,0.0,0,18,0,0,0
Variant 3,High,Performance Issue,App,8,5,1.0,0,40,4,0,0
Variant 5,Medium,Technical Issue,Email,12,4,1.0,1,48,9,0,0
Variant 3,Low,Technical Issue,Website,8,5,1.0,0,40,1,0,0
Variant 1,Medium,Bug,Email,6,2,0.0,0,12,5,0,0
Variant 1,Medium,Bug,App,6,3,0.0,0,18,14,1,0
Variant 3,Low,Feature Request,Website,8,4,1.0,0,32,11,0,0
Variant 3,High,Performance Issue,Website,8,4,1.0,0,32,8,0,0
Variant 3,High,Incident,App,8,5,1.0,0,40,18,0,0
Variant 3,High,Maintenance,Website,8,5,1.0,0,40,11,0,0
Variant 1,Medium,Bug,Website,6,3,0.0,0,18,12,0,0
Variant 4,High,Bug,Phone,7,4,1.0,0,28,0,0,0
Variant 3,Medium,Performance Issue,Email,8,5,1.0,0,40,1,1,0
Variant 12,High,Performance Issue,Website,6,2,0.0,0,12,20,0,0
Variant 3,Low,Feature Request,Website,8,3,1.0,0,24,1,1,0
Variant 4,Low,Performance Issue,App,7,4,1.0,0,28,3,0,0
Variant 3,High,Incident,Website,8,5,1.0,0,40,13,0,0
Variant 9,Medium,Incident,Email,10,4,1.0,0,40,11,1,0
Variant 3,Medium,Performance Issue,Email,8,6,1.0,0,48,8,0,0
Variant 1,Medium,Bug,Website,6,2,0.0,0,12,19,0,0
Variant 3,Medium,Performance Issue,Website,8,5,1.0,0,40,0,0,0
Variant 1,High,Incident,Website,6,3,0.0,0,18,5,0,0
Variant 3,Medium,Performance Issue,Email,8,4,1.0,0,32,12,1,0
Variant 3,Medium,Incident,Website,8,5,1.0,0,40,18,0,0
Variant 11,Low,Incident,Website,6,3,0.0,0,18,14,0,0
Variant 8,High,Performance Issue,Email,10,3,0.0,0,30,6,0,1
Variant 3,Medium,Performance Issue,Website,8,5,1.0,0,40,9,1,0
Variant 2,Medium,Bug,Email,4,2,0.0,1,8,18,0,0
Variant 1,Medium,Incident,App,6,3,0.0,0,18,7,0,0
Variant 3,Medium,Feature Request,Email,8,5,1.0,0,40,18,1,0
Variant 1,Low,Technical Issue,Website,6,2,0.0,0,12,10,0,0
Variant 3,Medium,Performance Issue,Website,8,5,1.0,0,40,20,1,0
Variant 9,High,Bug,Website,10,5,1.0,0,50,14,0,1
Variant 3,Low,Incident,Website,8,5,1.0,0,40,12,0,0
Variant 1,Medium,Feature Request,Website,6,3,0.0,0,18,8,0,0
Variant 1,Medium,Service Request,Phone,6,3,0.0,0,18,10,1,0
Variant 1,Medium,Bug,Website,6,3,0.0,0,18,21,0,0
Variant 3,Low,Technical Issue,Website,8,5,1.0,0,40,7,0,0
Variant 4,Medium,Performance Issue,Website,7,5,1.0,0,35,2,1,0
Variant 3,Medium,Performance Issue,Website,8,4,1.0,0,32,15,0,0
Variant 3,Low,Performance Issue,Email,8,4,1.0,0,32,19,0,0
Variant 3,High,Performance Issue,Website,8,4,1.0,0,32,23,0,0
Variant 3,Medium,Technical Issue,Email,8,3,1.0,0,24,4,0,0
Variant 1,Low,Service Request,Email,6,2,0.0,0,12,14,1,0
Variant 1,Medium,Bug,App,6,3,0.0,0,18,5,1,0
Variant 7,High,Bug,Website,15,6,3.0,0,90,23,1,1
Variant 4,High,Feature Request,Email,7,4,1.0,0,28,13,0,0
Variant 3,Low,Incident,Email,8,5,1.0,0,40,0,0,0
Variant 3,Medium,Feature Request,Website,8,4,1.0,0,32,2,0,0
Variant 4,High,Bug,Website,7,4,1.0,0,28,19,0,0
Variant 9,High,Service Request,App,10,4,1.0,0,40,2,1,1
Variant 13,Low,Feature Request,Email,11,4,1.0,0,44,10,0,0
Variant 3,Medium,Incident,App,8,4,1.0,0,32,22,0,0
Variant 3,Medium,Feature Request,Website,8,4,1.0,0,32,1,1,0
Variant 3,Medium,Performance Issue,Website,8,4,1.0,0,32,21,0,0
Variant 3,High,Performance Issue,Website,8,5,1.0,0,40,16,0,1
Variant 1,Medium,Service Request,Website,6,2,0.0,0,12,7,0,0
Variant 4,Medium,Bug,Email,7,5,1.0,0,35,23,0,0
Variant 1,Low,Service Request,Website,6,2,0.0,0,12,12,1,0
Variant 4,Medium,Service Request,Phone,7,3,1.0,0,21,2,0,0
Variant 3,High,Performance Issue,Website,8,5,1.0,0,40,3,0,0
Variant 1,Medium,Performance Issue,Website,6,3,0.0,0,18,12,0,0
Variant 1,Low,Service Request,Phone,6,2,0.0,0,12,10,0,0
Variant 3,Medium,Performance Issue,Website,8,5,1.0,0,40,19,1,0
Variant 1,High,Bug,Website,6,3,0.0,0,18,0,0,0
Variant 3,Medium,Feature Request,Website,8,4,1.0,0,32,22,0,0
Variant 1,High,Service Request,Email,6,3,0.0,0,18,15,0,0
Variant 3,High,Performance Issue,Website,8,5,1.0,0,40,3,1,0
Variant 3,Medium,Feature Request,Website,8,5,1.0,0,40,5,0,0
Variant 1,High,Feature Request,Website,6,2,0.0,0,12,17,1,0
Variant 1,Medium,Feature Request,Website,6,3,0.0,0,18,19,0,0
Variant 1,Low,Feature Request,Email,6,3,0.0,0,18,16,0,0
Variant 1,High,Service Request,Website,6,3,0.0,0,18,5,0,0
Variant 3,Medium,Incident,Website,8,4,1.0,0,32,15,0,0
Variant 1,Low,Bug,Website,6,2,0.0,0,12,0,0,0
Variant 11,Medium,Bug,Email,6,4,0.0,0,24,10,1,0
Variant 4,Medium,Service Request,App,7,5,1.0,0,35,6,0,0
Variant 3,Medium,Feature Request,Email,8,5,1.0,0,40,8,0,0
Variant 3,Low,Performance Issue,Email,8,5,1.0,0,40,18,0,0
Variant 3,Medium,Maintenance,Email,8,4,1.0,0,32,20,1,0
Variant 1,High,Incident,Website,6,3,0.0,0,18,17,0,0
Variant 2,Low,Technical Issue,Website,4,2,0.0,1,8,16,0,0
Variant 3,High,Performance Issue,Website,8,5,1.0,0,40,8,1,0
Variant 1,Medium,Bug,Website,6,3,0.0,0,18,3,0,0
Variant 3,Medium,Performance Issue,Email,8,3,1.0,0,24,7,0,0
Variant 4,Medium,Technical Issue,Website,7,5,1.0,0,35,10,0,0
Variant 3,High,Performance Issue,Website,8,4,1.0,0,32,6,1,0
Variant 3,Medium,Performance Issue,Website,8,4,1.0,0,32,2,0,0
Variant 1,Low,Feature Request,Website,6,2,0.0,0,12,19,0,0
Variant 1,Low,Technical Issue,Website,6,3,0.0,0,18,14,0,0
Variant 3,Low,Technical Issue,Website,8,4,1.0,0,32,23,0,0
Variant 3,High,Performance Issue,Website,8,4,1.0,0,32,4,1,0
Variant 3,Medium,Feature Request,Website,8,4,1.0,0,32,12,0,0
Variant 3,Medium,Performance Issue,Website,8,5,1.0,0,40,2,0,0
Variant 13,High,Incident,Email,11,5,1.0,0,55,6,0,1
Variant 3,Low,Performance Issue,Website,8,5,1.0,0,40,9,0,0
Variant 4,Low,Feature Request,Website,7,4,1.0,0,28,23,0,0
Variant 7,Medium,Bug,Website,15,8,3.0,0,120,1,0,0
Variant 10,High,Feature Request,Email,6,4,1.0,1,24,19,1,0
Variant 7,Medium,Bug,Website,15,7,3.0,0,105,22,0,1
Variant 3,Medium,Performance Issue,Website,8,5,1.0,0,40,12,0,0
Variant 1,High,Incident,App,6,3,0.0,0,18,12,0,0
Variant 6,Medium,Incident,Website,10,7,2.0,0,70,16,0,0
Variant 1,High,Performance Issue,Website,6,3,0.0,0,18,6,0,0
Variant 7,Medium,Bug,Website,15,6,3.0,0,90,23,0,0
Variant 3,Low,Performance Issue,Website,8,4,1.0,0,32,15,0,0
Variant 3,Low,Performance Issue,Website,8,4,1.0,0,32,13,1,0
Variant 5,Medium,Incident,Website,12,6,1.0,1,72,10,0,0
Variant 2,Low,Feature Request,Email,4,2,0.0,1,8,9,0,0
Variant 3,High,Performance Issue,Website,8,5,1.0,0,40,21,1,0
Variant 1,Low,Bug,Website,6,2,0.0,0,12,0,0,0
Variant 7,Medium,Bug,Website,15,8,3.0,0,120,20,0,0
Variant 3,High,Incident,Website,8,5,1.0,0,40,7,1,0
Variant 3,Low,Performance Issue,Website,8,5,1.0,0,40,19,1,0
Variant 3,Medium,Incident,Website,8,5,1.0,0,40,6,1,0
Variant 3,Medium,Incident,Website,8,4,1.0,0,32,16,0,0
Variant 1,Medium,Service Request,Website,6,3,0.0,0,18,8,1,0
Variant 3,Medium,Incident,Email,8,4,1.0,0,32,10,0,0
Variant 1,Medium,Bug,Website,6,3,0.0,0,18,12,0,0
Variant 3,Low,Performance Issue,App,8,4,1.0,0,32,22,1,0
Variant 3,Low,Performance Issue,Email,8,5,1.0,0,40,5,0,0
Variant 7,Medium,Bug,App,15,7,3.0,0,105,12,0,0
Variant 5,High,Incident,Website,12,4,1.0,1,48,16,0,1
Variant 1,Medium,Incident,Website,6,2,0.0,0,12,8,1,0
Variant 3,Medium,Feature Request,Website,8,5,1.0,0,40,17,1,0
Variant 3,High,Performance Issue,Website,8,6,1.0,0,48,11,0,0
Variant 1,Low,Incident,App,6,2,0.0,0,12,21,0,0
Variant 11,Low,Performance Issue,Website,6,2,0.0,0,12,2,0,0
Variant 3,Medium,Performance Issue,Email,8,4,1.0,0,32,10,1,0
Variant 1,High,Feature Request,Website,6,2,0.0,0,12,16,0,0
Variant 3,Medium,Performance Issue,Website,8,4,1.0,0,32,22,0,0
Variant 3,Medium,Feature Request,Website,8,5,1.0,0,40,22,0,0
Variant 1,High,Bug,Website,6,3,0.0,0,18,3,1,0
Variant 4,Low,Bug,Email,7,3,1.0,0,21,1,0,0
Variant 3,Medium,Performance Issue,Email,8,5,1.0,0,40,8,0,0
Variant 5,Medium,Performance Issue,Website,12,5,1.0,1,60,12,0,0
Variant 3,Low,Performance Issue,App,8,5,1.0,0,40,22,0,0
Variant 5,High,Bug,Email,12,5,1.0,1,60,11,0,1
Variant 1,High,Feature Request,Website,6,3,0.0,0,18,10,1,0
Variant 1,Low,Feature Request,Website,6,3,0.0,0,18,9,0,0
Variant 1,Medium,Feature Request,Email,6,2,0.0,0,12,3,1,0
Variant 4,Medium,Bug,Email,7,5,1.0,0,35,4,0,0
Variant 3,Medium,Performance Issue,Email,8,4,1.0,0,32,4,0,0
Variant 11,Medium,Service Request,Website,6,4,0.0,0,24,8,0,0
Variant 8,Low,Bug,App,10,3,0.0,0,30,20,0,0
Variant 1,High,Service Request,App,6,2,0.0,0,12,0,0,0
Variant 3,Medium,Service Request,App,8,5,1.0,0,40,22,0,0
Variant 3,High,Performance Issue,Website,8,4,1.0,0,32,11,0,0
Variant 3,High,Incident,App,8,5,1.0,0,40,5,1,0
Variant 3,Medium,Service Request,Email,8,4,1.0,0,32,9,0,0
Variant 4,Low,Service Request,Website,7,4,1.0,0,28,4,0,0
Variant 1,Medium,Bug,Website,6,2,0.0,0,12,20,0,0
Variant 1,Medium,Bug,Website,6,2,0.0,0,12,7,0,0
Variant 4,Low,Incident,Website,7,5,1.0,0,35,22,0,0
Variant 11,Medium,Feature Request,Phone,6,2,0.0,0,12,15,0,0
Variant 4,Medium,Feature Request,Website,7,6,1.0,0,42,1,0,0
Variant 3,Medium,Service Request,Website,8,5,1.0,0,40,6,0,0
Variant 4,Medium,Service Request,Website,7,4,1.0,0,28,22,0,0
Variant 4,Medium,Bug,Website,7,4,1.0,0,28,14,0,0
Variant 4,Low,Incident,App,7,5,1.0,0,35,2,0,0
Variant 1,Medium,Incident,Phone,6,3,0.0,0,18,3,0,0
Variant 3,Low,Feature Request,Email,8,5,1.0,0,40,1,0,0
Variant 3,Low,Performance Issue,Email,8,6,1.0,0,48,22,0,0
Variant 5,Medium,Performance Issue,Website,12,4,1.0,1,48,4,0,0
Variant 1,Medium,Feature Request,App,6,3,0.0,0,18,1,0,0
Variant 1,Low,Performance Issue,Website,6,3,0.0,0,18,1,0,0
Variant 5,Medium,Bug,Website,12,5,1.0,1,60,16,0,0
Variant 11,High,Incident,Website,6,3,0.0,0,18,4,1,0
Variant 4,Medium,Feature Request,App,7,5,1.0,0,35,5,0,0
Variant 1,High,Service Request,Phone,6,3,0.0,0,18,14,0,0
Variant 3,Low,Performance Issue,Email,8,4,1.0,0,32,23,0,0
Variant 1,Low,Performance Issue,Phone,6,3,0.0,0,18,20,1,0
Variant 4,High,Bug,Website,7,4,1.0,0,28,13,0,1
Variant 1,Medium,Incident,Email,6,3,0.0,0,18,2,0,0
Variant 3,High,Incident,Website,8,4,1.0,0,32,1,0,0
Variant 3,Medium,Feature Request,Email,8,5,1.0,0,40,13,0,0
Variant 1,High,Incident,Website,6,3,0.0,0,18,2,1,0
Variant 4,Medium,Feature Request,Website,7,4,1.0,0,28,2,1,0
Variant 3,Medium,Performance Issue,Website,8,4,1.0,0,32,8,0,0
Variant 4,Medium,Bug,Website,7,4,1.0,0,28,13,1,0
Variant 1,Medium,Performance Issue,Website,6,3,0.0,0,18,8,0,0
Variant 5,Medium,Incident,Website,12,5,1.0,1,60,3,0,0
Variant 3,Medium,Performance Issue,Email,8,4,1.0,0,32,8,0,0
Variant 3,High,Incident,Website,8,6,1.0,0,48,15,0,0
Variant 1,Low,Bug,Email,6,3,0.0,0,18,22,0,0
Variant 3,Medium,Performance Issue,Website,8,6,1.0,0,48,18,1,0
Variant 1,Medium,Feature Request,Email,6,3,0.0,0,18,0,1,0
Variant 11,Low,Bug,Email,6,3,0.0,0,18,3,0,0
Variant 6,Medium,Performance Issue,Website,10,7,2.0,0,70,18,0,0
Variant 5,Low,Performance Issue,Website,12,4,1.0,1,48,0,0,0
Variant 1,Medium,Technical Issue,Website,6,3,0.0,0,18,12,1,0
Variant 4,Medium,Bug,Website,7,3,1.0,0,21,19,0,0
Variant 3,Medium,Incident,Email,8,4,1.0,0,32,21,1,0
Variant 1,Medium,Performance Issue,Website,6,2,0.0,0,12,20,1,0
Variant 3,High,Performance Issue,Email,8,5,1.0,0,40,17,0,0
Variant 1,High,Feature Request,Email,6,3,0.0,0,18,5,0,0
Variant 9,Low,Performance Issue,Website,10,3,1.0,0,30,16,1,0
Variant 8,High,Bug,Website,10,3,0.0,0,30,6,0,1
Variant 3,High,Feature Request,Email,8,4,1.0,0,32,19,0,0
Variant 1,High,Service Request,Email,6,3,0.0,0,18,11,0,0
Variant 1,Low,Bug,Website,6,2,0.0,0,12,0,0,0
Variant 1,High,Performance Issue,Website,6,3,0.0,0,18,5,1,0
Variant 1,Low,Feature Request,Website,6,3,0.0,0,18,0,0,0
Variant 3,Low,Performance Issue,Email,8,5,1.0,0,40,17,0,0
Variant 3,Medium,Performance Issue,Email,8,4,1.0,0,32,12,0,0
Variant 5,Low,Feature Request,Email,12,4,1.0,1,48,10,1,0
Variant 11,Medium,Service Request,Website,6,2,0.0,0,12,21,0,0
Variant 3,Low,Service Request,Email,8,5,1.0,0,40,17,0,0
Variant 1,Medium,Performance Issue,Website,6,3,0.0,0,18,20,0,0
Variant 3,High,Performance Issue,Website,8,3,1.0,0,24,21,0,1
Variant 3,Low,Feature Request,Email,8,4,1.0,0,32,23,0,0
Variant 3,Low,Service Request,Email,8,5,1.0,0,40,20,1,0
Variant 3,Medium,Incident,Email,8,5,1.0,0,40,21,0,0
Variant 1,Medium,Service Request,Website,6,3,0.0,0,18,13,0,0
Variant 3,Low,Maintenance,Website,8,4,1.0,0,32,2,0,0
Variant 3,High,Performance Issue,Website,8,5,1.0,0,40,12,1,0
Variant 3,Medium,Performance Issue,Email,8,5,1.0,0,40,4,0,0
Variant 13,Medium,Feature Request,Email,11,4,1.0,0,44,16,1,0
Variant 1,High,Bug,Website,6,2,0.0,0,12,9,0,0
Variant 1,Medium,Technical Issue,App,6,3,0.0,0,18,7,0,0
Variant 1,Medium,Bug,Email,6,3,0.0,0,18,20,1,0
Variant 7,Medium,Bug,Website,15,7,3.0,0,105,20,1,0
Variant 3,Low,Performance Issue,Website,8,4,1.0,0,32,6,0,0
Variant 1,Low,Maintenance,Website,6,3,0.0,0,18,4,0,0
Variant 3,Medium,Performance Issue,Website,8,4,1.0,0,32,0,0,0
Variant 3,Low,Performance Issue,Website,8,4,1.0,0,32,23,0,0
Variant 1,High,Performance Issue,Website,6,3,0.0,0,18,11,0,0
Variant 13,Medium,Performance Issue,Website,11,4,1.0,0,44,6,0,0
Variant 3,Medium,Incident,Phone,8,3,1.0,0,24,8,0,0
Variant 1,Medium,Bug,Website,6,2,0.0,0,12,2,0,0
Variant 1,Low,Bug,Email,6,2,0.0,0,12,5,1,0
Variant 3,Medium,Feature Request,Website,8,4,1.0,0,32,6,0,0
Variant 1,Medium,Incident,Website,6,2,0.0,0,12,16,0,0
Variant 3,Medium,Feature Request,Website,8,4,1.0,0,32,22,1,0
Variant 1,Medium,Performance Issue,Website,6,3,0.0,0,18,8,1,0
Variant 1,Low,Performance Issue,Website,6,3,0.0,0,18,20,1,0
Variant 3,Medium,Performance Issue,Email,8,6,1.0,0,48,2,1,0
Variant 1,Low,Bug,Email,6,3,0.0,0,18,12,1,0
Variant 1,Low,Bug,Website,6,3,0.0,0,18,8,0,0
Variant 5,Medium,Incident,Website,12,4,1.0,1,48,12,0,0
Variant 3,Medium,Performance Issue,Email,8,5,1.0,0,40,7,1,0
Variant 3,Low,Maintenance,Email,8,5,1.0,0,40,20,0,0
Variant 11,Medium,Bug,Website,6,3,0.0,0,18,0,1,0
Variant 3,Medium,Technical Issue,Website,8,3,1.0,0,24,8,0,0
Variant 3,High,Performance Issue,App,8,5,1.0,0,40,23,0,0
Variant 1,Medium,Feature Request,Website,6,3,0.0,0,18,3,0,0
Variant 1,Low,Technical Issue,Phone,6,3,0.0,0,18,11,1,0
Variant 3,Low,Incident,Website,8,3,1.0,0,24,9,0,0
Variant 1,Medium,Service Request,Website,6,3,0.0,0,18,10,0,0
Variant 3,High,Incident,Website,8,4,1.0,0,32,5,0,0
Variant 3,High,Incident,Website,8,4,1.0,0,32,15,0,0
Variant 1,High,Service Request,Email,6,2,0.0,0,12,0,0,0
Variant 2,Medium,Incident,Website,4,2,0.0,1,8,11,0,0
Variant 1,Medium,Feature Request,App,6,3,0.0,0,18,21,0,0
Variant 3,Medium,Performance Issue,Website,8,5,1.0,0,40,2,1,0
Variant 11,Medium,Performance Issue,Website,6,3,0.0,0,18,3,0,0
Variant 3,Medium,Maintenance,Website,8,5,1.0,0,40,20,0,0
Variant 3,Low,Incident,Email,8,4,1.0,0,32,9,0,0
Variant 1,Low,Technical Issue,Email,6,3,0.0,0,18,22,0,0
Variant 11,Low,Feature Request,Email,6,2,0.0,0,12,4,0,0
Variant 1,Medium,Bug,Website,6,3,0.0,0,18,19,1,0
Variant 4,Low,Performance Issue,Email,7,5,1.0,0,35,20,1,0
Variant 10,Low,Bug,Phone,6,4,1.0,1,24,19,1,0
Variant 3,High,Maintenance,Email,8,5,1.0,0,40,8,0,0
Variant 1,Medium,Bug,Website,6,3,0.0,0,18,9,0,0
Variant 1,Medium,Feature Request,Phone,6,3,0.0,0,18,6,0,0
Variant 6,Medium,Feature Request,Email,10,6,2.0,0,60,0,0,0
Variant 1,Medium,Feature Request,Website,6,2,0.0,0,12,22,0,0
Variant 1,Low,Bug,Email,6,3,0.0,0,18,17,1,0
Variant 6,Medium,Performance Issue,Email,10,6,2.0,0,60,7,0,0
Variant 5,Low,Technical Issue,Website,12,5,1.0,1,60,0,0,0
Variant 5,High,Feature Request,Website,12,4,1.0,1,48,19,0,1
Variant 1,High,Performance Issue,Website,6,3,0.0,0,18,8,0,0
Variant 3,Medium,Feature Request,Email,8,4,1.0,0,32,18,0,0
Variant 1,Low,Technical Issue,Website,6,3,0.0,0,18,21,0,0
Variant 3,Low,Feature Request,Email,8,4,1.0,0,32,7,0,0
Variant 1,Medium,Bug,Website,6,3,0.0,0,18,2,1,0
Variant 3,Medium,Performance Issue,Website,8,4,1.0,0,32,2,0,0
Variant 3,Low,Performance Issue,Website,8,5,1.0,0,40,3,0,0
Variant 3,Medium,Incident,Website,8,4,1.0,0,32,5,0,0
Variant 2,Medium,Bug,Website,4,2,0.0,1,8,4,0,0
Variant 11,Medium,Bug,Email,6,4,0.0,0,24,14,0,0
Variant 3,Low,Service Request,Website,8,5,1.0,0,40,1,1,0
Variant 4,Medium,Feature Request,Website,7,5,1.0,0,35,10,0,0
Variant 4,Medium,Service Request,Email,7,3,1.0,0,21,19,0,0
Variant 6,High,Bug,Website,10,7,2.0,0,70,23,0,0
Variant 3,High,Performance Issue,Email,8,6,1.0,0,48,8,1,0
Variant 6,Medium,Service Request,Email,10,6,2.0,0,60,20,0,0
Variant 4,Medium,Bug,Phone,7,4,1.0,0,28,22,0,0
Variant 1,Low,Incident,Email,6,3,0.0,0,18,21,0,0
Variant 1,Medium,Bug,Email,6,3,0.0,0,18,10,0,0
Variant 1,High,Performance Issue,Website,6,3,0.0,0,18,6,0,0
Variant 3,Low,Technical Issue,Website,8,5,1.0,0,40,0,0,0
Variant 1,High,Service Request,Email,6,3,0.0,0,18,3,0,0
Variant 4,High,Performance Issue,Email,7,4,1.0,0,28,2,1,0
Variant 1,Medium,Bug,Website,6,3,0.0,0,18,18,0,0
Variant 13,High,Feature Request,Email,11,4,1.0,0,44,11,0,1
Variant 1,Medium,Incident,Email,6,3,0.0,0,18,21,0,0
Variant 4,Medium,Bug,Website,7,5,1.0,0,35,22,0,0
Variant 3,Medium,Performance Issue,Email,8,4,1.0,0,32,7,1,0
Variant 4,High,Bug,Website,7,5,1.0,0,35,1,0,1
Variant 3,High,Performance Issue,Website,8,4,1.0,0,32,20,1,0
Variant 1,Low,Service Request,Website,6,3,0.0,0,18,2,1,0
Variant 1,Low,Bug,Email,6,3,0.0,0,18,0,1,0
Variant 10,Medium,Feature Request,Website,6,3,1.0,1,18,20,0,0
Variant 3,Medium,Technical Issue,Email,8,6,1.0,0,48,11,0,0
Variant 3,Medium,Incident,Website,8,6,1.0,0,48,10,1,0
Variant 10,Low,Service Request,Website,6,4,1.0,1,24,1,1,0
Variant 1,Low,Feature Request,Website,6,2,0.0,0,12,14,0,0
Variant 1,Medium,Feature Request,Phone,6,3,0.0,0,18,19,0,0
Variant 5,Medium,Bug,Email,12,4,1.0,1,48,21,1,0
Variant 4,Low,Performance Issue,Website,7,4,1.0,0,28,14,0,0
Variant 2,Low,Technical Issue,Email,4,2,0.0,1,8,6,0,0
Variant 1,Medium,Service Request,Email,6,3,0.0,0,18,4,0,0
Variant 1,Medium,Incident,Email,6,3,0.0,0,18,16,0,0
Variant 3,Medium,Service Request,Email,8,6,1.0,0,48,5,0,0
Variant 1,Low,Service Request,Website,6,3,0.0,0,18,4,0,0
Variant 3,Low,Technical Issue,Website,8,5,1.0,0,40,16,0,0
Variant 3,Medium,Incident,Phone,8,5,1.0,0,40,16,0,0
Variant 4,Low,Bug,Email,7,4,1.0,0,28,22,0,0
Variant 7,High,Bug,Email,15,8,3.0,0,120,1,0,1
Variant 3,Medium,Performance Issue,Email,8,5,1.0,0,40,3,0,0
Variant 3,Medium,Maintenance,Website,8,4,1.0,0,32,5,0,0
Variant 7,Medium,Bug,Website,15,6,3.0,0,90,23,1,0
Variant 3,Medium,Maintenance,Website,8,5,1.0,0,40,17,0,0
Variant 3,Low,Feature Request,Email,8,3,1.0,0,24,17,1,0
Variant 3,High,Feature Request,Email,8,4,1.0,0,32,9,0,0
Variant 9,Medium,Feature Request,Website,10,5,1.0,0,50,12,0,0
Variant 1,Medium,Performance Issue,Email,6,2,0.0,0,12,19,0,0
Variant 1,Low,Bug,Email,6,3,0.0,0,18,20,1,0
Variant 3,Medium,Performance Issue,Email,8,4,1.0,0,32,5,1,0
Variant 1,Low,Performance Issue,Website,6,3,0.0,0,18,12,0,0
Variant 1,High,Incident,Email,6,3,0.0,0,18,12,1,0
Variant 3,Low,Feature Request,Website,8,3,1.0,0,24,20,0,0
Variant 12,Medium,Incident,App,6,2,0.0,0,12,8,0,0
Variant 3,Low,Feature Request,Website,8,4,1.0,0,32,0,0,0
Variant 7,High,Bug,Email,15,7,3.0,0,105,1,0,1
Variant 5,Low,Incident,Website,12,5,1.0,1,60,16,0,0
Variant 3,Medium,Performance Issue,Email,8,5,1.0,0,40,10,0,0
Variant 7,Medium,Bug,Website,15,8,3.0,0,120,10,0,0
Variant 12,High,Bug,Website,6,3,0.0,0,18,2,1,0
Variant 12,Low,Performance Issue,Email,6,3,0.0,0,18,6,1,0
Variant 3,High,Performance Issue,Website,8,6,1.0,0,48,13,0,0
Variant 4,Low,Bug,Website,7,4,1.0,0,28,8,0,0
Variant 4,High,Maintenance,App,7,5,1.0,0,35,20,1,0
Variant 9,Medium,Performance Issue,Website,10,5,1.0,0,50,14,1,0
Variant 7,Medium,Bug,Website,15,7,3.0,0,105,9,0,0
Variant 7,High,Bug,Email,15,6,3.0,0,90,3,1,1
Variant 2,Medium,Incident,Website,4,3,0.0,1,12,3,0,0
Variant 1,Low,Incident,Phone,6,3,0.0,0,18,10,0,0
Variant 4,Medium,Performance Issue,Website,7,6,1.0,0,42,23,0,0
Variant 3,High,Feature Request,Email,8,4,1.0,0,32,13,0,0
Variant 3,Medium,Feature Request,Website,8,3,1.0,0,24,19,1,0
Variant 1,High,Feature Request,Email,6,3,0.0,0,18,18,0,0
Variant 4,High,Feature Request,App,7,5,1.0,0,35,14,0,1
Variant 1,High,Performance Issue,Email,6,2,0.0,0,12,14,0,0
Variant 3,Medium,Feature Request,Website,8,5,1.0,0,40,17,0,0
Variant 3,Medium,Incident,Website,8,4,1.0,0,32,13,0,0
Variant 3,Medium,Performance Issue,Website,8,4,1.0,0,32,12,0,0
Variant 3,Low,Performance Issue,Email,8,4,1.0,0,32,6,0,0
Variant 8,Medium,Performance Issue,Website,10,3,0.0,0,30,5,0,0
Variant 2,High,Feature Request,Email,4,3,0.0,1,12,6,0,0
Variant 3,High,Performance Issue,Website,8,4,1.0,0,32,21,0,0
Variant 11,Low,Bug,Website,6,2,0.0,0,12,20,0,0
Variant 1,Low,Incident,Email,6,3,0.0,0,18,23,0,0
Variant 5,Medium,Performance Issue,Email,12,5,1.0,1,60,12,0,0
Variant 7,Medium,Bug,Website,15,8,3.0,0,120,22,0,0
Variant 8,Medium,Incident,Email,10,3,0.0,0,30,23,1,0
Variant 3,Medium,Performance Issue,Website,8,3,1.0,0,24,22,1,0
Variant 1,Medium,Incident,Email,6,2,0.0,0,12,13,0,0
Variant 3,Medium,Performance Issue,Website,8,5,1.0,0,40,8,0,0
Variant 4,Medium,Incident,Email,7,4,1.0,0,28,19,1,0
Variant 1,Medium,Incident,Email,6,3,0.0,0,18,23,0,0
Variant 8,Medium,Incident,Website,10,3,0.0,0,30,11,0,0
Variant 1,Low,Performance Issue,Website,6,3,0.0,0,18,13,0,0
Variant 4,Medium,Incident,Email,7,5,1.0,0,35,1,0,0
Variant 3,Low,Feature Request,Email,8,4,1.0,0,32,10,0,0
Variant 4,Low,Maintenance,Email,7,3,1.0,0,21,14,0,0
Variant 2,Medium,Bug,Phone,4,3,0.0,1,12,8,1,0
Variant 3,Medium,Service Request,Email,8,4,1.0,0,32,20,0,0
Variant 3,Medium,Feature Request,Website,8,4,1.0,0,32,8,1,0
Variant 3,Low,Performance Issue,Email,8,3,1.0,0,24,13,0,0
Variant 1,High,Incident,Email,6,3,0.0,0,18,12,0,0
Variant 5,Low,Bug,Website,12,4,1.0,1,48,22,1,0
Variant 3,Medium,Performance Issue,Website,8,6,1.0,0,48,22,0,0
Variant 4,Low,Maintenance,App,7,4,1.0,0,28,12,0,0
Variant 11,Medium,Bug,Email,6,4,0.0,0,24,17,0,0
Variant 3,Low,Performance Issue,Email,8,4,1.0,0,32,10,0,0
Variant 3,Medium,Performance Issue,Email,8,6,1.0,0,48,22,0,0
Variant 3,Medium,Feature Request,Website,8,5,1.0,0,40,18,0,0
Variant 5,Medium,Maintenance,Website,12,5,1.0,1,60,21,0,0
Variant 1,Medium,Incident,Email,6,3,0.0,0,18,23,1,0
Variant 11,Medium,Performance Issue,Website,6,4,0.0,0,24,19,0,0
Variant 3,Medium,Performance Issue,Email,8,6,1.0,0,48,12,0,0
Variant 1,Medium,Bug,App,6,3,0.0,0,18,14,1,0
Variant 1,Medium,Service Request,Phone,6,3,0.0,0,18,12,0,0
Variant 3,Medium,Technical Issue,Email,8,5,1.0,0,40,18,0,0
Variant 1,Low,Performance Issue,Email,6,2,0.0,0,12,1,0,0
Variant 4,Medium,Bug,Email,7,3,1.0,0,21,9,0,0
Variant 1,Low,Incident,Website,6,2,0.0,0,12,20,0,0
Variant 3,Medium,Performance Issue,Website,8,5,1.0,0,40,12,1,0
Variant 2,Medium,Feature Request,Email,4,2,0.0,1,8,12,0,0
Variant 1,Medium,Incident,Website,6,2,0.0,0,12,11,1,0
Variant 3,Low,Performance Issue,Email,8,5,1.0,0,40,16,0,0
Variant 11,Low,Maintenance,Website,6,3,0.0,0,18,13,0,0
Variant 3,Low,Performance Issue,Email,8,5,1.0,0,40,18,0,0
Variant 1,Medium,Incident,Website,6,3,0.0,0,18,12,0,0
Variant 1,Medium,Bug,Website,6,3,0.0,0,18,18,1,0
Variant 1,High,Bug,Website,6,3,0.0,0,18,6,1,0
Variant 1,Low,Bug,Email,6,3,0.0,0,18,9,0,0
Variant 5,Medium,Maintenance,Website,12,6,1.0,1,72,23,1,0
Variant 3,Low,Performance Issue,Email,8,5,1.0,0,40,6,0,0
Variant 9,Low,Technical Issue,Website,10,4,1.0,0,40,1,1,0
Variant 1,Low,Bug,Website,6,2,0.0,0,12,14,0,0
Variant 1,High,Incident,Email,6,3,0.0,0,18,20,1,0
Variant 3,High,Performance Issue,Email,8,4,1.0,0,32,4,1,0
Variant 3,Low,Performance Issue,Website,8,6,1.0,0,48,21,0,0
Variant 3,Medium,Performance Issue,Website,8,3,1.0,0,24,7,0,0
Variant 5,Medium,Service Request,Website,12,5,1.0,1,60,1,1,0
Variant 1,Low,Performance Issue,Email,6,3,0.0,0,18,14,0,0
Variant 3,Medium,Maintenance,App,8,3,1.0,0,24,12,0,0
Variant 1,Medium,Bug,Email,6,3,0.0,0,18,11,0,0
Variant 3,Low,Feature Request,Website,8,4,1.0,0,32,17,0,0
Variant 3,Low,Performance Issue,Email,8,4,1.0,0,32,14,1,0
Variant 2,Medium,Bug,Website,4,2,0.0,1,8,13,1,0
Variant 3,Medium,Maintenance,Email,8,5,1.0,0,40,14,0,0
Variant 3,Medium,Feature Request,Website,8,4,1.0,0,32,13,0,0
Variant 1,High,Service Request,Website,6,3,0.0,0,18,3,0,0
Variant 1,High,Bug,Phone,6,3,0.0,0,18,14,1,0
Variant 1,Medium,Bug,Website,6,3,0.0,0,18,11,0,0
Variant 3,High,Performance Issue,Email,8,5,1.0,0,40,16,1,0
Variant 1,Low,Bug,Website,6,2,0.0,0,12,22,0,0
Variant 2,High,Service Request,Website,4,2,0.0,1,8,21,0,0
Variant 2,Low,Performance Issue,Website,4,2,0.0,1,8,9,0,0
Variant 3,Medium,Performance Issue,Website,8,4,1.0,0,32,15,0,0
Variant 1,Medium,Performance Issue,Email,6,3,0.0,0,18,12,0,0
Variant 3,Medium,Feature Request,Website,8,4,1.0,0,32,22,0,0
Variant 3,Low,Performance Issue,Website,8,4,1.0,0,32,18,0,0
Variant 1,High,Performance Issue,Website,6,2,0.0,0,12,2,0,0
Variant 3,Medium,Service Request,App,8,4,1.0,0,32,1,1,0
Variant 1,Low,Feature Request,Email,6,3,0.0,0,18,6,0,0
Variant 1,Low,Feature Request,Website,6,2,0.0,0,12,21,0,0
Variant 3,Medium,Performance Issue,Email,8,5,1.0,0,40,14,1,0
Variant 3,Low,Feature Request,Email,8,3,1.0,0,24,7,0,0
Variant 3,Low,Performance Issue,Website,8,6,1.0,0,48,0,0,0
Variant 12,Low,Feature Request,App,6,3,0.0,0,18,19,0,0
Variant 3,Low,Performance Issue,Website,8,4,1.0,0,32,17,0,0
Variant 1,High,Technical Issue,Email,6,3,0.0,0,18,23,0,0
Variant 1,Low,Incident,Email,6,3,0.0,0,18,9,0,0
Variant 1,Medium,Bug,Email,6,2,0.0,0,12,17,0,0
Variant 3,Medium,Service Request,Website,8,5,1.0,0,40,6,0,0
Variant 1,High,Maintenance,App,6,3,0.0,0,18,13,0,0
Variant 1,Medium,Bug,Email,6,3,0.0,0,18,17,0,0
Variant 1,Low,Maintenance,Website,6,2,0.0,0,12,21,1,0
Variant 5,Medium,Bug,Email,12,4,1.0,1,48,15,1,0
Variant 7,High,Bug,Website,15,7,3.0,0,105,11,0,1
Variant 4,Medium,Bug,Email,7,4,1.0,0,28,9,0,0
Variant 1,Low,Bug,Website,6,3,0.0,0,18,23,0,0
Variant 3,Low,Feature Request,Website,8,6,1.0,0,48,16,0,0
Variant 3,Low,Performance Issue,Website,8,5,1.0,0,40,7,1,0
Variant 3,High,Performance Issue,Website,8,4,1.0,0,32,12,0,0
Variant 1,High,Bug,Email,6,3,0.0,0,18,7,1,0
Variant 3,Medium,Service Request,Email,8,6,1.0,0,48,1,0,0
Variant 3,High,Performance Issue,App,8,4,1.0,0,32,20,0,0
Variant 3,High,Service Request,Phone,8,4,1.0,0,32,12,1,0
Variant 3,Medium,Feature Request,Phone,8,4,1.0,0,32,12,0,0
Variant 1,Medium,Bug,Email,6,2,0.0,0,12,12,0,0
Variant 7,Medium,Bug,Email,15,7,3.0,0,105,15,0,0
Variant 3,Medium,Feature Request,Website,8,4,1.0,0,32,9,0,0
Variant 1,Medium,Service Request,Email,6,3,0.0,0,18,4,0,0
Variant 1,High,Bug,Email,6,3,0.0,0,18,21,1,0
Variant 2,High,Bug,Email,4,2,0.0,1,8,8,0,0
Variant 10,Medium,Feature Request,Website,6,3,1.0,1,18,10,0,0
Variant 4,Low,Performance Issue,Website,7,4,1.0,0,28,8,1,0
Variant 3,Low,Performance Issue,App,8,6,1.0,0,48,22,0,0
Variant 3,High,Feature Request,App,8,5,1.0,0,40,13,0,0
Variant 1,Medium,Service Request,App,6,3,0.0,0,18,12,0,0
Variant 3,High,Performance Issue,App,8,4,1.0,0,32,11,1,0
Variant 3,High,Maintenance,Email,8,4,1.0,0,32,12,1,1
Variant 3,Medium,Performance Issue,Website,8,5,1.0,0,40,23,1,0
Variant 1,Low,Bug,Website,6,3,0.0,0,18,21,0,0
Variant 2,Medium,Feature Request,App,4,3,0.0,1,12,12,1,0
Variant 3,Medium,Performance Issue,Website,8,5,1.0,0,40,4,0,0
Variant 3,Low,Performance Issue,Email,8,4,1.0,0,32,16,1,0
Variant 1,Medium,Performance Issue,Website,6,3,0.0,0,18,11,0,0
Variant 1,Medium,Bug,Website,6,3,0.0,0,18,9,0,0
Variant 3,Medium,Performance Issue,Website,8,4,1.0,0,32,2,0,0
Variant 3,Medium,Incident,Email,8,4,1.0,0,32,4,0,0
Variant 3,Low,Feature Request,Website,8,4,1.0,0,32,18,0,0
Variant 1,Medium,Maintenance,Website,6,2,0.0,0,12,21,0,0
Variant 3,Low,Performance Issue,Website,8,4,1.0,0,32,23,1,0
Variant 3,High,Performance Issue,Website,8,5,1.0,0,40,22,1,0
Variant 9,High,Service Request,Website,10,4,1.0,0,40,1,0,1
Variant 4,Medium,Performance Issue,Website,7,5,1.0,0,35,8,0,0
Variant 2,Low,Bug,Website,4,2,0.0,1,8,8,0,0
Variant 3,Low,Feature Request,Email,8,5,1.0,0,40,20,0,0
Variant 4,Medium,Bug,Website,7,5,1.0,0,35,16,0,0
Variant 8,Low,Service Request,Email,10,3,0.0,0,30,11,0,0
Variant 1,Medium,Bug,Website,6,3,0.0,0,18,6,1,0
Variant 3,Medium,Service Request,Website,8,6,1.0,0,48,15,0,0
Variant 6,High,Incident,Email,10,6,2.0,0,60,20,1,1
Variant 1,High,Feature Request,Website,6,3,0.0,0,18,0,0,0
Variant 10,Low,Incident,Website,6,4,1.0,1,24,18,0,0
Variant 3,High,Performance Issue,Website,8,4,1.0,0,32,21,1,0
Variant 3,Medium,Technical Issue,Website,8,5,1.0,0,40,19,0,0
Variant 1,Medium,Bug,Email,6,3,0.0,0,18,6,1,0
Variant 4,Medium,Bug,Email,7,3,1.0,0,21,13,0,0
Variant 5,High,Feature Request,Website,12,5,1.0,1,60,23,1,1
Variant 3,Low,Performance Issue,Email,8,5,1.0,0,40,2,0,0
Variant 3,Medium,Performance Issue,Website,8,4,1.0,0,32,7,0,0
Variant 10,Medium,Service Request,Email,6,3,1.0,1,18,3,1,0
Variant 3,Low,Feature Request,App,8,4,1.0,0,32,5,0,0
Variant 3,Medium,Incident,Website,8,5,1.0,0,40,8,1,0
Variant 3,Medium,Performance Issue,App,8,4,1.0,0,32,2,0,0
Variant 4,Medium,Performance Issue,Email,7,5,1.0,0,35,0,0,0
Variant 1,Low,Performance Issue,Website,6,3,0.0,0,18,21,0,0
Variant 1,High,Service Request,Website,6,3,0.0,0,18,19,1,0
Variant 3,Low,Technical Issue,Website,8,4,1.0,0,32,20,1,0
Variant 8,High,Maintenance,App,10,3,0.0,0,30,14,0,0
Variant 3,Low,Feature Request,Email,8,4,1.0,0,32,18,0,0
Variant 1,Medium,Performance Issue,Website,6,2,0.0,0,12,2,0,0
Variant 3,High,Performance Issue,Website,8,5,1.0,0,40,14,1,0
Variant 1,Medium,Feature Request,Email,6,2,0.0,0,12,5,0,0
Variant 3,High,Performance Issue,Email,8,4,1.0,0,32,1,1,1
Variant 1,Low,Performance Issue,App,6,3,0.0,0,18,14,0,0
Variant 3,Low,Performance Issue,Website,8,5,1.0,0,40,6,1,0
Variant 1,Low,Incident,Email,6,3,0.0,0,18,15,0,0
Variant 1,Medium,Maintenance,Email,6,3,0.0,0,18,11,0,0
Variant 3,Medium,Incident,Website,8,5,1.0,0,40,8,0,0
Variant 7,Medium,Bug,Email,15,6,3.0,0,90,2,0,0
Variant 6,Medium,Bug,Website,10,6,2.0,0,60,1,0,0
Variant 3,High,Performance Issue,Email,8,4,1.0,0,32,1,0,0
Variant 3,High,Incident,Email,8,6,1.0,0,48,17,1,0
Variant 3,Medium,Performance Issue,Email,8,5,1.0,0,40,17,0,0
Variant 1,Low,Feature Request,App,6,3,0.0,0,18,2,1,0
Variant 3,Medium,Performance Issue,Email,8,5,1.0,0,40,23,0,0
Variant 1,Medium,Incident,Website,6,2,0.0,0,12,11,1,0
Variant 1,Medium,Bug,Email,6,3,0.0,0,18,10,1,0
Variant 10,Low,Incident,Email,6,4,1.0,1,24,20,0,0
Variant 4,High,Bug,Email,7,5,1.0,0,35,8,0,0
Variant 1,High,Bug,Website,6,3,0.0,0,18,7,0,0
Variant 1,Medium,Performance Issue,Website,6,3,0.0,0,18,17,0,0
Variant 3,Low,Incident,Email,8,4,1.0,0,32,7,1,0
Variant 3,Medium,Performance Issue,App,8,4,1.0,0,32,22,0,0
Variant 4,Low,Incident,Website,7,3,1.0,0,21,9,1,0
Variant 1,High,Performance Issue,Email,6,2,0.0,0,12,5,1,0
Variant 13,Medium,Performance Issue,App,11,4,1.0,0,44,13,0,0
Variant 7,High,Bug,Email,15,7,3.0,0,105,23,0,1
Variant 1,Low,Bug,Website,6,2,0.0,0,12,14,0,0
Variant 3,Medium,Performance Issue,Email,8,3,1.0,0,24,4,0,0
Variant 10,Medium,Incident,Website,6,4,1.0,1,24,22,1,0
Variant 8,Low,Bug,Website,10,3,0.0,0,30,22,0,0
Variant 3,Low,Performance Issue,Website,8,5,1.0,0,40,11,0,0
Variant 2,Low,Feature Request,Website,4,2,0.0,1,8,1,0,0
Variant 1,Medium,Incident,Email,6,3,0.0,0,18,23,0,0
Variant 11,Medium,Incident,Email,6,3,0.0,0,18,8,1,0
Variant 6,High,Bug,Website,10,8,2.0,0,80,23,1,0
Variant 1,Medium,Bug,Email,6,3,0.0,0,18,11,0,0
Variant 7,Medium,Bug,Website,15,7,3.0,0,105,1,0,0
Variant 2,Medium,Incident,Email,4,2,0.0,1,8,16,1,0
Variant 4,High,Bug,Website,7,5,1.0,0,35,16,1,1
Variant 3,High,Performance Issue,Website,8,4,1.0,0,32,15,0,0
Variant 3,Medium,Incident,Phone,8,4,1.0,0,32,9,1,0
Variant 1,Low,Service Request,Website,6,2,0.0,0,12,14,0,0
Variant 1,Low,Performance Issue,Email,6,3,0.0,0,18,2,0,0
Variant 3,Low,Technical Issue,Website,8,6,1.0,0,48,0,1,0
Variant 1,Medium,Bug,Email,6,3,0.0,0,18,3,1,0
Variant 3,Low,Incident,Email,8,5,1.0,0,40,7,1,0
Variant 4,Low,Feature Request,Website,7,5,1.0,0,35,7,0,0
Variant 3,Low,Performance Issue,Website,8,3,1.0,0,24,8,0,0
Variant 3,Low,Technical Issue,Website,8,6,1.0,0,48,17,0,0
Variant 4,Medium,Performance Issue,Website,7,6,1.0,0,42,16,0,0
Variant 1,High,Incident,Website,6,3,0.0,0,18,19,0,0
Variant 1,Low,Technical Issue,Website,6,2,0.0,0,12,4,1,0
Variant 5,Medium,Feature Request,Email,12,4,1.0,1,48,3,0,0
Variant 11,Medium,Service Request,App,6,3,0.0,0,18,11,0,0
Variant 1,Medium,Feature Request,Email,6,2,0.0,0,12,0,1,0
Variant 3,Medium,Incident,App,8,5,1.0,0,40,9,0,0
Variant 3,Medium,Service Request,Email,8,4,1.0,0,32,17,0,0
Variant 3,Medium,Feature Request,Website,8,4,1.0,0,32,4,1,0
Variant 1,High,Maintenance,Email,6,3,0.0,0,18,16,0,0
Variant 8,Medium,Technical Issue,Website,10,3,0.0,0,30,6,0,0
Variant 3,Medium,Performance Issue,Email,8,4,1.0,0,32,8,1,0
Variant 1,Medium,Bug,Email,6,2,0.0,0,12,15,0,0
Variant 3,Medium,Performance Issue,Email,8,4,1.0,0,32,2,0,0
Variant 1,Medium,Incident,Website,6,3,0.0,0,18,5,0,0
Variant 9,Medium,Feature Request,Website,10,5,1.0,0,50,2,0,0
Variant 6,Low,Incident,Website,10,7,2.0,0,70,19,1,0
Variant 4,Low,Bug,Website,7,5,1.0,0,35,20,0,0
Variant 4,High,Incident,Website,7,4,1.0,0,28,23,0,0
Variant 10,Medium,Service Request,Email,6,3,1.0,1,18,1,0,0
Variant 5,Medium,Bug,Website,12,4,1.0,1,48,22,0,0
Variant 8,High,Bug,Email,10,2,0.0,0,20,21,0,1
Variant 3,Low,Feature Request,Email,8,5,1.0,0,40,0,0,0
Variant 1,Low,Technical Issue,Website,6,3,0.0,0,18,8,0,0
Variant 1,Low,Service Request,Email,6,3,0.0,0,18,7,0,0
Variant 1,Medium,Feature Request,Website,6,2,0.0,0,12,13,1,0
Variant 8,Medium,Service Request,Website,10,3,0.0,0,30,6,0,0
Variant 3,Medium,Feature Request,Website,8,4,1.0,0,32,1,0,0
Variant 4,Low,Bug,Email,7,5,1.0,0,35,9,1,0
Variant 3,Medium,Performance Issue,Email,8,5,1.0,0,40,15,1,0
Variant 4,High,Bug,Email,7,4,1.0,0,28,4,0,0
Variant 3,Medium,Feature Request,Website,8,4,1.0,0,32,16,0,0
Variant 3,Medium,Maintenance,App,8,6,1.0,0,48,4,0,0
Variant 3,Low,Performance Issue,Website,8,5,1.0,0,40,14,0,0
Variant 4,Medium,Bug,Email,7,4,1.0,0,28,2,0,0
Variant 3,High,Performance Issue,App,8,4,1.0,0,32,1,0,0
Variant 1,Medium,Bug,Website,6,3,0.0,0,18,1,1,0
Variant 1,High,Bug,Website,6,2,0.0,0,12,2,0,0
Variant 3,Low,Incident,Email,8,4,1.0,0,32,20,1,0
Variant 3,Medium,Performance Issue,Website,8,4,1.0,0,32,11,1,0
Variant 11,Medium,Feature Request,Email,6,3,0.0,0,18,8,0,0
Variant 5,High,Feature Request,Website,12,4,1.0,1,48,13,0,0
Variant 3,Low,Performance Issue,Email,8,5,1.0,0,40,3,0,0
Variant 4,Low,Incident,Email,7,5,1.0,0,35,16,0,0
Variant 3,Low,Performance Issue,Website,8,5,1.0,0,40,5,0,0
Variant 1,Medium,Bug,Email,6,2,0.0,0,12,8,1,0
Variant 3,Medium,Feature Request,Email,8,5,1.0,0,40,10,0,0
Variant 3,Low,Feature Request,Website,8,4,1.0,0,32,8,0,0
Variant 10,High,Incident,Website,6,3,1.0,1,18,11,1,0
Variant 3,Medium,Service Request,Website,8,4,1.0,0,32,0,0,0
Variant 8,Medium,Technical Issue,Email,10,3,0.0,0,30,17,0,0
Variant 6,Medium,Feature Request,Website,10,5,2.0,0,50,12,0,0
Variant 3,Low,Performance Issue,Website,8,4,1.0,0,32,2,1,0
Variant 10,Medium,Performance Issue,Website,6,3,1.0,1,18,3,0,0
Variant 3,Medium,Performance Issue,Email,8,5,1.0,0,40,16,1,0
Variant 6,Low,Feature Request,Email,10,6,2.0,0,60,21,0,0
Variant 11,Low,Bug,Website,6,2,0.0,0,12,4,0,0
Variant 3,High,Performance Issue,Website,8,6,1.0,0,48,15,1,0
Variant 3,Medium,Feature Request,Email,8,5,1.0,0,40,19,1,0
Variant 12,Medium,Maintenance,Email,6,4,0.0,0,24,11,1,0
Variant 1,Medium,Service Request,Email,6,3,0.0,0,18,8,1,0
Variant 10,Medium,Maintenance,Email,6,3,1.0,1,18,14,0,0
Variant 1,Low,Technical Issue,Phone,6,2,0.0,0,12,10,0,0
Variant 1,High,Feature Request,App,6,2,0.0,0,12,16,0,0
Variant 1,Medium,Incident,Email,6,2,0.0,0,12,21,1,0
Variant 1,Low,Technical Issue,Website,6,3,0.0,0,18,3,1,0
Variant 7,Medium,Bug,App,15,9,3.0,0,135,12,1,0
Variant 1,Medium,Incident,Website,6,2,0.0,0,12,6,0,0
Variant 3,Medium,Performance Issue,Website,8,5,1.0,0,40,18,0,0
Variant 11,Medium,Bug,Website,6,2,0.0,0,12,7,0,0
Variant 1,High,Performance Issue,Email,6,3,0.0,0,18,12,0,0
Variant 6,Medium,Performance Issue,App,10,7,2.0,0,70,13,0,0
Variant 1,High,Performance Issue,Email,6,3,0.0,0,18,4,0,0
Variant 3,Medium,Performance Issue,Email,8,6,1.0,0,48,20,0,0
Variant 3,Medium,Service Request,Website,8,5,1.0,0,40,7,1,0
Variant 1,Medium,Performance Issue,Website,6,3,0.0,0,18,2,0,0
Variant 11,Low,Bug,Email,6,3,0.0,0,18,13,0,0
Variant 3,Low,Incident,Website,8,4,1.0,0,32,1,0,0
Variant 4,High,Feature Request,App,7,4,1.0,0,28,13,0,0
Variant 7,Medium,Bug,Website,15,8,3.0,0,120,17,0,0
Variant 1,High,Feature Request,Website,6,3,0.0,0,18,6,1,0
Variant 3,Medium,Feature Request,Email,8,4,1.0,0,32,18,0,0
Variant 11,Low,Performance Issue,Website,6,3,0.0,0,18,6,0,0
Variant 1,Medium,Bug,Email,6,3,0.0,0,18,14,0,0
Variant 3,High,Performance Issue,Website,8,4,1.0,0,32,15,0,0
Variant 3,Medium,Incident,Email,8,4,1.0,0,32,12,1,0
Variant 8,Medium,Service Request,Website,10,3,0.0,0,30,11,0,0
Variant 3,Low,Incident,Website,8,3,1.0,0,24,3,0,0
Variant 3,Medium,Performance Issue,Website,8,5,1.0,0,40,14,0,0
Variant 1,Low,Bug,Email,6,3,0.0,0,18,2,0,0
Variant 13,Medium,Incident,Website,11,5,1.0,0,55,16,1,0
Variant 3,Medium,Performance Issue,Website,8,5,1.0,0,40,4,0,0
Variant 3,High,Incident,Website,8,5,1.0,0,40,5,1,0
Variant 10,Low,Feature Request,Website,6,4,1.0,1,24,20,0,0
Variant 11,Medium,Performance Issue,Website,6,3,0.0,0,18,2,0,0
Variant 2,High,Service Request,Phone,4,2,0.0,1,8,2,1,0
Variant 1,Low,Feature Request,Website,6,3,0.0,0,18,19,1,0
Variant 8,Medium,Feature Request,Website,10,3,0.0,0,30,0,0,0
Variant 11,Medium,Feature Request,Email,6,4,0.0,0,24,16,0,0
Variant 3,Low,Feature Request,Website,8,6,1.0,0,48,20,0,0
Variant 1,Medium,Bug,Website,6,3,0.0,0,18,22,0,0
Variant 6,Medium,Feature Request,App,10,6,2.0,0,60,13,0,0
Variant 5,Medium,Maintenance,Website,12,6,1.0,1,72,11,1,0
Variant 11,Medium,Performance Issue,Email,6,2,0.0,0,12,16,0,0
Variant 5,High,Service Request,Email,12,4,1.0,1,48,0,0,1
Variant 7,High,Bug,Email,15,7,3.0,0,105,21,0,1
Variant 8,High,Bug,App,10,3,0.0,0,30,19,0,1
Variant 1,Medium,Bug,Email,6,3,0.0,0,18,4,0,0
Variant 3,Medium,Feature Request,Email,8,4,1.0,0,32,14,1,0
Variant 1,Medium,Incident,Email,6,3,0.0,0,18,10,0,0
Variant 6,Low,Feature Request,Website,10,6,2.0,0,60,3,0,0
Variant 3,Medium,Feature Request,Website,8,3,1.0,0,24,7,0,0
Variant 4,High,Bug,Email,7,5,1.0,0,35,13,0,1
Variant 3,Low,Performance Issue,Website,8,6,1.0,0,48,20,1,0
Variant 3,Low,Service Request,Website,8,5,1.0,0,40,16,0,0
Variant 6,Medium,Bug,Email,10,6,2.0,0,60,15,0,0
Variant 4,Medium,Performance Issue,Website,7,4,1.0,0,28,6,0,0
Variant 2,High,Feature Request,App,4,2,0.0,1,8,18,0,0
Variant 3,Medium,Feature Request,Email,8,3,1.0,0,24,4,1,0
Variant 3,Medium,Performance Issue,Email,8,5,1.0,0,40,6,0,0
Variant 3,Low,Maintenance,Email,8,4,1.0,0,32,5,0,0
Variant 3,Medium,Performance Issue,Website,8,5,1.0,0,40,0,1,0
Variant 1,Low,Bug,Website,6,2,0.0,0,12,13,0,0
Variant 12,Medium,Incident,Website,6,2,0.0,0,12,14,0,0
Variant 4,Medium,Incident,Website,7,4,1.0,0,28,0,0,0
Variant 1,High,Bug,Email,6,3,0.0,0,18,20,0,0
Variant 3,Low,Incident,Website,8,4,1.0,0,32,20,0,0
Variant 3,High,Performance Issue,Website,8,4,1.0,0,32,5,1,1
Variant 1,Medium,Service Request,Website,6,2,0.0,0,12,4,1,0
Variant 3,Low,Incident,Phone,8,4,1.0,0,32,18,1,0
Variant 11,Medium,Incident,Email,6,3,0.0,0,18,15,0,0
Variant 3,Low,Feature Request,Website,8,5,1.0,0,40,2,0,0
Variant 10,Medium,Incident,Website,6,3,1.0,1,18,20,0,0
Variant 1,Low,Performance Issue,Website,6,3,0.0,0,18,17,0,0
Variant 1,Low,Service Request,Website,6,2,0.0,0,12,14,0,0
Variant 3,Medium,Feature Request,Website,8,6,1.0,0,48,20,0,0
Variant 3,High,Service Request,Email,8,6,1.0,0,48,19,1,0
Variant 1,High,Service Request,Email,6,3,0.0,0,18,4,0,0
Variant 3,Low,Feature Request,Website,8,5,1.0,0,40,14,0,0
Variant 1,Low,Feature Request,Phone,6,2,0.0,0,12,14,0,0
Variant 3,Medium,Performance Issue,Email,8,5,1.0,0,40,21,1,0
Variant 1,High,Bug,Email,6,2,0.0,0,12,17,0,0
Variant 3,Low,Maintenance,Email,8,4,1.0,0,32,23,0,0
Variant 5,Medium,Feature Request,Website,12,4,1.0,1,48,23,0,0
Variant 3,Medium,Performance Issue,Website,8,6,1.0,0,48,20,1,0
Variant 1,Medium,Incident,Email,6,3,0.0,0,18,15,0,0
Variant 3,Medium,Performance Issue,Email,8,5,1.0,0,40,11,0,0
Variant 3,Medium,Performance Issue,Website,8,5,1.0,0,40,6,0,0
Variant 3,Medium,Feature Request,Email,8,4,1.0,0,32,20,0,0
Variant 3,Medium,Service Request,Website,8,6,1.0,0,48,9,0,0
Variant 3,Medium,Performance Issue,Email,8,4,1.0,0,32,16,0,0
Variant 2,Low,Performance Issue,App,4,3,0.0,1,12,7,0,0
Variant 3,Medium,Feature Request,Website,8,5,1.0,0,40,14,1,0
Variant 1,Low,Incident,Email,6,2,0.0,0,12,11,1,0
Variant 4,Low,Service Request,Website,7,4,1.0,0,28,8,0,0
Variant 3,High,Performance Issue,Website,8,5,1.0,0,40,22,0,0
Variant 3,High,Feature Request,Email,8,5,1.0,0,40,10,0,0
Variant 1,Low,Bug,Email,6,3,0.0,0,18,19,0,0
Variant 4,Medium,Service Request,App,7,4,1.0,0,28,9,1,0
Variant 10,Medium,Incident,Email,6,3,1.0,1,18,9,0,0
Variant 10,Low,Feature Request,Email,6,3,1.0,1,18,1,0,0
Variant 2,High,Bug,Website,4,3,0.0,1,12,5,0,0
Variant 13,Low,Service Request,Email,11,5,1.0,0,55,3,0,0
Variant 3,Low,Incident,Website,8,5,1.0,0,40,8,1,0
Variant 1,Medium,Service Request,Website,6,2,0.0,0,12,9,0,0
Variant 3,Medium,Performance Issue,Website,8,4,1.0,0,32,4,0,0
Variant 3,High,Performance Issue,Website,8,5,1.0,0,40,13,0,0
Variant 3,Medium,Feature Request,Email,8,4,1.0,0,32,16,0,0
Variant 3,High,Feature Request,Email,8,4,1.0,0,32,3,1,0
Variant 1,Medium,Service Request,Website,6,3,0.0,0,18,16,0,0
Variant 1,Low,Performance Issue,Website,6,3,0.0,0,18,16,1,0
Variant 3,Low,Incident,Email,8,3,1.0,0,24,13,1,0
Variant 5,High,Performance Issue,Website,12,5,1.0,1,60,10,1,1
Variant 2,Medium,Service Request,Email,4,2,0.0,1,8,2,0,0
Variant 3,Medium,Service Request,Email,8,4,1.0,0,32,5,0,0
Variant 1,Medium,Feature Request,Website,6,2,0.0,0,12,7,0,0
Variant 1,Low,Bug,Website,6,2,0.0,0,12,18,0,0
Variant 1,Low,Service Request,Website,6,2,0.0,0,12,22,0,0
Variant 1,Medium,Incident,Email,6,3,0.0,0,18,4,0,0
Variant 9,Medium,Bug,Website,10,5,1.0,0,50,4,0,0
Variant 5,Medium,Bug,Email,12,6,1.0,1,72,8,1,0
Variant 1,Medium,Incident,Website,6,3,0.0,0,18,14,1,0
Variant 6,Medium,Performance Issue,Website,10,6,2.0,0,60,20,0,0
Variant 1,Low,Feature Request,Email,6,2,0.0,0,12,17,0,0
Variant 3,High,Performance Issue,Website,8,4,1.0,0,32,11,1,0
Variant 1,Medium,Feature Request,Website,6,3,0.0,0,18,17,1,0
Variant 1,High,Service Request,Website,6,3,0.0,0,18,2,0,0
Variant 1,Medium,Bug,Website,6,2,0.0,0,12,18,0,0
Variant 1,Medium,Bug,Email,6,3,0.0,0,18,3,0,0
Variant 13,Low,Bug,Website,11,5,1.0,0,55,14,0,0
Variant 1,High,Bug,Email,6,3,0.0,0,18,12,0,0
Variant 3,High,Feature Request,Email,8,4,1.0,0,32,2,1,0
Variant 1,Low,Technical Issue,Email,6,3,0.0,0,18,5,0,0
Variant 3,Medium,Service Request,Website,8,5,1.0,0,40,19,0,0
Variant 9,Medium,Performance Issue,Website,10,5,1.0,0,50,21,0,0
Variant 3,Low,Performance Issue,App,8,5,1.0,0,40,21,0,0
Variant 3,Low,Performance Issue,Website,8,5,1.0,0,40,7,0,0
Variant 1,Low,Performance Issue,Website,6,3,0.0,0,18,11,0,0
Variant 3,Medium,Maintenance,Email,8,6,1.0,0,48,20,0,0
Variant 3,High,Performance Issue,Email,8,5,1.0,0,40,13,0,0
Variant 3,Medium,Feature Request,App,8,5,1.0,0,40,7,0,0
Variant 4,Medium,Service Request,Email,7,5,1.0,0,35,11,0,0
Variant 1,Low,Feature Request,Email,6,2,0.0,0,12,1,1,0
Variant 4,Low,Incident,Email,7,6,1.0,0,42,20,1,0
Variant 8,Medium,Performance Issue,Website,10,3,0.0,0,30,20,0,0
Variant 1,Medium,Maintenance,Website,6,3,0.0,0,18,20,0,0
Variant 4,High,Incident,Website,7,5,1.0,0,35,14,0,0
Variant 3,High,Performance Issue,Website,8,5,1.0,0,40,0,0,0
Variant 8,Medium,Incident,Email,10,3,0.0,0,30,16,0,0
Variant 3,High,Service Request,Email,8,4,1.0,0,32,5,0,0
Variant 4,Medium,Service Request,Email,7,4,1.0,0,28,20,0,0
Variant 4,Medium,Feature Request,Email,7,5,1.0,0,35,15,0,0
Variant 3,Low,Maintenance,Phone,8,4,1.0,0,32,8,0,0
Variant 3,Medium,Performance Issue,App,8,5,1.0,0,40,21,0,0
Variant 3,Medium,Performance Issue,Website,8,4,1.0,0,32,14,0,0
Variant 4,Low,Incident,Phone,7,5,1.0,0,35,10,0,0
Variant 3,High,Performance Issue,Phone,8,5,1.0,0,40,6,0,1
Variant 1,Medium,Bug,Website,6,3,0.0,0,18,12,0,0
Variant 4,Medium,Bug,Email,7,4,1.0,0,28,0,0,0
Variant 3,Low,Feature Request,Email,8,5,1.0,0,40,0,0,0
Variant 1,Medium,Bug,Website,6,3,0.0,0,18,8,0,0
Variant 3,High,Performance Issue,App,8,5,1.0,0,40,16,1,0
Variant 1,High,Bug,Website,6,3,0.0,0,18,4,0,0
Variant 3,Medium,Maintenance,Email,8,4,1.0,0,32,1,0,0
Variant 3,High,Service Request,Website,8,5,1.0,0,40,4,0,0
Variant 1,Medium,Bug,Website,6,3,0.0,0,18,6,0,0
Variant 10,High,Bug,Website,6,3,1.0,1,18,5,0,0
Variant 3,Low,Incident,Email,8,6,1.0,0,48,16,1,0
Variant 1,Medium,Incident,Email,6,3,0.0,0,18,16,0,0
Variant 1,High,Bug,Email,6,3,0.0,0,18,22,0,0
Variant 3,Medium,Feature Request,Website,8,6,1.0,0,48,3,0,0
Variant 1,High,Incident,Website,6,3,0.0,0,18,7,0,0
Variant 1,Medium,Feature Request,Email,6,3,0.0,0,18,21,0,0
Variant 3,Medium,Performance Issue,Website,8,4,1.0,0,32,23,0,0
Variant 3,Low,Service Request,Email,8,5,1.0,0,40,5,1,0
Variant 3,Low,Technical Issue,Website,8,4,1.0,0,32,5,0,0
Variant 4,Low,Technical Issue,Email,7,5,1.0,0,35,9,0,0
Variant 8,Medium,Service Request,Email,10,3,0.0,0,30,10,1,0
Variant 3,High,Feature Request,Email,8,5,1.0,0,40,23,0,0
Variant 1,Low,Service Request,App,6,2,0.0,0,12,8,0,0
Variant 1,Medium,Feature Request,App,6,3,0.0,0,18,16,0,0
Variant 3,High,Incident,Email,8,4,1.0,0,32,19,0,0
Variant 3,Medium,Incident,Email,8,4,1.0,0,32,21,0,0
Variant 4,High,Incident,Email,7,4,1.0,0,28,17,0,0
Variant 8,Medium,Bug,Website,10,2,0.0,0,20,3,0,0
Variant 4,Low,Bug,Website,7,5,1.0,0,35,3,1,0
Variant 1,Medium,Performance Issue,Email,6,3,0.0,0,18,17,0,0
Variant 3,Medium,Feature Request,Email,8,4,1.0,0,32,4,1,0
Variant 3,Low,Incident,Website,8,5,1.0,0,40,5,0,0
Variant 9,Medium,Feature Request,App,10,4,1.0,0,40,6,0,0
Variant 1,Medium,Incident,Email,6,3,0.0,0,18,15,1,0
Variant 3,Low,Performance Issue,Website,8,5,1.0,0,40,23,0,0
Variant 3,Medium,Performance Issue,Website,8,4,1.0,0,32,3,1,0
Variant 3,High,Performance Issue,Email,8,4,1.0,0,32,22,1,0
Variant 1,Medium,Performance Issue,Website,6,3,0.0,0,18,20,1,0
Variant 1,Low,Feature Request,Website,6,3,0.0,0,18,12,1,0
Variant 4,Medium,Service Request,Website,7,4,1.0,0,28,5,1,0
Variant 1,Medium,Technical Issue,Email,6,3,0.0,0,18,13,0,0
Variant 5,High,Incident,Email,12,5,1.0,1,60,8,0,1
Variant 1,Low,Performance Issue,App,6,2,0.0,0,12,14,1,0
Variant 13,Medium,Feature Request,Email,11,5,1.0,0,55,6,0,0
Variant 10,Medium,Bug,Email,6,4,1.0,1,24,22,0,0
Variant 3,Low,Performance Issue,Website,8,4,1.0,0,32,13,0,0
Variant 1,Low,Maintenance,Email,6,3,0.0,0,18,16,0,0
Variant 3,Low,Technical Issue,Website,8,3,1.0,0,24,16,1,0
Variant 3,Medium,Performance Issue,Email,8,5,1.0,0,40,17,0,0
Variant 1,Medium,Maintenance,Website,6,3,0.0,0,18,11,0,0
Variant 1,Low,Incident,Email,6,3,0.0,0,18,6,0,0
Variant 1,Low,Bug,Website,6,3,0.0,0,18,20,1,0
Variant 1,Medium,Performance Issue,Email,6,3,0.0,0,18,9,1,0
Variant 1,Medium,Bug,Email,6,3,0.0,0,18,20,0,0
Variant 3,Medium,Service Request,Email,8,5,1.0,0,40,18,0,0
Variant 2,Low,Bug,Website,4,3,0.0,1,12,17,0,0
Variant 1,Medium,Bug,Email,6,3,0.0,0,18,19,0,0
Variant 2,Low,Bug,Website,4,2,0.0,1,8,19,1,0
Variant 3,Medium,Performance Issue,Website,8,3,1.0,0,24,15,0,0
Variant 7,High,Bug,Website,15,8,3.0,0,120,14,0,1
Variant 3,Low,Performance Issue,Phone,8,5,1.0,0,40,11,0,0
Variant 12,Medium,Service Request,Website,6,3,0.0,0,18,2,0,0
Variant 1,Medium,Technical Issue,Email,6,3,0.0,0,18,21,1,0
Variant 3,Medium,Service Request,Website,8,5,1.0,0,40,11,1,0
Variant 1,Low,Incident,Website,6,3,0.0,0,18,14,0,0
Variant 3,High,Performance Issue,Website,8,5,1.0,0,40,2,1,0
Variant 7,Medium,Bug,Email,15,8,3.0,0,120,6,0,0
Variant 1,Medium,Incident,Website,6,3,0.0,0,18,2,0,0
Variant 3,Low,Incident,App,8,4,1.0,0,32,9,0,0
Variant 1,Medium,Bug,Email,6,2,0.0,0,12,12,0,0
Variant 7,High,Bug,App,15,7,3.0,0,105,20,1,0
Variant 6,Medium,Bug,Website,10,7,2.0,0,70,22,0,0
Variant 5,Medium,Service Request,Email,12,5,1.0,1,60,18,0,0
Variant 1,Low,Performance Issue,Website,6,2,0.0,0,12,0,0,0
Variant 8,Medium,Performance Issue,Email,10,3,0.0,0,30,17,1,0
Variant 3,High,Performance Issue,Website,8,5,1.0,0,40,5,0,0
Variant 3,Medium,Feature Request,Email,8,4,1.0,0,32,4,1,0
Variant 1,Medium,Service Request,Email,6,3,0.0,0,18,14,1,0
Variant 1,Medium,Technical Issue,Website,6,3,0.0,0,18,19,0,0
Variant 4,Medium,Feature Request,Email,7,4,1.0,0,28,12,1,0
Variant 3,High,Performance Issue,Email,8,5,1.0,0,40,5,0,0
Variant 5,Medium,Bug,Email,12,5,1.0,1,60,6,1,0
Variant 10,High,Feature Request,Website,6,4,1.0,1,24,19,1,0
Variant 9,High,Feature Request,Website,10,5,1.0,0,50,19,0,0
Variant 1,High,Performance Issue,Email,6,3,0.0,0,18,23,0,0
Variant 3,High,Maintenance,Email,8,4,1.0,0,32,11,0,0
Variant 4,High,Feature Request,Website,7,5,1.0,0,35,22,0,0
Variant 6,Medium,Incident,Website,10,6,2.0,0,60,8,0,0
Variant 1,Low,Bug,Email,6,3,0.0,0,18,0,0,0
Variant 1,Medium,Maintenance,Email,6,3,0.0,0,18,17,0,0
Variant 1,Medium,Bug,Website,6,3,0.0,0,18,2,0,0
Variant 3,Low,Feature Request,Phone,8,3,1.0,0,24,4,0,0
Variant 9,Low,Bug,Email,10,4,1.0,0,40,20,0,0
Variant 1,High,Bug,Email,6,2,0.0,0,12,20,0,0
Variant 4,Medium,Incident,Email,7,4,1.0,0,28,21,0,0
Variant 1,Medium,Bug,Email,6,2,0.0,0,12,10,1,0
Variant 3,Medium,Incident,Website,8,4,1.0,0,32,6,1,0
Variant 1,Low,Performance Issue,Email,6,3,0.0,0,18,8,0,0
Variant 3,High,Service Request,Website,8,3,1.0,0,24,7,0,0
Variant 3,High,Performance Issue,Email,8,6,1.0,0,48,17,1,0
Variant 5,Medium,Service Request,Website,12,5,1.0,1,60,16,0,0
Variant 8,Low,Bug,App,10,2,0.0,0,20,9,0,0
Variant 9,High,Service Request,Website,10,5,1.0,0,50,11,0,1
Variant 2,High,Bug,Website,4,3,0.0,1,12,14,1,0
Variant 1,Low,Maintenance,Email,6,2,0.0,0,12,1,0,0
Variant 3,High,Feature Request,Website,8,6,1.0,0,48,6,0,1
Variant 3,Medium,Incident,Website,8,3,1.0,0,24,12,1,0
Variant 3,Low,Feature Request,Email,8,4,1.0,0,32,9,0,0
Variant 2,Medium,Service Request,Website,4,2,0.0,1,8,5,0,0
Variant 3,High,Feature Request,Website,8,3,1.0,0,24,3,0,0
Variant 1,Low,Feature Request,Website,6,3,0.0,0,18,9,0,0
Variant 3,Medium,Performance Issue,Website,8,5,1.0,0,40,8,1,0
Variant 3,High,Performance Issue,App,8,4,1.0,0,32,2,0,0
Variant 5,Medium,Feature Request,Email,12,4,1.0,1,48,18,0,0
Variant 1,Low,Bug,Website,6,3,0.0,0,18,3,0,0
Variant 1,Low,Bug,Email,6,3,0.0,0,18,0,0,0
Variant 3,Medium,Maintenance,Website,8,5,1.0,0,40,3,0,0
Variant 3,Medium,Performance Issue,Website,8,5,1.0,0,40,7,0,0
Variant 3,Medium,Feature Request,Website,8,5,1.0,0,40,14,0,0
Variant 1,High,Incident,Website,6,3,0.0,0,18,18,0,0
Variant 8,Medium,Incident,Email,10,3,0.0,0,30,22,1,0
Variant 3,Low,Performance Issue,Email,8,5,1.0,0,40,2,0,0
Variant 6,Medium,Service Request,Email,10,8,2.0,0,80,23,1,0
Variant 4,Low,Incident,App,7,5,1.0,0,35,18,0,0
Variant 1,High,Performance Issue,Website,6,3,0.0,0,18,7,0,0
Variant 11,Medium,Bug,Email,6,3,0.0,0,18,3,1,0
Variant 1,Medium,Feature Request,Email,6,3,0.0,0,18,18,0,0
Variant 3,High,Feature Request,Website,8,5,1.0,0,40,18,0,0
Variant 2,High,Bug,Website,4,2,0.0,1,8,18,0,0
Variant 1,Medium,Performance Issue,Website,6,2,0.0,0,12,9,1,0
Variant 3,Medium,Performance Issue,Website,8,4,1.0,0,32,18,0,0
Variant 3,Low,Maintenance,App,8,4,1.0,0,32,18,0,0
Variant 6,Low,Feature Request,Website,10,6,2.0,0,60,4,0,0
Variant 3,Medium,Performance Issue,Email,8,6,1.0,0,48,3,0,0
Variant 3,Low,Performance Issue,Email,8,4,1.0,0,32,5,0,0
Variant 1,Medium,Performance Issue,Email,6,3,0.0,0,18,12,0,0
Variant 3,Medium,Maintenance,Website,8,5,1.0,0,40,16,0,0
Variant 3,Low,Performance Issue,Email,8,4,1.0,0,32,11,0,0
Variant 1,Medium,Feature Request,Email,6,3,0.0,0,18,18,1,0
Variant 4,Medium,Feature Request,Website,7,5,1.0,0,35,10,0,0
Variant 11,Medium,Bug,Website,6,3,0.0,0,18,9,0,0
Variant 4,High,Performance Issue,Email,7,4,1.0,0,28,19,1,0
Variant 3,Medium,Performance Issue,Email,8,5,1.0,0,40,7,0,0
Variant 8,Medium,Maintenance,Email,10,3,0.0,0,30,20,0,0
Variant 3,Low,Performance Issue,Website,8,4,1.0,0,32,9,1,0
Variant 5,Low,Performance Issue,Website,12,5,1.0,1,60,12,1,0
Variant 4,Low,Service Request,Website,7,4,1.0,0,28,10,0,0
Variant 3,Low,Performance Issue,Website,8,3,1.0,0,24,4,0,0
Variant 1,Medium,Feature Request,App,6,2,0.0,0,12,15,1,0
Variant 5,Medium,Maintenance,Website,12,5,1.0,1,60,21,0,0
Variant 1,Medium,Bug,Website,6,3,0.0,0,18,13,0,0
Variant 10,Medium,Bug,Phone,6,4,1.0,1,24,16,0,0
Variant 3,Low,Performance Issue,Email,8,4,1.0,0,32,13,0,0
Variant 4,Medium,Bug,Email,7,4,1.0,0,28,9,0,0
Variant 11,Low,Feature Request,Website,6,2,0.0,0,12,4,0,0
Variant 12,Medium,Incident,Email,6,3,0.0,0,18,3,0,0
Variant 3,Low,Incident,Email,8,5,1.0,0,40,11,0,0
Variant 6,Medium,Bug,Website,10,4,2.0,0,40,18,0,0
Variant 3,Low,Feature Request,Email,8,4,1.0,0,32,7,0,0
Variant 3,Low,Performance Issue,Website,8,4,1.0,0,32,3,1,0
Variant 1,Medium,Service Request,Email,6,3,0.0,0,18,20,0,0
Variant 3,High,Performance Issue,Website,8,4,1.0,0,32,18,0,0
Variant 5,High,Service Request,Email,12,6,1.0,1,72,0,1,1
Variant 3,Medium,Performance Issue,Website,8,4,1.0,0,32,22,0,0
Variant 1,Medium,Technical Issue,Website,6,2,0.0,0,12,9,0,0
Variant 3,Medium,Performance Issue,Email,8,5,1.0,0,40,12,0,0
Variant 1,Medium,Technical Issue,Website,6,2,0.0,0,12,3,1,0
Variant 4,Medium,Feature Request,Website,7,3,1.0,0,21,18,0,0
Variant 7,Medium,Bug,App,15,8,3.0,0,120,22,1,0
Variant 5,Medium,Incident,Website,12,4,1.0,1,48,18,0,0
Variant 4,Low,Performance Issue,Website,7,5,1.0,0,35,10,0,0
Variant 1,High,Bug,Website,6,2,0.0,0,12,9,0,0
Variant 2,Medium,Bug,Website,4,3,0.0,1,12,10,0,0
Variant 1,Medium,Feature Request,Website,6,2,0.0,0,12,3,0,0
Variant 3,Low,Incident,Email,8,4,1.0,0,32,10,0,0
Variant 3,Low,Performance Issue,Email,8,5,1.0,0,40,15,0,0
Variant 7,Medium,Bug,Website,15,7,3.0,0,105,3,0,0
Variant 11,Low,Bug,Email,6,3,0.0,0,18,21,0,0
Variant 4,Medium,Incident,Website,7,5,1.0,0,35,17,0,0
Variant 3,Low,Feature Request,Website,8,5,1.0,0,40,13,1,0
Variant 3,High,Feature Request,Website,8,6,1.0,0,48,5,0,0
Variant 3,Medium,Service Request,Phone,8,4,1.0,0,32,13,0,0
Variant 3,High,Performance Issue,Website,8,5,1.0,0,40,10,0,0
Variant 3,Medium,Service Request,Website,8,6,1.0,0,48,19,0,0
Variant 3,High,Feature Request,Website,8,5,1.0,0,40,15,1,0
Variant 1,Medium,Feature Request,Email,6,3,0.0,0,18,3,0,0
Variant 1,Medium,Feature Request,Website,6,3,0.0,0,18,14,0,0
Variant 4,Medium,Service Request,Website,7,4,1.0,0,28,18,0,0
Variant 3,Medium,Performance Issue,Website,8,5,1.0,0,40,0,0,0
Variant 4,Low,Feature Request,Email,7,5,1.0,0,35,9,0,0
Variant 3,Medium,Feature Request,Website,8,5,1.0,0,40,7,0,0
Variant 1,High,Incident,Email,6,2,0.0,0,12,11,1,0
Variant 1,Low,Feature Request,Email,6,2,0.0,0,12,10,0,0
Variant 4,Low,Service Request,Email,7,5,1.0,0,35,13,1,0
Variant 8,Low,Incident,Website,10,3,0.0,0,30,12,0,0
Variant 4,Low,Service Request,Website,7,3,1.0,0,21,8,0,0
Variant 1,Medium,Service Request,Website,6,3,0.0,0,18,21,0,0
Variant 9,High,Bug,Email,10,5,1.0,0,50,6,0,1
Variant 1,Low,Feature Request,Email,6,2,0.0,0,12,22,0,0
Variant 1,Medium,Bug,Email,6,3,0.0,0,18,11,0,0
Variant 3,Low,Incident,Email,8,5,1.0,0,40,13,0,0
Variant 3,Medium,Incident,Website,8,5,1.0,0,40,13,0,0
Variant 3,Medium,Feature Request,Website,8,4,1.0,0,32,2,0,0
Variant 3,Low,Service Request,Email,8,4,1.0,0,32,4,1,0
Variant 1,Medium,Bug,Website,6,3,0.0,0,18,8,0,0
Variant 1,Medium,Bug,Email,6,2,0.0,0,12,4,0,0
Variant 4,Low,Service Request,Email,7,3,1.0,0,21,10,0,0
Variant 1,Medium,Incident,Phone,6,3,0.0,0,18,19,0,0
Variant 1,Low,Incident,Website,6,2,0.0,0,12,11,0,0
Variant 4,Medium,Service Request,Website,7,5,1.0,0,35,20,1,0
Variant 10,Medium,Incident,Email,6,4,1.0,1,24,3,1,0
Variant 3,Medium,Maintenance,App,8,4,1.0,0,32,4,0,0
Variant 9,Medium,Incident,Website,10,5,1.0,0,50,20,1,0
Variant 6,Medium,Technical Issue,Email,10,5,2.0,0,50,18,1,0
Variant 10,High,Service Request,Website,6,3,1.0,1,18,0,0,0
Variant 3,Medium,Performance Issue,Website,8,5,1.0,0,40,13,0,0
Variant 4,Medium,Bug,Email,7,5,1.0,0,35,18,0,0
Variant 1,Medium,Bug,App,6,2,0.0,0,12,19,0,0
Variant 3,Medium,Maintenance,Website,8,4,1.0,0,32,5,1,0
Variant 1,Low,Feature Request,Website,6,3,0.0,0,18,4,0,0
Variant 3,Low,Feature Request,Website,8,4,1.0,0,32,9,0,0
Variant 1,Low,Feature Request,Email,6,2,0.0,0,12,0,0,0
Variant 4,Low,Feature Request,Website,7,5,1.0,0,35,5,0,0
Variant 1,Medium,Performance Issue,Website,6,3,0.0,0,18,23,0,0
Variant 1,Medium,Feature Request,Website,6,3,0.0,0,18,17,1,0
Variant 1,High,Feature Request,Website,6,3,0.0,0,18,7,0,0
Variant 3,High,Performance Issue,Website,8,3,1.0,0,24,6,1,0
Variant 1,Low,Performance Issue,Website,6,3,0.0,0,18,5,0,0
Variant 3,High,Performance Issue,Email,8,4,1.0,0,32,6,0,0
Variant 1,High,Bug,Email,6,3,0.0,0,18,1,0,0
Variant 9,Medium,Service Request,Website,10,5,1.0,0,50,0,1,0
Variant 3,Low,Service Request,Website,8,5,1.0,0,40,17,1,0
Variant 1,Medium,Feature Request,Website,6,3,0.0,0,18,7,0,0
Variant 6,High,Bug,Website,10,7,2.0,0,70,10,0,0
Variant 3,Low,Performance Issue,Email,8,5,1.0,0,40,11,1,0
Variant 3,High,Performance Issue,Website,8,4,1.0,0,32,10,0,0
Variant 4,Medium,Performance Issue,Email,7,4,1.0,0,28,11,0,0
Variant 1,Medium,Bug,Email,6,3,0.0,0,18,22,0,0
Variant 1,Low,Service Request,Website,6,3,0.0,0,18,13,0,0
Variant 3,Medium,Incident,Website,8,4,1.0,0,32,8,0,0
Variant 1,Low,Incident,Website,6,2,0.0,0,12,8,1,0
Variant 1,Medium,Service Request,Website,6,3,0.0,0,18,16,0,0
Variant 1,High,Bug,Email,6,3,0.0,0,18,3,1,0
Variant 3,High,Performance Issue,Website,8,5,1.0,0,40,10,0,0
Variant 1,Medium,Bug,Website,6,3,0.0,0,18,18,0,0
Variant 1,High,Feature Request,Email,6,3,0.0,0,18,14,0,0
Variant 3,Low,Performance Issue,Website,8,3,1.0,0,24,6,1,0
Variant 3,Low,Incident,Website,8,4,1.0,0,32,9,0,0
Variant 5,Medium,Bug,App,12,5,1.0,1,60,22,0,0
Variant 3,Low,Maintenance,Website,8,6,1.0,0,48,19,1,0
Variant 1,High,Bug,Email,6,3,0.0,0,18,21,0,0
Variant 1,Low,Bug,Website,6,2,0.0,0,12,23,0,0
Variant 3,High,Performance Issue,Website,8,5,1.0,0,40,15,1,0
Variant 1,Medium,Bug,Website,6,3,0.0,0,18,0,0,0
Variant 2,Low,Incident,Website,4,3,0.0,1,12,1,0,0
Variant 1,Medium,Service Request,Website,6,3,0.0,0,18,14,1,0
Variant 13,Medium,Service Request,Email,11,4,1.0,0,44,4,0,0
Variant 1,Medium,Incident,Website,6,2,0.0,0,12,7,1,0
Variant 9,Medium,Bug,Email,10,4,1.0,0,40,15,0,0
Variant 4,Medium,Bug,Website,7,3,1.0,0,21,12,0,0
Variant 3,High,Technical Issue,Email,8,4,1.0,0,32,21,0,0
Variant 3,Medium,Feature Request,Website,8,4,1.0,0,32,0,1,0
Variant 1,Medium,Incident,Email,6,3,0.0,0,18,17,0,0
Variant 3,Medium,Performance Issue,Email,8,5,1.0,0,40,4,0,0
Variant 3,Medium,Performance Issue,Website,8,3,1.0,0,24,1,1,0
Variant 1,Medium,Feature Request,Email,6,2,0.0,0,12,10,0,0
Variant 4,Medium,Performance Issue,Website,7,3,1.0,0,21,2,0,0
Variant 3,Low,Performance Issue,Website,8,5,1.0,0,40,14,1,0
Variant 9,High,Performance Issue,Website,10,3,1.0,0,30,5,0,1
Variant 3,Medium,Incident,Email,8,5,1.0,0,40,6,0,0
Variant 1,Low,Feature Request,Email,6,2,0.0,0,12,6,0,0
Variant 3,Medium,Feature Request,Website,8,4,1.0,0,32,2,0,0
Variant 1,Low,Feature Request,Email,6,3,0.0,0,18,7,0,0
Variant 1,Medium,Bug,Email,6,2,0.0,0,12,3,0,0
Variant 1,High,Bug,Website,6,3,0.0,0,18,19,0,0
Variant 3,High,Maintenance,Email,8,5,1.0,0,40,0,0,1
Variant 3,High,Incident,Email,8,5,1.0,0,40,15,0,0
Variant 1,High,Service Request,Website,6,3,0.0,0,18,23,0,0
Variant 1,Medium,Incident,Website,6,3,0.0,0,18,2,1,0
Variant 9,Medium,Service Request,App,10,4,1.0,0,40,17,0,0
Variant 1,Medium,Incident,Website,6,3,0.0,0,18,9,0,0
Variant 2,Low,Bug,Website,4,2,0.0,1,8,1,1,0
Variant 1,Medium,Feature Request,Phone,6,2,0.0,0,12,7,0,0
Variant 10,Medium,Incident,Website,6,4,1.0,1,24,13,0,0
Variant 1,Medium,Service Request,Email,6,2,0.0,0,12,3,0,0
Variant 3,Medium,Performance Issue,Website,8,4,1.0,0,32,8,1,0
Variant 6,High,Feature Request,Email,10,5,2.0,0,50,9,0,0
Variant 1,High,Bug,Email,6,2,0.0,0,12,2,0,0
Variant 1,Medium,Feature Request,Website,6,3,0.0,0,18,11,0,0
Variant 3,Medium,Performance Issue,Email,8,5,1.0,0,40,22,0,0
Variant 3,High,Performance Issue,Website,8,6,1.0,0,48,21,0,0
Variant 1,Low,Service Request,Website,6,3,0.0,0,18,22,1,0
Variant 3,High,Feature Request,Website,8,5,1.0,0,40,5,0,0
Variant 7,Medium,Bug,Website,15,8,3.0,0,120,22,0,0
Variant 2,Low,Service Request,Website,4,2,0.0,1,8,2,0,0
Variant 1,Low,Incident,Website,6,3,0.0,0,18,18,0,0
Variant 3,Low,Performance Issue,Website,8,4,1.0,0,32,12,0,0
Variant 3,High,Maintenance,Website,8,5,1.0,0,40,4,1,0
Variant 3,Low,Performance Issue,Website,8,4,1.0,0,32,16,0,0
Variant 1,Low,Technical Issue,Website,6,3,0.0,0,18,0,0,0
Variant 1,Medium,Service Request,Website,6,3,0.0,0,18,18,0,0
Variant 5,Medium,Feature Request,Email,12,5,1.0,1,60,13,0,0
Variant 9,High,Bug,Phone,10,5,1.0,0,50,3,0,1
Variant 1,High,Incident,Email,6,3,0.0,0,18,14,1,0
Variant 4,Low,Maintenance,Email,7,4,1.0,0,28,19,1,0
Variant 1,Medium,Bug,Website,6,3,0.0,0,18,2,0,0
Variant 4,Medium,Performance Issue,Website,7,4,1.0,0,28,1,0,0
Variant 1,Medium,Performance Issue,Email,6,3,0.0,0,18,12,1,0
Variant 3,High,Maintenance,Website,8,4,1.0,0,32,7,0,0
Variant 3,Medium,Performance Issue,Website,8,5,1.0,0,40,20,0,0
Variant 1,Medium,Feature Request,Website,6,3,0.0,0,18,18,1,0
Variant 3,High,Feature Request,Email,8,4,1.0,0,32,22,1,1
Variant 1,High,Bug,Website,6,3,0.0,0,18,3,1,0
Variant 3,Medium,Service Request,Website,8,5,1.0,0,40,14,0,0
Variant 1,Low,Bug,Website,6,3,0.0,0,18,10,0,0
Variant 11,Low,Performance Issue,Email,6,3,0.0,0,18,12,0,0
Variant 1,Low,Service Request,Email,6,2,0.0,0,12,23,1,0
Variant 3,Medium,Feature Request,Website,8,4,1.0,0,32,1,0,0
Variant 1,High,Bug,Website,6,3,0.0,0,18,1,1,0
Variant 3,High,Technical Issue,Email,8,5,1.0,0,40,7,1,0
Variant 3,High,Feature Request,Email,8,5,1.0,0,40,20,1,0
Variant 1,Low,Incident,Website,6,3,0.0,0,18,1,0,0
Variant 1,Low,Bug,Email,6,2,0.0,0,12,11,0,0
Variant 2,Medium,Performance Issue,Email,4,3,0.0,1,12,2,0,0
Variant 3,Low,Feature Request,Website,8,4,1.0,0,32,1,0,0
Variant 3,Low,Performance Issue,Email,8,5,1.0,0,40,23,0,0
Variant 1,High,Incident,Website,6,3,0.0,0,18,0,0,0
Variant 3,Medium,Incident,Website,8,5,1.0,0,40,15,0,0
Variant 3,Medium,Feature Request,Email,8,4,1.0,0,32,18,0,0
Variant 8,Medium,Incident,Website,10,3,0.0,0,30,0,1,0
Variant 3,Low,Incident,Website,8,5,1.0,0,40,10,0,0
Variant 3,Medium,Maintenance,App,8,6,1.0,0,48,14,1,0
Variant 3,Low,Technical Issue,Website,8,3,1.0,0,24,2,0,0
Variant 1,Medium,Bug,Email,6,3,0.0,0,18,9,0,0
Variant 3,Low,Performance Issue,Phone,8,3,1.0,0,24,18,0,0
Variant 4,High,Bug,Email,7,3,1.0,0,21,1,0,0
Variant 1,Medium,Feature Request,Website,6,3,0.0,0,18,17,0,0
Variant 3,Low,Performance Issue,Website,8,4,1.0,0,32,23,0,0
Variant 11,Medium,Feature Request,Email,6,2,0.0,0,12,22,1,0
Variant 1,Low,Bug,Email,6,3,0.0,0,18,15,0,0
Variant 1,Medium,Service Request,Email,6,3,0.0,0,18,7,1,0
Variant 3,Low,Maintenance,Email,8,5,1.0,0,40,19,0,0
Variant 1,Medium,Service Request,Email,6,2,0.0,0,12,23,0,0
Variant 5,Medium,Bug,Email,12,3,1.0,1,36,0,0,0
Variant 1,Medium,Incident,Email,6,2,0.0,0,12,9,0,0
Variant 4,Medium,Technical Issue,Email,7,3,1.0,0,21,8,0,0
Variant 7,High,Bug,App,15,8,3.0,0,120,5,0,1
Variant 1,Low,Bug,Email,6,3,0.0,0,18,22,1,0
Variant 1,Medium,Feature Request,Website,6,3,0.0,0,18,18,0,0
Variant 3,Medium,Service Request,Website,8,3,1.0,0,24,16,0,0
Variant 1,Medium,Maintenance,Email,6,3,0.0,0,18,12,1,0
Variant 3,Low,Performance Issue,Email,8,6,1.0,0,48,1,1,0
Variant 3,High,Incident,Website,8,4,1.0,0,32,15,0,0
Variant 10,Low,Incident,Email,6,3,1.0,1,18,8,0,0
Variant 1,Low,Incident,Website,6,3,0.0,0,18,8,0,0
Variant 2,High,Performance Issue,Website,4,3,0.0,1,12,12,1,0
Variant 3,High,Feature Request,Email,8,5,1.0,0,40,15,1,0
Variant 4,High,Performance Issue,Email,7,5,1.0,0,35,12,0,0
Variant 1,Medium,Performance Issue,App,6,3,0.0,0,18,21,0,0
Variant 3,High,Service Request,App,8,5,1.0,0,40,12,0,0
Variant 1,Low,Incident,App,6,3,0.0,0,18,4,1,0
Variant 1,Low,Feature Request,Website,6,3,0.0,0,18,13,0,0
Variant 1,Low,Feature Request,Email,6,2,0.0,0,12,1,0,0
Variant 3,Low,Performance Issue,Email,8,3,1.0,0,24,16,1,0
Variant 1,Medium,Service Request,Email,6,2,0.0,0,12,17,0,0
Variant 4,Medium,Feature Request,Website,7,3,1.0,0,21,23,0,0
Variant 3,Medium,Performance Issue,Email,8,3,1.0,0,24,8,0,0
Variant 3,High,Incident,App,8,5,1.0,0,40,19,0,0
Variant 1,High,Bug,Website,6,2,0.0,0,12,9,1,0
Variant 3,Medium,Performance Issue,Website,8,4,1.0,0,32,2,0,0
Variant 1,Low,Bug,Website,6,3,0.0,0,18,14,0,0
Variant 1,Medium,Technical Issue,Email,6,3,0.0,0,18,21,0,0
Variant 1,Low,Performance Issue,Email,6,2,0.0,0,12,9,0,0
Variant 4,Medium,Bug,Website,7,5,1.0,0,35,7,0,0
Variant 1,Low,Bug,Website,6,3,0.0,0,18,20,1,0
Variant 8,Medium,Performance Issue,Website,10,3,0.0,0,30,16,0,0
Variant 3,Medium,Performance Issue,Email,8,5,1.0,0,40,12,1,0
Variant 3,Low,Performance Issue,Email,8,3,1.0,0,24,20,0,0
Variant 3,Medium,Performance Issue,Website,8,5,1.0,0,40,2,1,0
Variant 1,High,Maintenance,Website,6,3,0.0,0,18,14,0,0
Variant 1,High,Bug,Website,6,2,0.0,0,12,13,1,0
Variant 3,Low,Performance Issue,Email,8,5,1.0,0,40,18,0,0
Variant 1,Low,Feature Request,Website,6,2,0.0,0,12,17,0,0
Variant 1,Medium,Bug,Email,6,2,0.0,0,12,6,0,0
Variant 13,High,Performance Issue,Email,11,5,1.0,0,55,10,0,1
Variant 1,Medium,Technical Issue,Website,6,3,0.0,0,18,12,0,0
Variant 1,Low,Feature Request,Email,6,2,0.0,0,12,4,0,0
Variant 1,Low,Bug,Website,6,3,0.0,0,18,1,0,0
Variant 3,Medium,Performance Issue,Email,8,5,1.0,0,40,6,1,0
Variant 3,Low,Feature Request,Phone,8,6,1.0,0,48,16,1,0
Variant 5,High,Feature Request,Email,12,5,1.0,1,60,6,0,0
Variant 3,Low,Performance Issue,Website,8,4,1.0,0,32,10,0,0
Variant 4,High,Performance Issue,Website,7,4,1.0,0,28,17,0,0
Variant 2,High,Bug,Email,4,3,0.0,1,12,7,0,0
Variant 3,Low,Incident,Email,8,3,1.0,0,24,19,1,0
Variant 3,High,Incident,Phone,8,5,1.0,0,40,3,0,0
Variant 7,High,Bug,Email,15,7,3.0,0,105,0,1,1
Variant 1,Medium,Bug,Website,6,3,0.0,0,18,2,0,0
Variant 1,Medium,Service Request,Email,6,2,0.0,0,12,0,0,0
Variant 1,Low,Bug,Website,6,3,0.0,0,18,9,1,0
Variant 1,High,Bug,App,6,3,0.0,0,18,20,1,0
Variant 8,Medium,Maintenance,Email,10,2,0.0,0,20,15,1,0
Variant 3,Low,Maintenance,App,8,4,1.0,0,32,5,1,0
Variant 3,Medium,Performance Issue,App,8,4,1.0,0,32,10,0,0
Variant 4,Medium,Feature Request,Email,7,5,1.0,0,35,13,0,0
Variant 1,High,Service Request,Website,6,3,0.0,0,18,20,1,0
Variant 3,High,Performance Issue,Email,8,4,1.0,0,32,16,0,0
Variant 1,Low,Technical Issue,Email,6,3,0.0,0,18,13,0,0
Variant 5,Medium,Service Request,Website,12,5,1.0,1,60,23,0,0
Variant 10,Medium,Performance Issue,Website,6,3,1.0,1,18,16,1,0
Variant 1,Medium,Bug,Website,6,2,0.0,0,12,19,0,0
Variant 1,Medium,Feature Request,Email,6,3,0.0,0,18,1,0,0
Variant 2,Low,Feature Request,Website,4,3,0.0,1,12,12,0,0
Variant 2,Medium,Performance Issue,App,4,3,0.0,1,12,1,0,0
Variant 3,Medium,Incident,Website,8,6,1.0,0,48,14,0,0
Variant 1,Medium,Feature Request,Website,6,3,0.0,0,18,8,1,0
Variant 3,High,Performance Issue,Website,8,4,1.0,0,32,3,1,1
Variant 3,Low,Performance Issue,Email,8,6,1.0,0,48,6,0,0
Variant 4,Low,Maintenance,Website,7,3,1.0,0,21,16,0,0
Variant 3,Medium,Performance Issue,Phone,8,4,1.0,0,32,9,1,0
Variant 3,High,Feature Request,Email,8,5,1.0,0,40,12,0,0
Variant 3,Medium,Feature Request,Email,8,5,1.0,0,40,20,0,0
Variant 3,Medium,Feature Request,Website,8,4,1.0,0,32,1,0,0
Variant 3,Medium,Maintenance,Website,8,4,1.0,0,32,23,1,0
Variant 11,Low,Bug,Phone,6,4,0.0,0,24,11,0,0
Variant 9,Low,Feature Request,Email,10,4,1.0,0,40,0,1,0
Variant 3,High,Technical Issue,Email,8,5,1.0,0,40,7,1,0
Variant 9,High,Bug,Website,10,5,1.0,0,50,22,0,0
Variant 1,Low,Service Request,Email,6,2,0.0,0,12,13,1,0
Variant 3,Low,Performance Issue,Email,8,5,1.0,0,40,17,0,0
Variant 1,Low,Performance Issue,Email,6,3,0.0,0,18,16,1,0
Variant 1,Low,Bug,Website,6,3,0.0,0,18,22,0,0
Variant 1,Low,Service Request,Website,6,3,0.0,0,18,1,1,0
Variant 1,Medium,Feature Request,App,6,3,0.0,0,18,19,0,0
Variant 6,High,Feature Request,Email,10,6,2.0,0,60,21,0,0
Variant 3,High,Incident,Email,8,5,1.0,0,40,5,0,0
Variant 4,High,Bug,App,7,5,1.0,0,35,16,0,1
Variant 1,Medium,Maintenance,Website,6,2,0.0,0,12,2,0,0
Variant 3,High,Feature Request,Website,8,5,1.0,0,40,19,1,0
Variant 1,Low,Bug,Website,6,3,0.0,0,18,13,0,0
Variant 4,High,Feature Request,Email,7,4,1.0,0,28,21,0,0
Variant 1,Low,Maintenance,Website,6,2,0.0,0,12,17,0,0
Variant 3,Medium,Performance Issue,Email,8,4,1.0,0,32,8,0,0
Variant 3,Medium,Feature Request,Email,8,5,1.0,0,40,15,0,0
Variant 3,Medium,Maintenance,Website,8,4,1.0,0,32,9,0,0
Variant 7,Medium,Bug,Email,15,8,3.0,0,120,0,0,0
Variant 10,Low,Incident,Email,6,4,1.0,1,24,1,1,0
Variant 3,Medium,Service Request,Website,8,4,1.0,0,32,3,0,0
Variant 1,Medium,Incident,Website,6,3,0.0,0,18,0,0,0
Variant 5,High,Technical Issue,Website,12,5,1.0,1,60,9,0,1
Variant 5,Low,Bug,Email,12,5,1.0,1,60,16,1,0
Variant 3,Low,Incident,Website,8,4,1.0,0,32,15,0,0
Variant 3,High,Performance Issue,Phone,8,4,1.0,0,32,12,0,1
Variant 1,High,Bug,Website,6,3,0.0,0,18,14,0,0
Variant 4,High,Bug,Email,7,4,1.0,0,28,9,0,0
Variant 10,High,Bug,Phone,6,3,1.0,1,18,22,0,0
Variant 3,Medium,Performance Issue,Email,8,4,1.0,0,32,18,0,0
Variant 3,High,Service Request,Website,8,4,1.0,0,32,0,1,0
Variant 4,Medium,Performance Issue,Website,7,3,1.0,0,21,12,0,0
Variant 3,Low,Feature Request,Website,8,5,1.0,0,40,10,0,0
Variant 1,Medium,Bug,Website,6,3,0.0,0,18,20,0,0
Variant 1,High,Incident,Website,6,3,0.0,0,18,23,0,0
Variant 6,High,Bug,App,10,5,2.0,0,50,14,0,0
Variant 1,Medium,Bug,Phone,6,3,0.0,0,18,23,0,0
Variant 1,Medium,Feature Request,Email,6,2,0.0,0,12,19,1,0
Variant 13,Medium,Performance Issue,Email,11,5,1.0,0,55,23,0,0
Variant 1,Medium,Feature Request,Website,6,2,0.0,0,12,20,0,0
Variant 3,High,Incident,Website,8,4,1.0,0,32,13,0,1
Variant 3,Low,Performance Issue,Website,8,4,1.0,0,32,0,1,0
Variant 3,Medium,Performance Issue,App,8,4,1.0,0,32,11,0,0
Variant 1,Medium,Maintenance,Email,6,3,0.0,0,18,4,0,0
Variant 7,Medium,Bug,Email,15,9,3.0,0,135,15,1,0
Variant 10,Medium,Maintenance,Website,6,4,1.0,1,24,19,0,0
Variant 1,Medium,Service Request,Website,6,3,0.0,0,18,20,0,0
Variant 1,Medium,Feature Request,Email,6,3,0.0,0,18,5,0,0
Variant 4,Medium,Performance Issue,Email,7,5,1.0,0,35,13,0,0
Variant 3,Medium,Performance Issue,Email,8,5,1.0,0,40,15,1,0
Variant 3,High,Performance Issue,Website,8,5,1.0,0,40,1,0,0
Variant 1,Medium,Technical Issue,Website,6,3,0.0,0,18,6,0,0
Variant 8,Medium,Feature Request,Website,10,3,0.0,0,30,14,0,0
Variant 1,Medium,Incident,Email,6,2,0.0,0,12,18,0,0
Variant 1,Medium,Feature Request,Website,6,3,0.0,0,18,0,0,0
Variant 12,Low,Bug,Email,6,3,0.0,0,18,18,0,0
Variant 3,Low,Maintenance,Website,8,4,1.0,0,32,10,0,0
Variant 3,Medium,Performance Issue,Email,8,4,1.0,0,32,20,0,0
Variant 1,High,Service Request,Email,6,2,0.0,0,12,8,0,0
Variant 6,High,Bug,Email,10,7,2.0,0,70,11,0,0
Variant 8,Low,Bug,Website,10,2,0.0,0,20,17,0,0
Variant 1,Medium,Bug,Website,6,2,0.0,0,12,19,1,0
Variant 1,Medium,Technical Issue,Email,6,2,0.0,0,12,20,0,0
Variant 3,Medium,Performance Issue,Website,8,5,1.0,0,40,22,0,0
Variant 3,Medium,Performance Issue,Website,8,6,1.0,0,48,19,0,0
Variant 2,Medium,Feature Request,Website,4,3,0.0,1,12,1,0,0
Variant 3,Low,Feature Request,Email,8,6,1.0,0,48,12,1,0
Variant 3,Medium,Performance Issue,Website,8,4,1.0,0,32,15,0,0
Variant 9,Low,Feature Request,Website,10,5,1.0,0,50,5,0,0
Variant 3,High,Performance Issue,Website,8,4,1.0,0,32,8,0,0
Variant 7,High,Bug,Website,15,7,3.0,0,105,22,1,1
Variant 2,High,Feature Request,App,4,3,0.0,1,12,13,0,0
Variant 3,High,Feature Request,Email,8,3,1.0,0,24,0,1,0
Variant 3,Medium,Feature Request,Email,8,4,1.0,0,32,4,1,0
Variant 4,Low,Bug,Website,7,4,1.0,0,28,8,0,0
Variant 6,Medium,Incident,Email,10,6,2.0,0,60,14,1,0
Variant 9,Medium,Bug,Email,10,4,1.0,0,40,3,0,0
Variant 1,Low,Service Request,Website,6,3,0.0,0,18,14,0,0
Variant 12,High,Bug,Email,6,3,0.0,0,18,14,1,0
Variant 1,Medium,Bug,Email,6,3,0.0,0,18,0,0,0
Variant 3,High,Performance Issue,Email,8,5,1.0,0,40,4,0,0
Variant 3,Medium,Performance Issue,Website,8,5,1.0,0,40,0,0,0
Variant 4,Medium,Bug,Website,7,5,1.0,0,35,16,0,0
Variant 3,High,Feature Request,App,8,3,1.0,0,24,10,1,0
Variant 3,Low,Performance Issue,Website,8,4,1.0,0,32,4,1,0
Variant 10,Medium,Incident,Website,6,4,1.0,1,24,15,0,0
Variant 3,Medium,Incident,Email,8,5,1.0,0,40,10,1,0
Variant 4,Medium,Performance Issue,Email,7,4,1.0,0,28,10,0,0
Variant 9,Medium,Bug,Website,10,5,1.0,0,50,3,0,0
Variant 1,Medium,Feature Request,Website,6,3,0.0,0,18,22,1,0
Variant 4,Low,Feature Request,Website,7,4,1.0,0,28,15,0,0
Variant 1,Medium,Feature Request,Website,6,2,0.0,0,12,20,0,0
Variant 3,Medium,Performance Issue,Website,8,5,1.0,0,40,8,0,0
Variant 3,High,Performance Issue,Website,8,4,1.0,0,32,3,1,0
Variant 3,Medium,Performance Issue,Email,8,4,1.0,0,32,11,0,0
Variant 4,Medium,Performance Issue,Website,7,5,1.0,0,35,23,0,0
Variant 4,Low,Incident,Website,7,3,1.0,0,21,14,1,0
Variant 1,Low,Incident,Email,6,2,0.0,0,12,17,0,0
Variant 2,Low,Feature Request,Email,4,2,0.0,1,8,20,0,0
Variant 1,Medium,Performance Issue,Website,6,3,0.0,0,18,9,1,0
Variant 3,High,Technical Issue,Email,8,4,1.0,0,32,2,0,0
Variant 4,Low,Feature Request,Website,7,4,1.0,0,28,16,0,0
Variant 3,Low,Service Request,Website,8,4,1.0,0,32,17,0,0
Variant 1,Medium,Service Request,Website,6,3,0.0,0,18,13,1,0
Variant 3,Low,Performance Issue,App,8,5,1.0,0,40,22,0,0
Variant 1,Medium,Bug,Website,6,3,0.0,0,18,1,0,0
Variant 1,High,Feature Request,Website,6,3,0.0,0,18,1,0,0
Variant 1,Medium,Bug,Email,6,3,0.0,0,18,13,1,0
Variant 4,High,Maintenance,Email,7,6,1.0,0,42,2,0,0
Variant 3,Low,Feature Request,Email,8,3,1.0,0,24,21,0,0
Variant 3,Low,Feature Request,Website,8,4,1.0,0,32,19,1,0
Variant 1,Medium,Service Request,Email,6,3,0.0,0,18,21,0,0
Variant 1,Medium,Feature Request,Website,6,3,0.0,0,18,8,1,0
Variant 1,Medium,Feature Request,Website,6,3,0.0,0,18,13,0,0
Variant 3,Low,Performance Issue,Email,8,4,1.0,0,32,9,1,0
Variant 12,Medium,Bug,Website,6,3,0.0,0,18,15,0,0
Variant 3,Low,Performance Issue,Email,8,6,1.0,0,48,11,0,0
Variant 6,High,Service Request,Email,10,7,2.0,0,70,8,0,1
Variant 9,High,Bug,Email,10,3,1.0,0,30,13,1,1
Variant 1,High,Technical Issue,Email,6,3,0.0,0,18,19,1,0
Variant 3,High,Performance Issue,App,8,4,1.0,0,32,15,0,0
Variant 3,Medium,Feature Request,Website,8,4,1.0,0,32,15,0,0
Variant 7,High,Bug,Website,15,8,3.0,0,120,17,0,1
Variant 3,Low,Performance Issue,Website,8,5,1.0,0,40,5,1,0
Variant 3,Medium,Performance Issue,Email,8,5,1.0,0,40,19,0,0
Variant 3,Medium,Performance Issue,Email,8,4,1.0,0,32,17,1,0
Variant 1,Medium,Bug,Website,6,3,0.0,0,18,8,0,0
Variant 3,Medium,Performance Issue,Email,8,5,1.0,0,40,18,0,0
Variant 3,Medium,Technical Issue,Website,8,4,1.0,0,32,12,1,0
Variant 3,Medium,Performance Issue,Email,8,4,1.0,0,32,2,1,0
Variant 3,Medium,Performance Issue,Website,8,5,1.0,0,40,20,1,0
Variant 3,Medium,Feature Request,Website,8,5,1.0,0,40,20,1,0
Variant 4,Low,Technical Issue,Email,7,5,1.0,0,35,21,0,0
Variant 4,High,Bug,Website,7,5,1.0,0,35,17,1,0
Variant 3,Medium,Performance Issue,Website,8,5,1.0,0,40,13,0,0
Variant 3,Medium,Technical Issue,Email,8,5,1.0,0,40,7,1,0
Variant 4,Medium,Feature Request,Website,7,5,1.0,0,35,15,0,0
Variant 5,Medium,Feature Request,Email,12,6,1.0,1,72,23,0,0
Variant 3,Medium,Incident,Website,8,4,1.0,0,32,3,0,0
Variant 5,Medium,Feature Request,Website,12,4,1.0,1,48,8,0,0
Variant 1,Low,Incident,Email,6,3,0.0,0,18,16,1,0
Variant 8,Medium,Bug,Website,10,3,0.0,0,30,7,1,0
Variant 1,Medium,Maintenance,Website,6,3,0.0,0,18,13,0,0
Variant 3,Medium,Incident,Website,8,5,1.0,0,40,20,1,0
Variant 7,Medium,Bug,Website,15,8,3.0,0,120,2,0,0
Variant 1,Medium,Service Request,Email,6,3,0.0,0,18,17,1,0
Variant 1,Low,Performance Issue,Website,6,3,0.0,0,18,4,0,0
Variant 3,Medium,Performance Issue,Email,8,6,1.0,0,48,16,0,0
Variant 1,Medium,Performance Issue,App,6,3,0.0,0,18,8,0,0
Variant 3,High,Performance Issue,Website,8,5,1.0,0,40,4,0,1
Variant 2,Medium,Service Request,Email,4,2,0.0,1,8,13,0,0
Variant 1,Low,Performance Issue,Website,6,2,0.0,0,12,15,0,0
Variant 11,Medium,Performance Issue,Website,6,2,0.0,0,12,9,1,0
Variant 3,High,Feature Request,Email,8,4,1.0,0,32,20,0,0
Variant 1,Low,Maintenance,Website,6,2,0.0,0,12,13,0,0
Variant 1,Low,Performance Issue,Email,6,2,0.0,0,12,15,0,0
Variant 3,Low,Maintenance,Email,8,4,1.0,0,32,7,1,0
Variant 5,Medium,Performance Issue,Website,12,4,1.0,1,48,5,0,0
Variant 3,High,Performance Issue,App,8,5,1.0,0,40,23,1,0
Variant 3,Low,Feature Request,Website,8,4,1.0,0,32,21,0,0
Variant 1,Medium,Bug,Website,6,2,0.0,0,12,17,0,0
Variant 10,Low,Maintenance,Email,6,4,1.0,1,24,11,0,0
Variant 12,Low,Performance Issue,Email,6,4,0.0,0,24,20,0,0
Variant 1,Low,Incident,Email,6,2,0.0,0,12,11,0,0
Variant 1,Medium,Performance Issue,Email,6,3,0.0,0,18,8,1,0
Variant 4,Low,Incident,Website,7,4,1.0,0,28,18,0,0
Variant 3,Medium,Incident,Website,8,5,1.0,0,40,3,1,0
Variant 3,Medium,Performance Issue,Email,8,5,1.0,0,40,15,0,0
Variant 3,Medium,Feature Request,Email,8,5,1.0,0,40,18,0,0
Variant 3,High,Feature Request,Website,8,4,1.0,0,32,15,0,0
Variant 8,High,Feature Request,Website,10,3,0.0,0,30,15,0,1
Variant 7,High,Bug,Website,15,8,3.0,0,120,7,1,1
Variant 9,Medium,Bug,Email,10,5,1.0,0,50,6,0,0
Variant 4,Low,Performance Issue,Website,7,4,1.0,0,28,2,0,0
Variant 4,Low,Feature Request,Website,7,5,1.0,0,35,1,0,0
Variant 3,Medium,Maintenance,Phone,8,4,1.0,0,32,12,0,0
Variant 1,High,Performance Issue,Website,6,2,0.0,0,12,7,0,0
Variant 7,Medium,Bug,Website,15,8,3.0,0,120,7,0,0
Variant 4,Low,Feature Request,Website,7,4,1.0,0,28,22,0,0
Variant 1,Medium,Bug,Website,6,3,0.0,0,18,6,0,0
Variant 1,Medium,Feature Request,Website,6,2,0.0,0,12,16,0,0
Variant 3,High,Feature Request,Website,8,4,1.0,0,32,16,0,0
Variant 1,Medium,Bug,Website,6,2,0.0,0,12,1,0,0
Variant 1,High,Incident,Website,6,3,0.0,0,18,13,0,0
Variant 3,Medium,Incident,Email,8,5,1.0,0,40,22,0,0
Variant 3,High,Technical Issue,Website,8,5,1.0,0,40,5,1,0
Variant 3,Medium,Performance Issue,Website,8,5,1.0,0,40,17,0,0
Variant 1,Low,Feature Request,Website,6,3,0.0,0,18,2,0,0
Variant 3,High,Performance Issue,Email,8,5,1.0,0,40,19,1,0
Variant 3,Low,Service Request,Website,8,4,1.0,0,32,13,1,0
Variant 1,Medium,Maintenance,Website,6,2,0.0,0,12,20,0,0
Variant 4,Medium,Service Request,Website,7,5,1.0,0,35,15,0,0
Variant 1,Medium,Incident,App,6,3,0.0,0,18,9,0,0
Variant 3,High,Incident,Website,8,4,1.0,0,32,10,1,0
Variant 5,High,Bug,Phone,12,6,1.0,1,72,10,1,1
Variant 3,Low,Performance Issue,Email,8,5,1.0,0,40,20,1,0
Variant 3,Medium,Performance Issue,Email,8,4,1.0,0,32,3,0,0
Variant 3,High,Performance Issue,Email,8,4,1.0,0,32,11,1,1
Variant 3,Low,Service Request,App,8,5,1.0,0,40,22,0,0
Variant 1,High,Performance Issue,Website,6,2,0.0,0,12,12,0,0
Variant 2,Medium,Incident,App,4,2,0.0,1,8,18,1,0
Variant 3,Low,Service Request,Website,8,4,1.0,0,32,9,0,0
Variant 3,Medium,Performance Issue,Email,8,5,1.0,0,40,17,1,0
Variant 13,High,Bug,Email,11,6,1.0,0,66,17,1,1
Variant 3,Low,Feature Request,Website,8,6,1.0,0,48,6,0,0
Variant 1,High,Service Request,App,6,3,0.0,0,18,5,0,0
Variant 4,Low,Bug,Website,7,4,1.0,0,28,15,0,0
Variant 3,Medium,Service Request,Website,8,4,1.0,0,32,18,0,0
Variant 1,High,Performance Issue,Website,6,3,0.0,0,18,12,0,0
Variant 1,Medium,Technical Issue,Website,6,2,0.0,0,12,18,0,0
Variant 3,Low,Incident,Email,8,4,1.0,0,32,12,0,0
Variant 1,Low,Bug,Email,6,3,0.0,0,18,15,0,0
Variant 3,High,Performance Issue,Website,8,4,1.0,0,32,22,0,0
Variant 1,Low,Bug,Website,6,2,0.0,0,12,1,1,0
Variant 3,Medium,Performance Issue,Website,8,4,1.0,0,32,15,1,0
Variant 1,Low,Incident,Website,6,3,0.0,0,18,13,1,0
Variant 3,Medium,Incident,Website,8,5,1.0,0,40,17,0,0
Variant 1,Low,Service Request,Website,6,3,0.0,0,18,4,1,0
Variant 3,High,Maintenance,Email,8,5,1.0,0,40,2,1,0
Variant 3,Medium,Service Request,Email,8,4,1.0,0,32,0,0,0
Variant 1,Medium,Performance Issue,Website,6,3,0.0,0,18,15,0,0
Variant 1,Low,Bug,Website,6,3,0.0,0,18,15,0,0
Variant 4,Low,Feature Request,Email,7,6,1.0,0,42,4,0,0
Variant 1,Low,Bug,Email,6,3,0.0,0,18,8,0,0
Variant 1,Medium,Incident,Website,6,3,0.0,0,18,18,0,0
Variant 1,Low,Bug,Website,6,3,0.0,0,18,8,1,0
Variant 3,High,Performance Issue,Email,8,4,1.0,0,32,22,0,0
Variant 3,Medium,Service Request,Website,8,4,1.0,0,32,9,1,0
Variant 5,Medium,Feature Request,Website,12,4,1.0,1,48,17,0,0
Variant 7,Medium,Bug,Email,15,7,3.0,0,105,16,1,0
Variant 3,Low,Feature Request,Website,8,5,1.0,0,40,17,0,0
Variant 3,Medium,Performance Issue,Website,8,4,1.0,0,32,2,0,0
Variant 7,Medium,Bug,Email,15,7,3.0,0,105,16,0,0
Variant 2,Medium,Service Request,Website,4,3,0.0,1,12,7,0,0
Variant 8,Medium,Feature Request,Email,10,3,0.0,0,30,19,1,0
Variant 3,Low,Performance Issue,Website,8,4,1.0,0,32,19,0,0
Variant 9,Medium,Maintenance,Email,10,5,1.0,0,50,19,0,0
Variant 3,Medium,Feature Request,Email,8,5,1.0,0,40,0,0,0
Variant 4,Medium,Incident,Email,7,5,1.0,0,35,2,0,0
Variant 7,Medium,Bug,Website,15,9,3.0,0,135,8,0,0
Variant 3,Medium,Service Request,App,8,5,1.0,0,40,6,0,0
Variant 3,Medium,Performance Issue,App,8,4,1.0,0,32,6,1,0
Variant 3,High,Technical Issue,Website,8,5,1.0,0,40,2,1,0
Variant 1,High,Technical Issue,Website,6,2,0.0,0,12,16,0,0
Variant 1,High,Maintenance,Website,6,3,0.0,0,18,12,0,0
Variant 1,Medium,Bug,Website,6,3,0.0,0,18,18,0,0
Variant 5,Low,Bug,Website,12,5,1.0,1,60,19,0,0
Variant 5,Low,Service Request,Website,12,6,1.0,1,72,12,1,0
Variant 3,Medium,Performance Issue,Website,8,5,1.0,0,40,5,1,0
Variant 3,Medium,Performance Issue,Website,8,4,1.0,0,32,14,0,0
Variant 3,Medium,Performance Issue,Website,8,4,1.0,0,32,1,0,0
Variant 1,Low,Bug,App,6,3,0.0,0,18,14,1,0
Variant 2,High,Incident,Email,4,2,0.0,1,8,20,1,0
Variant 8,Medium,Technical Issue,Email,10,3,0.0,0,30,2,1,0
Variant 1,Medium,Bug,Website,6,3,0.0,0,18,19,1,0
Variant 3,High,Incident,Email,8,6,1.0,0,48,10,0,0
Variant 8,High,Feature Request,Website,10,3,0.0,0,30,12,0,1
Variant 3,Medium,Performance Issue,Website,8,5,1.0,0,40,20,1,0
Variant 3,Low,Incident,Website,8,3,1.0,0,24,10,1,0
Variant 1,Low,Incident,Website,6,3,0.0,0,18,19,1,0
Variant 1,Medium,Incident,Website,6,2,0.0,0,12,2,0,0
Variant 1,Low,Bug,Email,6,3,0.0,0,18,1,0,0
Variant 7,Medium,Bug,Email,15,8,3.0,0,120,11,0,1
Variant 1,Medium,Bug,Website,6,3,0.0,0,18,3,0,0
Variant 1,High,Service Request,Website,6,3,0.0,0,18,19,0,0
Variant 3,Low,Maintenance,Website,8,5,1.0,0,40,21,0,0
Variant 1,High,Feature Request,Website,6,3,0.0,0,18,5,1,0
Variant 2,Low,Feature Request,Website,4,2,0.0,1,8,10,0,0
Variant 3,Low,Feature Request,Email,8,5,1.0,0,40,19,0,0
Variant 1,Medium,Feature Request,Email,6,3,0.0,0,18,22,0,0
Variant 1,Low,Incident,Email,6,2,0.0,0,12,13,0,0
Variant 3,Medium,Performance Issue,Email,8,4,1.0,0,32,22,0,0
Variant 12,Low,Bug,Website,6,3,0.0,0,18,22,0,0
Variant 2,High,Bug,Website,4,2,0.0,1,8,16,1,0
Variant 1,High,Feature Request,Email,6,2,0.0,0,12,21,0,0
Variant 10,High,Incident,Website,6,4,1.0,1,24,10,0,0
Variant 3,Low,Service Request,Website,8,5,1.0,0,40,19,0,0
Variant 3,Medium,Service Request,Email,8,5,1.0,0,40,5,1,0
Variant 2,High,Bug,Website,4,2,0.0,1,8,5,0,0
Variant 3,Medium,Service Request,App,8,4,1.0,0,32,2,0,0
Variant 2,High,Bug,Email,4,3,0.0,1,12,13,0,0
Variant 11,Medium,Incident,Phone,6,3,0.0,0,18,22,0,0
Variant 1,Low,Performance Issue,Email,6,2,0.0,0,12,1,0,0
Variant 7,Medium,Bug,Email,15,9,3.0,0,135,7,0,1
Variant 9,Medium,Bug,Website,10,4,1.0,0,40,5,0,0
Variant 3,Medium,Performance Issue,Website,8,4,1.0,0,32,15,0,0
Variant 1,High,Feature Request,Email,6,3,0.0,0,18,10,0,0
Variant 1,Medium,Feature Request,Website,6,3,0.0,0,18,3,1,0
Variant 1,Medium,Feature Request,Website,6,2,0.0,0,12,3,0,0
Variant 1,Low,Incident,Website,6,3,0.0,0,18,2,0,0
Variant 1,Medium,Feature Request,Website,6,3,0.0,0,18,3,0,0
Variant 4,Medium,Bug,Website,7,5,1.0,0,35,16,0,0
Variant 3,Low,Performance Issue,Website,8,6,1.0,0,48,17,1,0
Variant 3,Medium,Incident,Website,8,5,1.0,0,40,12,1,0
Variant 5,Medium,Feature Request,Email,12,5,1.0,1,60,21,0,0
Variant 7,Medium,Bug,Email,15,6,3.0,0,90,15,0,0
Variant 3,Medium,Feature Request,Email,8,4,1.0,0,32,7,1,0
Variant 1,Medium,Feature Request,Email,6,3,0.0,0,18,2,0,0
Variant 12,Medium,Feature Request,Email,6,3,0.0,0,18,9,0,0
Variant 1,Medium,Technical Issue,Website,6,3,0.0,0,18,7,0,0
Variant 3,Medium,Performance Issue,Website,8,4,1.0,0,32,12,1,0
Variant 3,High,Performance Issue,Email,8,4,1.0,0,32,23,0,0
Variant 3,Low,Incident,Phone,8,5,1.0,0,40,4,0,0
Variant 3,Medium,Performance Issue,Website,8,5,1.0,0,40,0,0,0
Variant 3,Medium,Service Request,Phone,8,5,1.0,0,40,5,0,0
Variant 3,Low,Feature Request,Email,8,6,1.0,0,48,2,0,0
Variant 7,Medium,Bug,Email,15,8,3.0,0,120,0,1,0
Variant 3,Low,Performance Issue,Website,8,4,1.0,0,32,0,0,0
Variant 1,Medium,Performance Issue,Website,6,3,0.0,0,18,2,0,0
Variant 10,High,Feature Request,Email,6,4,1.0,1,24,4,1,0
Variant 3,Low,Performance Issue,Email,8,5,1.0,0,40,4,1,0
Variant 1,Low,Incident,Email,6,2,0.0,0,12,8,0,0
Variant 1,Medium,Feature Request,Website,6,3,0.0,0,18,1,0,0
Variant 3,Medium,Performance Issue,Website,8,5,1.0,0,40,18,1,0
Variant 1,Low,Bug,Website,6,3,0.0,0,18,15,1,0
Variant 1,Medium,Incident,Email,6,2,0.0,0,12,15,1,0
Variant 3,Medium,Performance Issue,Phone,8,4,1.0,0,32,7,0,0
Variant 3,Medium,Feature Request,Email,8,4,1.0,0,32,2,0,0
Variant 3,Medium,Maintenance,Website,8,5,1.0,0,40,20,0,0
Variant 3,Medium,Feature Request,Email,8,4,1.0,0,32,15,0,0
Variant 3,Medium,Incident,Website,8,4,1.0,0,32,5,0,0
Variant 2,Low,Bug,Email,4,3,0.0,1,12,17,1,0
Variant 1,Medium,Incident,Website,6,2,0.0,0,12,17,0,0
Variant 3,High,Performance Issue,Email,8,3,1.0,0,24,1,0,0
Variant 5,Medium,Service Request,Email,12,6,1.0,1,72,10,0,0
Variant 3,High,Feature Request,App,8,6,1.0,0,48,17,0,0
Variant 1,High,Service Request,Website,6,2,0.0,0,12,4,1,0
Variant 1,High,Feature Request,Email,6,3,0.0,0,18,12,1,0
Variant 3,Medium,Performance Issue,Website,8,4,1.0,0,32,13,0,0
Variant 10,Low,Feature Request,Website,6,4,1.0,1,24,10,0,0
Variant 5,Medium,Feature Request,Email,12,5,1.0,1,60,22,0,0
Variant 6,Medium,Feature Request,Website,10,4,2.0,0,40,3,1,0
Variant 2,High,Technical Issue,Email,4,2,0.0,1,8,18,0,0
Variant 1,Low,Technical Issue,Website,6,2,0.0,0,12,9,0,0
Variant 3,Low,Service Request,Email,8,4,1.0,0,32,5,0,0
Variant 1,Low,Maintenance,Website,6,2,0.0,0,12,8,0,0
Variant 1,Medium,Bug,App,6,2,0.0,0,12,14,1,0
Variant 4,Medium,Bug,Email,7,3,1.0,0,21,23,1,0
Variant 3,Low,Performance Issue,Email,8,5,1.0,0,40,14,0,0
Variant 1,Low,Maintenance,Email,6,3,0.0,0,18,4,0,0
Variant 1,Medium,Feature Request,Website,6,3,0.0,0,18,14,0,0
Variant 11,Medium,Feature Request,Website,6,3,0.0,0,18,1,1,0
Variant 11,High,Performance Issue,Email,6,3,0.0,0,18,18,0,0
Variant 13,Medium,Maintenance,Email,8,4,1.0,0,32,16,1,0
